Store,Date,Weekly_Sales,Holiday_Flag,Temperature,Fuel_Price,CPI,Unemployment,Is_Outlier,Year,Week,Month,Month_Sin,Month_Cos,Week_Sin,Week_Cos,Sales_Lag_1,Sales_Lag_52,Sales_Roll_Mean_4,Weeks_From_End
1,2011-02-04,1606629.58,0,42.27,2.989,212.5668812,7.742,False,2011,5,2,0.8660254037844386,0.5000000000000001,0.5680647467311558,0.8229838658936564,1316899.31,1643690.9,1370012.7425,91.0
1,2011-02-11,1649614.93,1,36.39,3.022,212.9367046,7.742,False,2011,6,2,0.8660254037844386,0.5000000000000001,0.6631226582407952,0.7485107481711011,1606629.58,1641957.44,1410487.0675,90.0
1,2011-02-18,1686842.78,0,57.36,3.045,213.2478853,7.742,False,2011,7,2,0.8660254037844386,0.5000000000000001,0.7485107481711011,0.6631226582407953,1649614.93,1611968.17,1475137.31,89.0
1,2011-02-25,1456800.28,0,62.9,3.065,213.535609,7.742,False,2011,8,2,0.8660254037844386,0.5000000000000001,0.8229838658936564,0.5680647467311559,1686842.78,1409727.59,1564996.65,88.0
1,2011-03-04,1636263.41,0,59.58,3.288,213.8233327,7.742,False,2011,9,3,1.0,6.123233995736766e-17,0.8854560256532099,0.4647231720437686,1456800.28,1554806.68,1599971.8924999998,87.0
1,2011-03-11,1553191.63,0,53.56,3.459,214.1110564,7.742,False,2011,10,3,1.0,6.123233995736766e-17,0.9350162426854148,0.35460488704253557,1636263.41,1439541.59,1607380.35,86.0
1,2011-03-18,1576818.06,0,62.76,3.488,214.3627114,7.742,False,2011,11,3,1.0,6.123233995736766e-17,0.970941817426052,0.23931566428755804,1553191.63,1472515.79,1583274.525,85.0
1,2011-03-25,1541102.38,0,69.97,3.473,214.5999389,7.742,False,2011,12,3,1.0,6.123233995736766e-17,0.992708874098054,0.120536680255323,1576818.06,1404429.92,1555768.3450000002,84.0
1,2011-04-01,1495064.75,0,59.17,3.524,214.8371664,7.682,False,2011,13,4,0.8660254037844387,-0.4999999999999998,1.0,-1.6081226496766364e-16,1541102.38,1594968.28,1576843.87,83.0
1,2011-04-08,1614259.35,0,67.84,3.622,215.0743939,7.682,False,2011,14,4,0.8660254037844387,-0.4999999999999998,0.992708874098054,-0.12053668025532288,1495064.75,1545418.53,1541544.205,82.0
1,2011-04-15,1559889.0,0,71.27,3.743,215.2918561,7.682,False,2011,15,4,0.8660254037844387,-0.4999999999999998,0.9709418174260521,-0.2393156642875575,1614259.35,1466058.28,1556811.135,81.0
1,2011-04-22,1564819.81,0,72.99,3.807,215.4599053,7.682,False,2011,16,4,0.8660254037844387,-0.4999999999999998,0.9350162426854148,-0.35460488704253545,1559889.0,1391256.12,1552578.87,80.0
1,2011-04-29,1455090.69,0,72.03,3.81,215.6279544,7.682,False,2011,17,4,0.8660254037844387,-0.4999999999999998,0.8854560256532099,-0.4647231720437685,1564819.81,1425100.71,1558508.2275,79.0
1,2011-05-06,1629391.28,0,64.61,3.906,215.7960035,7.682,False,2011,18,5,0.49999999999999994,-0.8660254037844387,0.8229838658936565,-0.5680647467311557,1455090.69,1603955.12,1548514.7125,78.0
1,2011-05-13,1604775.58,0,75.64,3.899,215.9640526,7.682,False,2011,19,5,0.49999999999999994,-0.8660254037844387,0.7485107481711013,-0.663122658240795,1629391.28,1494251.5,1552297.695,77.0
1,2011-05-20,1428218.27,0,67.63,3.907,215.7339202,7.682,False,2011,20,5,0.49999999999999994,-0.8660254037844387,0.6631226582407952,-0.7485107481711012,1604775.58,1399662.07,1563519.34,76.0
1,2011-05-27,1466046.67,0,77.72,3.786,215.5037878,7.682,False,2011,21,5,0.49999999999999994,-0.8660254037844387,0.5680647467311558,-0.8229838658936564,1428218.27,1432069.95,1529368.955,75.0
1,2011-06-03,1635078.41,0,83.0,3.699,215.2736553,7.682,False,2011,22,6,1.2246467991473532e-16,-1.0,0.46472317204376906,-0.8854560256532096,1466046.67,1615524.71,1532107.95,74.0
1,2011-06-10,1588948.32,0,83.13,3.648,215.0435229,7.682,False,2011,23,6,1.2246467991473532e-16,-1.0,0.35460488704253584,-0.9350162426854147,1635078.41,1542561.09,1533529.7325,73.0
1,2011-06-17,1532114.86,0,86.41,3.637,214.9980596,7.682,False,2011,24,6,1.2246467991473532e-16,-1.0,0.23931566428755768,-0.970941817426052,1588948.32,1503284.06,1529572.9175,72.0
1,2011-06-24,1438830.15,0,83.58,3.594,215.0910982,7.682,False,2011,25,6,1.2246467991473532e-16,-1.0,0.12053668025532308,-0.992708874098054,1532114.86,1422711.6,1555547.065,71.0
1,2011-07-01,1488538.09,0,85.55,3.524,215.1841368,7.962,False,2011,26,7,-0.4999999999999997,-0.8660254037844388,-3.216245299353273e-16,-1.0,1438830.15,1492418.14,1548742.935,70.0
1,2011-07-08,1534849.64,0,85.83,3.48,215.2771754,7.962,False,2011,27,7,-0.4999999999999997,-0.8660254037844388,-0.12053668025532283,-0.992708874098054,1488538.09,1546074.18,1512107.855,69.0
1,2011-07-15,1455119.97,0,88.54,3.575,215.3611087,7.962,False,2011,28,7,-0.4999999999999997,-0.8660254037844388,-0.23931566428755743,-0.9709418174260521,1534849.64,1448938.92,1498583.185,68.0
1,2011-07-22,1396926.82,0,85.77,3.651,215.4222784,7.962,False,2011,29,7,-0.4999999999999997,-0.8660254037844388,-0.3546048870425356,-0.9350162426854148,1455119.97,1385065.2,1479334.4625000001,67.0
1,2011-07-29,1352219.79,0,86.83,3.682,215.4834482,7.962,False,2011,30,7,-0.4999999999999997,-0.8660254037844388,-0.46472317204376806,-0.8854560256532101,1396926.82,1371986.6,1468858.63,66.0
1,2011-08-05,1624383.75,0,91.65,3.684,215.544618,7.962,False,2011,31,8,-0.8660254037844384,-0.5000000000000004,-0.5680647467311556,-0.8229838658936565,1352219.79,1605491.78,1434779.0550000002,65.0
1,2011-08-12,1525147.09,0,90.76,3.638,215.6057878,7.962,False,2011,32,8,-0.8660254037844384,-0.5000000000000004,-0.663122658240795,-0.7485107481711013,1624383.75,1508237.76,1457162.5825,64.0
1,2011-08-19,1530761.43,0,89.94,3.554,215.6693107,7.962,False,2011,33,8,-0.8660254037844384,-0.5000000000000004,-0.7485107481711011,-0.6631226582407952,1525147.09,1513080.49,1474669.3625,63.0
1,2011-08-26,1464693.46,0,87.96,3.523,215.7332258,7.962,False,2011,34,8,-0.8660254037844384,-0.5000000000000004,-0.8229838658936564,-0.5680647467311559,1530761.43,1449142.92,1508128.0150000001,62.0
1,2011-09-02,1550229.22,0,87.83,3.533,215.7971409,7.962,False,2011,35,9,-1.0,-1.8369701987210297e-16,-0.8854560256532096,-0.4647231720437691,1464693.46,1540163.53,1536246.4324999999,61.0
1,2011-09-09,1540471.24,1,76.0,3.546,215.861056,7.962,False,2011,36,9,-1.0,-1.8369701987210297e-16,-0.9350162426854147,-0.3546048870425359,1550229.22,1507460.69,1517707.8,60.0
1,2011-09-16,1514259.78,0,79.94,3.526,216.0410526,7.962,False,2011,37,9,-1.0,-1.8369701987210297e-16,-0.970941817426052,-0.23931566428755774,1540471.24,1430378.67,1521538.8375,59.0
1,2011-09-23,1380020.27,0,75.8,3.467,216.3758246,7.962,False,2011,38,9,-1.0,-1.8369701987210297e-16,-0.992708874098054,-0.12053668025532357,1514259.78,1351791.03,1517413.425,58.0
1,2011-09-30,1394561.83,0,79.69,3.355,216.7105965,7.962,False,2011,39,9,-1.0,-1.8369701987210297e-16,-1.0,-1.8369701987210297e-16,1380020.27,1453329.5,1496245.1275,57.0
1,2011-10-07,1630989.95,0,69.31,3.285,217.0453684,7.866,False,2011,40,10,-0.8660254037844386,0.5000000000000001,-0.992708874098054,0.1205366802553232,1394561.83,1508239.93,1457328.28,56.0
1,2011-10-14,1493525.93,0,71.74,3.274,217.3552733,7.866,False,2011,41,10,-0.8660254037844386,0.5000000000000001,-0.9709418174260521,0.23931566428755738,1630989.95,1459409.1,1479957.9575,55.0
1,2011-10-21,1502562.78,0,63.71,3.353,217.5159762,7.866,False,2011,42,10,-0.8660254037844386,0.5000000000000001,-0.9350162426854148,0.35460488704253557,1493525.93,1345454.0,1474774.4949999999,54.0
1,2011-10-28,1445249.09,0,66.57,3.372,217.6766791,7.866,False,2011,43,10,-0.8660254037844386,0.5000000000000001,-0.8854560256532101,0.464723172043768,1502562.78,1384209.22,1505410.1225,53.0
1,2011-11-04,1697229.58,0,54.98,3.332,217.837382,7.866,False,2011,44,11,-0.5000000000000004,0.8660254037844384,-0.822983865893657,0.5680647467311548,1445249.09,1551659.28,1518081.9375,52.0
1,2011-11-11,1594938.89,0,59.11,3.297,217.9980849,7.866,False,2011,45,11,-0.5000000000000004,0.8660254037844384,-0.7485107481711011,0.6631226582407952,1697229.58,1494479.49,1534641.845,51.0
1,2011-11-18,1539483.7,0,62.25,3.308,218.2205088,7.866,False,2011,46,11,-0.5000000000000004,0.8660254037844384,-0.6631226582407955,0.7485107481711007,1594938.89,1483784.18,1559995.085,50.0
1,2011-11-25,2033320.66,1,60.14,3.236,218.4676211,7.866,True,2011,47,11,-0.5000000000000004,0.8660254037844384,-0.5680647467311559,0.8229838658936564,1539483.7,1955624.11,1569225.315,49.0
1,2011-12-02,1584083.95,0,48.91,3.172,218.7147333,7.866,False,2011,48,12,-2.4492935982947064e-16,1.0,-0.4647231720437684,0.88545602565321,2033320.66,1548033.78,1716243.2075,48.0
1,2011-12-09,1799682.38,0,43.93,3.158,218.9618456,7.866,False,2011,49,12,-2.4492935982947064e-16,1.0,-0.35460488704253595,0.9350162426854147,1584083.95,1682614.26,1687956.8,47.0
1,2011-12-16,1881176.67,0,51.63,3.159,219.1794533,7.866,True,2011,50,12,-2.4492935982947064e-16,1.0,-0.2393156642875578,0.970941817426052,1799682.38,1891034.93,1739142.6725,46.0
1,2011-12-23,2270188.99,0,47.96,3.112,219.3577216,7.866,True,2011,51,12,-2.4492935982947064e-16,1.0,-0.12053668025532363,0.992708874098054,1881176.67,2387950.2,1824565.915,45.0
1,2011-12-30,1497462.72,1,44.55,3.129,219.5359898,7.866,False,2011,52,12,-2.4492935982947064e-16,1.0,6.432490598706546e-16,1.0,2270188.99,1367320.01,1883782.9975,44.0
1,2012-01-06,1550369.92,0,49.01,3.157,219.7142581,7.348,False,2012,1,1,0.49999999999999994,0.8660254037844387,0.12053668025532305,0.992708874098054,1497462.72,1444732.28,1862127.69,43.0
1,2012-01-13,1459601.17,0,48.53,3.261,219.8925263,7.348,False,2012,2,1,0.49999999999999994,0.8660254037844387,0.23931566428755774,0.970941817426052,1550369.92,1391013.96,1799799.575,42.0
1,2012-01-20,1394393.84,0,54.11,3.268,219.9856893,7.348,False,2012,3,1,0.49999999999999994,0.8660254037844387,0.3546048870425356,0.9350162426854148,1459601.17,1327405.42,1694405.7,41.0
1,2012-01-27,1319325.59,0,54.26,3.29,220.0788523,7.348,False,2012,4,1,0.49999999999999994,0.8660254037844387,0.4647231720437685,0.8854560256532099,1394393.84,1316899.31,1475456.9125,40.0
1,2012-02-03,1636339.65,0,56.55,3.36,220.1720153,7.348,False,2012,5,2,0.8660254037844386,0.5000000000000001,0.5680647467311558,0.8229838658936564,1319325.59,1606629.58,1430922.6300000001,39.0
1,2012-02-10,1802477.43,1,48.02,3.409,220.2651783,7.348,False,2012,6,2,0.8660254037844386,0.5000000000000001,0.6631226582407952,0.7485107481711011,1636339.65,1649614.93,1452415.0625,38.0
1,2012-02-17,1819870.0,0,45.32,3.51,220.4257586,7.348,False,2012,7,2,0.8660254037844386,0.5000000000000001,0.7485107481711011,0.6631226582407953,1802477.43,1686842.78,1538134.1275,37.0
1,2012-02-24,1539387.83,0,57.25,3.555,220.636902,7.348,False,2012,8,2,0.8660254037844386,0.5000000000000001,0.8229838658936564,0.5680647467311559,1819870.0,1456800.28,1644503.1675,36.0
1,2012-03-02,1688420.76,0,60.96,3.63,220.8480454,7.348,False,2012,9,3,1.0,6.123233995736766e-17,0.8854560256532099,0.4647231720437686,1539387.83,1636263.41,1699518.7275,35.0
1,2012-03-09,1675431.16,0,58.76,3.669,221.0591887,7.348,False,2012,10,3,1.0,6.123233995736766e-17,0.9350162426854148,0.35460488704253557,1688420.76,1553191.63,1712539.0050000001,34.0
1,2012-03-16,1677472.78,0,64.74,3.734,221.2118132,7.348,False,2012,11,3,1.0,6.123233995736766e-17,0.970941817426052,0.23931566428755804,1675431.16,1576818.06,1680777.4375,33.0
1,2012-03-23,1511068.07,0,65.93,3.787,221.2864126,7.348,False,2012,12,3,1.0,6.123233995736766e-17,0.992708874098054,0.120536680255323,1677472.78,1541102.38,1645178.1324999998,32.0
1,2012-03-30,1649604.63,0,67.61,3.845,221.3610119,7.348,False,2012,13,3,1.0,6.123233995736766e-17,1.0,-1.6081226496766364e-16,1511068.07,1495064.75,1638098.1925,31.0
1,2012-04-06,1899676.88,0,70.43,3.891,221.4356112,7.143,True,2012,14,4,0.8660254037844387,-0.4999999999999998,0.992708874098054,-0.12053668025532288,1649604.63,1614259.35,1628394.16,30.0
1,2012-04-13,1621031.7,0,69.07,3.891,221.5102105,7.143,False,2012,15,4,0.8660254037844387,-0.4999999999999998,0.9709418174260521,-0.2393156642875575,1899676.88,1559889.0,1684455.59,29.0
1,2012-04-20,1521577.87,0,66.76,3.877,221.5640737,7.143,False,2012,16,4,0.8660254037844387,-0.4999999999999998,0.9350162426854148,-0.35460488704253545,1621031.7,1564819.81,1670345.32,28.0
1,2012-04-27,1468928.37,0,67.23,3.814,221.6179368,7.143,False,2012,17,4,0.8660254037844387,-0.4999999999999998,0.8854560256532099,-0.4647231720437685,1521577.87,1455090.69,1672972.77,27.0
1,2012-05-04,1684519.99,0,75.55,3.749,221.6718,7.143,False,2012,18,5,0.49999999999999994,-0.8660254037844387,0.8229838658936565,-0.5680647467311557,1468928.37,1629391.28,1627803.705,26.0
1,2012-05-11,1611096.05,0,73.77,3.688,221.7256632,7.143,False,2012,19,5,0.49999999999999994,-0.8660254037844387,0.7485107481711013,-0.663122658240795,1684519.99,1604775.58,1574014.4825,25.0
1,2012-05-18,1595901.87,0,70.33,3.63,221.742674,7.143,False,2012,20,5,0.49999999999999994,-0.8660254037844387,0.6631226582407952,-0.7485107481711012,1611096.05,1428218.27,1571530.57,24.0
1,2012-05-25,1555444.55,0,77.22,3.561,221.744944,7.143,False,2012,21,5,0.49999999999999994,-0.8660254037844387,0.5680647467311558,-0.8229838658936564,1595901.87,1466046.67,1590111.57,23.0
1,2012-06-01,1624477.58,0,77.95,3.501,221.7472139,7.143,False,2012,22,6,1.2246467991473532e-16,-1.0,0.46472317204376906,-0.8854560256532096,1555444.55,1635078.41,1611740.615,22.0
1,2012-06-08,1697230.96,0,78.3,3.452,221.7494839,7.143,False,2012,23,6,1.2246467991473532e-16,-1.0,0.35460488704253584,-0.9350162426854147,1624477.58,1588948.32,1596730.0125000002,21.0
1,2012-06-15,1630607.0,0,79.35,3.393,221.7626421,7.143,False,2012,24,6,1.2246467991473532e-16,-1.0,0.23931566428755768,-0.970941817426052,1697230.96,1532114.86,1618263.74,20.0
1,2012-06-22,1527845.81,0,78.39,3.346,221.8030211,7.143,False,2012,25,6,1.2246467991473532e-16,-1.0,0.12053668025532308,-0.992708874098054,1630607.0,1438830.15,1626940.0225,19.0
1,2012-06-29,1540421.49,0,84.88,3.286,221.8434,7.143,False,2012,26,6,1.2246467991473532e-16,-1.0,-3.216245299353273e-16,-1.0,1527845.81,1488538.09,1620040.3375,18.0
1,2012-07-06,1769854.16,0,81.57,3.227,221.8837789,6.908,False,2012,27,7,-0.4999999999999997,-0.8660254037844388,-0.12053668025532283,-0.992708874098054,1540421.49,1534849.64,1599026.315,17.0
1,2012-07-13,1527014.04,0,77.12,3.256,221.9241579,6.908,False,2012,28,7,-0.4999999999999997,-0.8660254037844388,-0.23931566428755743,-0.9709418174260521,1769854.16,1455119.97,1617182.115,16.0
1,2012-07-20,1497954.76,0,80.42,3.311,221.9327267,6.908,False,2012,29,7,-0.4999999999999997,-0.8660254037844388,-0.3546048870425356,-0.9350162426854148,1527014.04,1396926.82,1591283.875,15.0
1,2012-07-27,1439123.71,0,82.66,3.407,221.9412954,6.908,False,2012,30,7,-0.4999999999999997,-0.8660254037844388,-0.46472317204376806,-0.8854560256532101,1497954.76,1352219.79,1583811.1124999998,14.0
1,2012-08-03,1631135.79,0,86.11,3.417,221.9498642,6.908,False,2012,31,8,-0.8660254037844384,-0.5000000000000004,-0.5680647467311556,-0.8229838658936565,1439123.71,1624383.75,1558486.6675,13.0
1,2012-08-10,1592409.97,0,85.05,3.494,221.9584329,6.908,False,2012,32,8,-0.8660254037844384,-0.5000000000000004,-0.663122658240795,-0.7485107481711013,1631135.79,1525147.09,1523807.075,12.0
1,2012-08-17,1597868.05,0,84.85,3.571,222.0384109,6.908,False,2012,33,8,-0.8660254037844384,-0.5000000000000004,-0.7485107481711011,-0.6631226582407952,1592409.97,1530761.43,1540156.0575,11.0
1,2012-08-24,1494122.38,0,77.66,3.62,222.1719457,6.908,False,2012,34,8,-0.8660254037844384,-0.5000000000000004,-0.8229838658936564,-0.5680647467311559,1597868.05,1464693.46,1565134.3800000001,10.0
1,2012-08-31,1582083.4,0,80.49,3.638,222.3054805,6.908,False,2012,35,8,-0.8660254037844384,-0.5000000000000004,-0.8854560256532096,-0.4647231720437691,1494122.38,1550229.22,1578884.0475,9.0
1,2012-09-07,1661767.33,1,83.96,3.73,222.4390153,6.908,False,2012,36,9,-1.0,-1.8369701987210297e-16,-0.9350162426854147,-0.3546048870425359,1582083.4,1540471.24,1566620.95,8.0
1,2012-09-14,1517428.87,0,74.97,3.717,222.5820193,6.908,False,2012,37,9,-1.0,-1.8369701987210297e-16,-0.970941817426052,-0.23931566428755774,1661767.33,1514259.78,1583960.29,7.0
1,2012-09-21,1506126.06,0,69.87,3.721,222.7818386,6.908,False,2012,38,9,-1.0,-1.8369701987210297e-16,-0.992708874098054,-0.12053668025532357,1517428.87,1380020.27,1563850.4949999999,6.0
1,2012-09-28,1437059.26,0,76.08,3.666,222.9816579,6.908,False,2012,39,9,-1.0,-1.8369701987210297e-16,-1.0,-1.8369701987210297e-16,1506126.06,1394561.83,1566851.415,5.0
1,2012-10-05,1670785.97,0,68.55,3.617,223.1814772,6.573,False,2012,40,10,-0.8660254037844386,0.5000000000000001,-0.992708874098054,0.1205366802553232,1437059.26,1630989.95,1530595.3800000001,4.0
1,2012-10-12,1573072.81,0,62.99,3.601,223.3812965,6.573,False,2012,41,10,-0.8660254037844386,0.5000000000000001,-0.9709418174260521,0.23931566428755738,1670785.97,1493525.93,1532850.04,3.0
1,2012-10-19,1508068.77,0,67.97,3.594,223.4257233,6.573,False,2012,42,10,-0.8660254037844386,0.5000000000000001,-0.9350162426854148,0.35460488704253557,1573072.81,1502562.78,1546761.0250000001,2.0
1,2012-10-26,1493659.74,0,69.16,3.506,223.4442513,6.573,False,2012,43,10,-0.8660254037844386,0.5000000000000001,-0.8854560256532101,0.464723172043768,1508068.77,1445249.09,1547246.7025,1.0
2,2011-02-04,1929346.23,0,38.25,2.989,212.2240646,8.028,False,2011,5,2,0.8660254037844386,0.5000000000000001,0.5680647467311558,0.8229838658936564,1695371.68,2136989.46,1737250.2374999998,91.0
2,2011-02-11,2168041.61,1,33.19,3.022,212.5928624,8.028,False,2011,6,2,0.8660254037844386,0.5000000000000001,0.6631226582407952,0.7485107481711011,1929346.23,2137809.5,1780074.0975,90.0
2,2011-02-18,2080884.82,0,57.83,3.045,212.9033115,8.028,False,2011,7,2,0.8660254037844386,0.5000000000000001,0.7485107481711011,0.6631226582407953,2168041.61,2124451.54,1886036.105,89.0
2,2011-02-25,1833511.08,0,60.8,3.065,213.190421,8.028,False,2011,8,2,0.8660254037844386,0.5000000000000001,0.8229838658936564,0.5680647467311559,2080884.82,1865097.27,1968411.085,88.0
2,2011-03-04,1981607.78,0,57.77,3.288,213.4775305,8.028,False,2011,9,3,1.0,6.123233995736766e-17,0.8854560256532099,0.4647231720437686,1833511.08,1991013.13,2002945.935,87.0
2,2011-03-11,1879107.31,0,52.7,3.459,213.7646401,8.028,False,2011,10,3,1.0,6.123233995736766e-17,0.9350162426854148,0.35460488704253557,1981607.78,1990483.78,2016011.3225,86.0
2,2011-03-18,1902557.66,0,62.32,3.488,214.0156238,8.028,False,2011,11,3,1.0,6.123233995736766e-17,0.970941817426052,0.23931566428755804,1879107.31,1946070.88,1943777.7475,85.0
2,2011-03-25,1766162.05,0,69.42,3.473,214.2521573,8.028,False,2011,12,3,1.0,6.123233995736766e-17,0.992708874098054,0.120536680255323,1902557.66,1750197.81,1899195.9575,84.0
2,2011-04-01,1800171.36,0,55.43,3.524,214.4886908,7.931,False,2011,13,4,0.8660254037844387,-0.4999999999999998,1.0,-1.6081226496766364e-16,1766162.05,2066187.72,1882358.7000000002,83.0
2,2011-04-08,1847552.61,0,67.0,3.622,214.7252242,7.931,False,2011,14,4,0.8660254037844387,-0.4999999999999998,0.992708874098054,-0.12053668025532288,1800171.36,1954689.21,1836999.595,82.0
2,2011-04-15,1856467.84,0,69.48,3.743,214.9420631,7.931,False,2011,15,4,0.8660254037844387,-0.4999999999999998,0.9709418174260521,-0.2393156642875575,1847552.61,1874957.94,1829110.9200000002,81.0
2,2011-04-22,1886339.6,0,69.39,3.807,215.1096657,7.931,False,2011,16,4,0.8660254037844387,-0.4999999999999998,0.9350162426854148,-0.35460488704253545,1856467.84,1821990.93,1817588.465,80.0
2,2011-04-29,1745545.28,0,69.21,3.81,215.2772683,7.931,False,2011,17,4,0.8660254037844387,-0.4999999999999998,0.8854560256532099,-0.4647231720437685,1886339.6,1802450.29,1847632.8525000003,79.0
2,2011-05-06,1837743.6,0,61.48,3.906,215.4448709,7.931,False,2011,18,5,0.49999999999999994,-0.8660254037844387,0.8229838658936565,-0.5680647467311557,1745545.28,2042581.71,1833976.3325,78.0
2,2011-05-13,1838513.07,0,74.61,3.899,215.6124735,7.931,False,2011,19,5,0.49999999999999994,-0.8660254037844387,0.7485107481711013,-0.663122658240795,1837743.6,1880752.36,1831524.08,77.0
2,2011-05-20,1688281.86,0,67.14,3.907,215.3834778,7.931,False,2011,20,5,0.49999999999999994,-0.8660254037844387,0.6631226582407952,-0.7485107481711012,1838513.07,1896937.1,1827035.3875000002,76.0
2,2011-05-27,1797732.56,0,76.42,3.786,215.1544822,7.931,False,2011,21,5,0.49999999999999994,-0.8660254037844387,0.5680647467311558,-0.8229838658936564,1688281.86,1957113.89,1777520.9525000001,75.0
2,2011-06-03,1933756.21,0,83.07,3.699,214.9254865,7.931,False,2011,22,6,1.2246467991473532e-16,-1.0,0.46472317204376906,-0.8854560256532096,1797732.56,2102539.93,1790567.7725000002,74.0
2,2011-06-10,1929153.16,0,83.4,3.648,214.6964908,7.931,False,2011,23,6,1.2246467991473532e-16,-1.0,0.35460488704253584,-0.9350162426854147,1933756.21,2025538.76,1814570.925,73.0
2,2011-06-17,1953771.99,0,86.53,3.637,214.6513538,7.931,False,2011,24,6,1.2246467991473532e-16,-1.0,0.23931566428755768,-0.970941817426052,1929153.16,2001636.96,1837230.9475,72.0
2,2011-06-24,1790925.8,0,85.17,3.594,214.7441108,7.931,False,2011,25,6,1.2246467991473532e-16,-1.0,0.12053668025532308,-0.992708874098054,1953771.99,1939927.09,1903603.48,71.0
2,2011-07-01,1866243.0,0,85.69,3.524,214.8368678,7.852,False,2011,26,7,-0.4999999999999997,-0.8660254037844388,-3.216245299353273e-16,-1.0,1790925.8,2003940.64,1901901.79,70.0
2,2011-07-08,1853161.99,0,87.7,3.48,214.9296249,7.852,False,2011,27,7,-0.4999999999999997,-0.8660254037844388,-0.12053668025532283,-0.992708874098054,1866243.0,1880902.62,1885023.4875,69.0
2,2011-07-15,1785187.29,0,89.83,3.575,215.0134426,7.852,False,2011,28,7,-0.4999999999999997,-0.8660254037844388,-0.23931566428755743,-0.9709418174260521,1853161.99,1845879.79,1866025.6949999998,68.0
2,2011-07-22,1743816.41,0,89.34,3.651,215.0749122,7.852,False,2011,29,7,-0.4999999999999997,-0.8660254037844388,-0.3546048870425356,-0.9350162426854148,1785187.29,1781717.71,1823879.52,67.0
2,2011-07-29,1680693.06,0,90.07,3.682,215.1363819,7.852,False,2011,30,7,-0.4999999999999997,-0.8660254037844388,-0.46472317204376806,-0.8854560256532101,1743816.41,1804246.16,1812102.1724999999,66.0
2,2011-08-05,1876704.26,0,93.34,3.684,215.1978515,7.852,False,2011,31,8,-0.8660254037844384,-0.5000000000000004,-0.5680647467311556,-0.8229838658936565,1680693.06,1991909.98,1765714.6875,65.0
2,2011-08-12,1812768.26,0,91.58,3.638,215.2593211,7.852,False,2011,32,8,-0.8660254037844384,-0.5000000000000004,-0.663122658240795,-0.7485107481711013,1876704.26,1895601.05,1771600.255,64.0
2,2011-08-19,1844094.59,0,89.86,3.554,215.3229307,7.852,False,2011,33,8,-0.8660254037844384,-0.5000000000000004,-0.7485107481711011,-0.6631226582407952,1812768.26,1964335.23,1778495.4975,63.0
2,2011-08-26,1821139.91,0,90.45,3.523,215.386897,7.852,False,2011,34,8,-0.8660254037844384,-0.5000000000000004,-0.8229838658936564,-0.5680647467311559,1844094.59,1863840.49,1803565.0425,62.0
2,2011-09-02,1809119.7,0,89.64,3.533,215.4508632,7.852,False,2011,35,9,-1.0,-1.8369701987210297e-16,-0.8854560256532096,-0.4647231720437691,1821139.91,1904608.09,1838676.755,61.0
2,2011-09-09,1748000.65,1,77.97,3.546,215.5148295,7.852,False,2011,36,9,-1.0,-1.8369701987210297e-16,-0.9350162426854147,-0.3546048870425359,1809119.7,1839128.83,1821780.615,60.0
2,2011-09-16,1691439.52,0,78.85,3.526,215.6944378,7.852,False,2011,37,9,-1.0,-1.8369701987210297e-16,-0.970941817426052,-0.23931566428755774,1748000.65,1793903.6,1805588.7125,59.0
2,2011-09-23,1669299.78,0,75.58,3.467,216.0282356,7.852,False,2011,38,9,-1.0,-1.8369701987210297e-16,-0.992708874098054,-0.12053668025532357,1691439.52,1724557.22,1767424.945,58.0
2,2011-09-30,1650394.44,0,78.14,3.355,216.3620333,7.852,False,2011,39,9,-1.0,-1.8369701987210297e-16,-1.0,-1.8369701987210297e-16,1669299.78,1827440.43,1729464.9125,57.0
2,2011-10-07,1837553.43,0,69.92,3.285,216.6958311,7.441,False,2011,40,10,-0.8660254037844386,0.5000000000000001,-0.992708874098054,0.1205366802553232,1650394.44,1849921.44,1689783.5975,56.0
2,2011-10-14,1743882.19,0,71.67,3.274,217.0048261,7.441,False,2011,41,10,-0.8660254037844386,0.5000000000000001,-0.9709418174260521,0.23931566428755738,1837553.43,1794355.49,1712171.7925,55.0
2,2011-10-21,1834680.25,0,64.53,3.353,217.1650042,7.441,False,2011,42,10,-0.8660254037844386,0.5000000000000001,-0.9350162426854148,0.35460488704253557,1743882.19,1737947.64,1725282.46,54.0
2,2011-10-28,1769296.25,0,65.87,3.372,217.3251824,7.441,False,2011,43,10,-0.8660254037844386,0.5000000000000001,-0.8854560256532101,0.464723172043768,1834680.25,1802755.11,1766627.5775,53.0
2,2011-11-04,1959707.9,0,55.53,3.332,217.4853605,7.441,False,2011,44,11,-0.5000000000000004,0.8660254037844384,-0.822983865893657,0.5680647467311548,1769296.25,1939061.41,1796353.03,52.0
2,2011-11-11,1920725.15,0,59.33,3.297,217.6455387,7.441,False,2011,45,11,-0.5000000000000004,0.8660254037844384,-0.7485107481711011,0.6631226582407952,1959707.9,1916812.74,1826891.6475,51.0
2,2011-11-18,1902762.5,0,62.01,3.308,217.8670218,7.441,False,2011,46,11,-0.5000000000000004,0.8660254037844384,-0.6631226582407955,0.7485107481711007,1920725.15,1956739.17,1871102.3875,50.0
2,2011-11-25,2614202.3,1,56.36,3.236,218.1130269,7.441,True,2011,47,11,-0.5000000000000004,0.8660254037844384,-0.5680647467311559,0.8229838658936564,1902762.5,2658725.29,1888122.95,49.0
2,2011-12-02,1954952.0,0,48.74,3.172,218.3590319,7.441,False,2011,48,12,-2.4492935982947064e-16,1.0,-0.4647231720437684,0.88545602565321,2614202.3,2015781.27,2099349.4625,48.0
2,2011-12-09,2290549.32,0,41.76,3.158,218.605037,7.441,True,2011,49,12,-2.4492935982947064e-16,1.0,-0.35460488704253595,0.9350162426854147,1954952.0,2378726.55,2098160.4875,47.0
2,2011-12-16,2432736.52,0,50.13,3.159,218.8217928,7.441,True,2011,50,12,-2.4492935982947064e-16,1.0,-0.2393156642875578,0.970941817426052,2290549.32,2609166.75,2190616.53,46.0
2,2011-12-23,3224369.8,0,46.66,3.112,218.9995495,7.441,True,2011,51,12,-2.4492935982947064e-16,1.0,-0.12053668025532363,0.992708874098054,2432736.52,3436007.68,2323110.035,45.0
2,2011-12-30,1874226.52,1,44.57,3.129,219.1773063,7.441,False,2011,52,12,-2.4492935982947064e-16,1.0,6.432490598706546e-16,1.0,3224369.8,1750434.55,2475651.91,44.0
2,2012-01-06,1799520.14,0,46.75,3.157,219.355063,7.057,False,2012,1,1,0.49999999999999994,0.8660254037844387,0.12053668025532305,0.992708874098054,1874226.52,1758050.79,2455470.54,43.0
2,2012-01-13,1744725.48,0,45.99,3.261,219.5328198,7.057,False,2012,2,1,0.49999999999999994,0.8660254037844387,0.23931566428755774,0.970941817426052,1799520.14,1744193.58,2332713.2449999996,42.0
2,2012-01-20,1711769.11,0,51.7,3.268,219.6258417,7.057,False,2012,3,1,0.49999999999999994,0.8660254037844387,0.3546048870425356,0.9350162426854148,1744725.48,1751384.9,2160710.485,41.0
2,2012-01-27,1660906.14,0,50.5,3.29,219.7188636,7.057,False,2012,4,1,0.49999999999999994,0.8660254037844387,0.4647231720437685,0.8854560256532099,1711769.11,1695371.68,1782560.3125,40.0
2,2012-02-03,1935299.94,0,55.21,3.36,219.8118854,7.057,False,2012,5,2,0.8660254037844386,0.5000000000000001,0.5680647467311558,0.8229838658936564,1660906.14,1929346.23,1729230.2175,39.0
2,2012-02-10,2103322.68,1,46.98,3.409,219.9049073,7.057,False,2012,6,2,0.8660254037844386,0.5000000000000001,0.6631226582407952,0.7485107481711011,1935299.94,2168041.61,1763175.1675,38.0
2,2012-02-17,2196688.46,0,43.82,3.51,220.0651993,7.057,True,2012,7,2,0.8660254037844386,0.5000000000000001,0.7485107481711011,0.6631226582407953,2103322.68,2080884.82,1852824.4675,37.0
2,2012-02-24,1861802.7,0,54.63,3.555,220.275944,7.057,False,2012,8,2,0.8660254037844386,0.5000000000000001,0.8229838658936564,0.5680647467311559,2196688.46,1833511.08,1974054.305,36.0
2,2012-03-02,1952555.66,0,58.79,3.63,220.4866886,7.057,False,2012,9,3,1.0,6.123233995736766e-17,0.8854560256532099,0.4647231720437686,1861802.7,1981607.78,2024278.445,35.0
2,2012-03-09,1937628.26,0,57.11,3.669,220.6974332,7.057,False,2012,10,3,1.0,6.123233995736766e-17,0.9350162426854148,0.35460488704253557,1952555.66,1879107.31,2028592.375,34.0
2,2012-03-16,1976082.13,0,63.68,3.734,220.8498468,7.057,False,2012,11,3,1.0,6.123233995736766e-17,0.970941817426052,0.23931566428755804,1937628.26,1902557.66,1987168.77,33.0
2,2012-03-23,1790439.16,0,64.01,3.787,220.9244858,7.057,False,2012,12,3,1.0,6.123233995736766e-17,0.992708874098054,0.120536680255323,1976082.13,1766162.05,1932017.1875,32.0
2,2012-03-30,1857480.84,0,66.83,3.845,220.9991248,7.057,False,2012,13,3,1.0,6.123233995736766e-17,1.0,-1.6081226496766364e-16,1790439.16,1800171.36,1914176.3024999998,31.0
2,2012-04-06,2129035.91,0,68.43,3.891,221.0737638,6.891,False,2012,14,4,0.8660254037844387,-0.4999999999999998,0.992708874098054,-0.12053668025532288,1857480.84,1847552.61,1890407.5975,30.0
2,2012-04-13,1935869.1,0,68.08,3.891,221.1484028,6.891,False,2012,15,4,0.8660254037844387,-0.4999999999999998,0.9709418174260521,-0.2393156642875575,2129035.91,1856467.84,1938259.51,29.0
2,2012-04-20,1847344.45,0,65.69,3.877,221.2021074,6.891,False,2012,16,4,0.8660254037844387,-0.4999999999999998,0.9350162426854148,-0.35460488704253545,1935869.1,1886339.6,1928206.2525,28.0
2,2012-04-27,1764133.09,0,67.2,3.814,221.255812,6.891,False,2012,17,4,0.8660254037844387,-0.4999999999999998,0.8854560256532099,-0.4647231720437685,1847344.45,1745545.28,1942432.575,27.0
2,2012-05-04,1923957.09,0,76.73,3.749,221.3095166,6.891,False,2012,18,5,0.49999999999999994,-0.8660254037844387,0.8229838658936565,-0.5680647467311557,1764133.09,1837743.6,1919095.6375000002,26.0
2,2012-05-11,1917520.99,0,73.87,3.688,221.3632212,6.891,False,2012,19,5,0.49999999999999994,-0.8660254037844387,0.7485107481711013,-0.663122658240795,1923957.09,1838513.07,1867825.9325,25.0
2,2012-05-18,2000940.67,0,71.27,3.63,221.380331,6.891,False,2012,20,5,0.49999999999999994,-0.8660254037844387,0.6631226582407952,-0.7485107481711012,1917520.99,1688281.86,1863238.9050000003,24.0
2,2012-05-25,1912791.09,0,78.19,3.561,221.3828029,6.891,False,2012,21,5,0.49999999999999994,-0.8660254037844387,0.5680647467311558,-0.8229838658936564,2000940.67,1797732.56,1901637.96,23.0
2,2012-06-01,1910092.37,0,78.38,3.501,221.3852748,6.891,False,2012,22,6,1.2246467991473532e-16,-1.0,0.46472317204376906,-0.8854560256532096,1912791.09,1933756.21,1938802.4600000002,22.0
2,2012-06-08,2010216.49,0,78.69,3.452,221.3877467,6.891,False,2012,23,6,1.2246467991473532e-16,-1.0,0.35460488704253584,-0.9350162426854147,1910092.37,1929153.16,1935336.28,21.0
2,2012-06-15,1962924.3,0,80.56,3.393,221.4009901,6.891,False,2012,24,6,1.2246467991473532e-16,-1.0,0.23931566428755768,-0.970941817426052,2010216.49,1953771.99,1958510.1550000003,20.0
2,2012-06-22,1887733.21,0,81.04,3.346,221.4411622,6.891,False,2012,25,6,1.2246467991473532e-16,-1.0,0.12053668025532308,-0.992708874098054,1962924.3,1790925.8,1949006.0625000002,19.0
2,2012-06-29,1881046.12,0,86.32,3.286,221.4813343,6.891,False,2012,26,6,1.2246467991473532e-16,-1.0,-3.216245299353273e-16,-1.0,1887733.21,1866243.0,1942741.5925,18.0
2,2012-07-06,2041507.4,0,84.2,3.227,221.5215064,6.565,False,2012,27,7,-0.4999999999999997,-0.8660254037844388,-0.12053668025532283,-0.992708874098054,1881046.12,1853161.99,1935480.03,17.0
2,2012-07-13,1830075.13,0,80.17,3.256,221.5616784,6.565,False,2012,28,7,-0.4999999999999997,-0.8660254037844388,-0.23931566428755743,-0.9709418174260521,2041507.4,1785187.29,1943302.7575,16.0
2,2012-07-20,1819666.46,0,83.23,3.311,221.5701123,6.565,False,2012,29,7,-0.4999999999999997,-0.8660254037844388,-0.3546048870425356,-0.9350162426854148,1830075.13,1743816.41,1910090.4649999999,15.0
2,2012-07-27,1757923.88,0,86.37,3.407,221.5785461,6.565,False,2012,30,7,-0.4999999999999997,-0.8660254037844388,-0.46472317204376806,-0.8854560256532101,1819666.46,1680693.06,1893073.7774999999,14.0
2,2012-08-03,1946104.64,0,90.22,3.417,221.5869799,6.565,False,2012,31,8,-0.8660254037844384,-0.5000000000000004,-0.5680647467311556,-0.8229838658936565,1757923.88,1876704.26,1862293.2174999998,13.0
2,2012-08-10,1866719.96,0,88.55,3.494,221.5954138,6.565,False,2012,32,8,-0.8660254037844384,-0.5000000000000004,-0.663122658240795,-0.7485107481711013,1946104.64,1812768.26,1838442.5274999999,12.0
2,2012-08-17,1928016.01,0,84.79,3.571,221.6751459,6.565,False,2012,33,8,-0.8660254037844384,-0.5000000000000004,-0.7485107481711011,-0.6631226582407952,1866719.96,1844094.59,1847603.7349999999,11.0
2,2012-08-24,1876788.15,0,76.91,3.62,221.8083518,6.565,False,2012,34,8,-0.8660254037844384,-0.5000000000000004,-0.8229838658936564,-0.5680647467311559,1928016.01,1821139.91,1874691.1225,10.0
2,2012-08-31,1947083.3,0,82.64,3.638,221.9415576,6.565,False,2012,35,8,-0.8660254037844384,-0.5000000000000004,-0.8854560256532096,-0.4647231720437691,1876788.15,1809119.7,1904407.19,9.0
2,2012-09-07,1898777.07,1,87.65,3.73,222.0747635,6.565,False,2012,36,9,-1.0,-1.8369701987210297e-16,-0.9350162426854147,-0.3546048870425359,1947083.3,1748000.65,1904651.855,8.0
2,2012-09-14,1814806.63,0,75.88,3.717,222.2174395,6.565,False,2012,37,9,-1.0,-1.8369701987210297e-16,-0.970941817426052,-0.23931566428755774,1898777.07,1691439.52,1912666.1325,7.0
2,2012-09-21,1829415.67,0,71.09,3.721,222.4169362,6.565,False,2012,38,9,-1.0,-1.8369701987210297e-16,-0.992708874098054,-0.12053668025532357,1814806.63,1669299.78,1884363.7874999999,6.0
2,2012-09-28,1746470.56,0,79.45,3.666,222.6164329,6.565,False,2012,39,9,-1.0,-1.8369701987210297e-16,-1.0,-1.8369701987210297e-16,1829415.67,1650394.44,1872520.6675,5.0
2,2012-10-05,1998321.04,0,70.27,3.617,222.8159296,6.17,False,2012,40,10,-0.8660254037844386,0.5000000000000001,-0.992708874098054,0.1205366802553232,1746470.56,1837553.43,1822367.4825,4.0
2,2012-10-12,1900745.13,0,60.97,3.601,223.0154263,6.17,False,2012,41,10,-0.8660254037844386,0.5000000000000001,-0.9709418174260521,0.23931566428755738,1998321.04,1743882.19,1847253.475,3.0
2,2012-10-19,1847990.41,0,68.08,3.594,223.0598077,6.17,False,2012,42,10,-0.8660254037844386,0.5000000000000001,-0.9350162426854148,0.35460488704253557,1900745.13,1834680.25,1868738.1,2.0
2,2012-10-26,1834458.35,0,69.79,3.506,223.0783366,6.17,False,2012,43,10,-0.8660254037844386,0.5000000000000001,-0.8854560256532101,0.464723172043768,1847990.41,1769296.25,1873381.7850000001,1.0
3,2011-02-04,438516.53,0,45.95,2.989,215.8863367,7.551,False,2011,5,2,0.8660254037844386,0.5000000000000001,0.5680647467311558,0.8229838658936564,364866.24,461622.22,368761.345,91.0
3,2011-02-11,430526.21,1,43.57,3.022,216.2660913,7.551,False,2011,6,2,0.8660254037844386,0.5000000000000001,0.6631226582407952,0.7485107481711011,438516.53,420728.96,383830.14249999996,90.0
3,2011-02-18,432782.1,0,61.58,3.045,216.5843571,7.551,False,2011,7,2,0.8660254037844386,0.5000000000000001,0.7485107481711011,0.6631226582407953,430526.21,421642.19,396196.42000000004,89.0
3,2011-02-25,397211.19,0,67.4,3.065,216.8780275,7.551,False,2011,8,2,0.8660254037844386,0.5000000000000001,0.8229838658936564,0.5680647467311559,432782.1,407204.86,416672.76999999996,88.0
3,2011-03-04,437084.51,0,65.11,3.288,217.1716979,7.551,False,2011,9,3,1.0,6.123233995736766e-17,0.8854560256532099,0.4647231720437686,397211.19,415202.04,424759.00749999995,87.0
3,2011-03-11,404753.3,0,61.29,3.459,217.4653683,7.551,False,2011,10,3,1.0,6.123233995736766e-17,0.9350162426854148,0.35460488704253557,437084.51,384200.69,424401.00250000006,86.0
3,2011-03-18,392109.51,0,69.47,3.488,217.7235226,7.551,False,2011,11,3,1.0,6.123233995736766e-17,0.970941817426052,0.23931566428755804,404753.3,375328.59,417957.77499999997,85.0
3,2011-03-25,380683.67,0,72.94,3.473,217.9674705,7.551,False,2011,12,3,1.0,6.123233995736766e-17,0.992708874098054,0.120536680255323,392109.51,359949.27,407789.6275,84.0
3,2011-04-01,374556.08,0,68.76,3.524,218.2114184,7.574,False,2011,13,4,0.8660254037844387,-0.4999999999999998,1.0,-1.6081226496766364e-16,380683.67,423294.4,403657.74749999994,83.0
3,2011-04-08,384075.31,0,72.55,3.622,218.4553663,7.574,False,2011,14,4,0.8660254037844387,-0.4999999999999998,0.992708874098054,-0.12053668025532288,374556.08,415870.28,388025.64,82.0
3,2011-04-15,366250.69,0,75.88,3.743,218.6788642,7.574,False,2011,15,4,0.8660254037844387,-0.4999999999999998,0.9709418174260521,-0.2393156642875575,384075.31,354993.26,382856.1425,81.0
3,2011-04-22,391860.04,0,76.91,3.807,218.851237,7.574,False,2011,16,4,0.8660254037844387,-0.4999999999999998,0.9350162426854148,-0.35460488704253545,366250.69,339976.65,376391.4375,80.0
3,2011-04-29,367405.4,0,78.69,3.81,219.0236099,7.574,False,2011,17,4,0.8660254037844387,-0.4999999999999998,0.8854560256532099,-0.4647231720437685,391860.04,361248.39,379185.53,79.0
3,2011-05-06,413042.12,0,69.45,3.906,219.1959827,7.574,False,2011,18,5,0.49999999999999994,-0.8660254037844387,0.8229838658936565,-0.5680647467311557,367405.4,399323.86,377397.86,78.0
3,2011-05-13,386312.68,0,79.87,3.899,219.3683556,7.574,False,2011,19,5,0.49999999999999994,-0.8660254037844387,0.7485107481711013,-0.663122658240795,413042.12,384357.94,384639.5625,77.0
3,2011-05-20,364603.13,0,75.79,3.907,219.127216,7.574,False,2011,20,5,0.49999999999999994,-0.8660254037844387,0.6631226582407952,-0.7485107481711012,386312.68,343763.17,389655.06,76.0
3,2011-05-27,369350.6,0,84.41,3.786,218.8860765,7.574,False,2011,21,5,0.49999999999999994,-0.8660254037844387,0.5680647467311558,-0.8229838658936564,364603.13,350089.23,382840.8325,75.0
3,2011-06-03,394507.84,0,84.29,3.699,218.6449369,7.574,False,2011,22,6,1.2246467991473532e-16,-1.0,0.46472317204376906,-0.8854560256532096,369350.6,396968.8,383327.1325,74.0
3,2011-06-10,391638.75,0,84.84,3.648,218.4037974,7.574,False,2011,23,6,1.2246467991473532e-16,-1.0,0.35460488704253584,-0.9350162426854147,394507.84,355017.09,378693.5625,73.0
3,2011-06-17,403423.34,0,86.96,3.637,218.3551748,7.574,False,2011,24,6,1.2246467991473532e-16,-1.0,0.23931566428755768,-0.970941817426052,391638.75,364076.85,380025.08,72.0
3,2011-06-24,385520.71,0,84.94,3.594,218.45094,7.574,False,2011,25,6,1.2246467991473532e-16,-1.0,0.12053668025532308,-0.992708874098054,403423.34,357346.48,389730.1325,71.0
3,2011-07-01,368962.72,0,85.1,3.524,218.5467052,7.567,False,2011,26,7,-0.4999999999999997,-0.8660254037844388,-3.216245299353273e-16,-1.0,385520.71,381151.72,393772.66000000003,70.0
3,2011-07-08,395146.24,0,85.38,3.48,218.6424704,7.567,False,2011,27,7,-0.4999999999999997,-0.8660254037844388,-0.12053668025532283,-0.992708874098054,368962.72,349214.18,387386.38,69.0
3,2011-07-15,373454.33,0,87.14,3.575,218.7275216,7.567,False,2011,28,7,-0.4999999999999997,-0.8660254037844388,-0.23931566428755743,-0.9709418174260521,395146.24,352728.78,388263.2525,68.0
3,2011-07-22,360617.37,0,86.19,3.651,218.7857881,7.567,False,2011,29,7,-0.4999999999999997,-0.8660254037844388,-0.3546048870425356,-0.9350162426854148,373454.33,352864.49,380771.0,67.0
3,2011-07-29,345381.29,0,88.07,3.682,218.8440545,7.567,False,2011,30,7,-0.4999999999999997,-0.8660254037844388,-0.46472317204376806,-0.8854560256532101,360617.37,347955.05,374545.165,66.0
3,2011-08-05,409981.25,0,88.45,3.684,218.9023209,7.567,False,2011,31,8,-0.8660254037844384,-0.5000000000000004,-0.5680647467311556,-0.8229838658936565,345381.29,402635.76,368649.8075,65.0
3,2011-08-12,380376.85,0,88.88,3.638,218.9605873,7.567,False,2011,32,8,-0.8660254037844384,-0.5000000000000004,-0.663122658240795,-0.7485107481711013,409981.25,339597.38,372358.56,64.0
3,2011-08-19,379716.91,0,88.44,3.554,219.023271,7.567,False,2011,33,8,-0.8660254037844384,-0.5000000000000004,-0.7485107481711011,-0.6631226582407952,380376.85,351728.21,374089.18999999994,63.0
3,2011-08-26,366367.55,0,87.67,3.523,219.0866908,7.567,False,2011,34,8,-0.8660254037844384,-0.5000000000000004,-0.8229838658936564,-0.5680647467311559,379716.91,362134.09,378864.075,62.0
3,2011-09-02,375988.69,0,89.12,3.533,219.1501106,7.567,False,2011,35,9,-1.0,-1.8369701987210297e-16,-0.8854560256532096,-0.4647231720437691,366367.55,366473.97,384110.64,61.0
3,2011-09-09,377347.49,1,81.72,3.546,219.2135305,7.567,False,2011,36,9,-1.0,-1.8369701987210297e-16,-0.9350162426854147,-0.3546048870425359,375988.69,352260.97,375612.5,60.0
3,2011-09-16,375629.51,0,83.63,3.526,219.3972867,7.567,False,2011,37,9,-1.0,-1.8369701987210297e-16,-0.970941817426052,-0.23931566428755774,377347.49,363064.64,374855.16,59.0
3,2011-09-23,365248.94,0,80.19,3.467,219.7414914,7.567,False,2011,38,9,-1.0,-1.8369701987210297e-16,-0.992708874098054,-0.12053668025532357,375629.51,355626.87,373833.31,58.0
3,2011-09-30,368477.93,0,82.58,3.355,220.085696,7.567,False,2011,39,9,-1.0,-1.8369701987210297e-16,-1.0,-1.8369701987210297e-16,365248.94,358784.1,373553.6575,57.0
3,2011-10-07,403342.4,0,75.54,3.285,220.4299007,7.197,False,2011,40,10,-0.8660254037844386,0.5000000000000001,-0.992708874098054,0.1205366802553232,368477.93,395107.35,371675.96749999997,56.0
3,2011-10-14,368282.57,0,73.75,3.274,220.7486167,7.197,False,2011,41,10,-0.8660254037844386,0.5000000000000001,-0.9709418174260521,0.23931566428755738,403342.4,345584.39,378174.695,55.0
3,2011-10-21,394976.36,0,69.03,3.353,220.9144005,7.197,False,2011,42,10,-0.8660254037844386,0.5000000000000001,-0.9350162426854148,0.35460488704253557,368282.57,348895.98,376337.95999999996,54.0
3,2011-10-28,389540.62,0,71.04,3.372,221.0801842,7.197,False,2011,43,10,-0.8660254037844386,0.5000000000000001,-0.8854560256532101,0.464723172043768,394976.36,348591.74,383769.815,53.0
3,2011-11-04,459443.22,0,59.31,3.332,221.245968,7.197,False,2011,44,11,-0.5000000000000004,0.8660254037844384,-0.822983865893657,0.5680647467311548,389540.62,423175.56,389035.48750000005,52.0
3,2011-11-11,407764.25,0,61.7,3.297,221.4117517,7.197,False,2011,45,11,-0.5000000000000004,0.8660254037844384,-0.7485107481711011,0.6631226582407952,459443.22,386635.03,403060.6925,51.0
3,2011-11-18,398838.97,0,63.91,3.308,221.6432852,7.197,False,2011,46,11,-0.5000000000000004,0.8660254037844384,-0.6631226582407955,0.7485107481711007,407764.25,372545.32,412931.11250000005,50.0
3,2011-11-25,556925.19,1,68.0,3.236,221.9011185,7.197,True,2011,47,11,-0.5000000000000004,0.8660254037844384,-0.5680647467311559,0.8229838658936564,398838.97,565567.84,413896.765,49.0
3,2011-12-02,472511.32,0,54.97,3.172,222.1589519,7.197,False,2011,48,12,-2.4492935982947064e-16,1.0,-0.4647231720437684,0.88545602565321,556925.19,476420.77,455742.9075,48.0
3,2011-12-09,468772.8,0,49.26,3.158,222.4167852,7.197,False,2011,49,12,-2.4492935982947064e-16,1.0,-0.35460488704253595,0.9350162426854147,472511.32,467642.03,459009.9325,47.0
3,2011-12-16,510747.62,0,57.95,3.159,222.6426418,7.197,True,2011,50,12,-2.4492935982947064e-16,1.0,-0.2393156642875578,0.970941817426052,468772.8,498159.39,474262.07,46.0
3,2011-12-23,551221.21,0,53.41,3.112,222.8258628,7.197,True,2011,51,12,-2.4492935982947064e-16,1.0,-0.12053668025532363,0.992708874098054,510747.62,605990.41,502239.23250000004,45.0
3,2011-12-30,410553.88,1,48.29,3.129,223.0090839,7.197,False,2011,52,12,-2.4492935982947064e-16,1.0,6.432490598706546e-16,1.0,551221.21,382677.76,500813.23750000005,44.0
3,2012-01-06,398178.21,0,52.42,3.157,223.1923049,6.833,False,2012,1,1,0.49999999999999994,0.8660254037844387,0.12053668025532305,0.992708874098054,410553.88,378241.34,485323.8775,43.0
3,2012-01-13,367438.62,0,51.86,3.261,223.3755259,6.833,False,2012,2,1,0.49999999999999994,0.8660254037844387,0.23931566428755774,0.970941817426052,398178.21,381061.1,467675.23,42.0
3,2012-01-20,365818.61,0,56.2,3.268,223.4700552,6.833,False,2012,3,1,0.49999999999999994,0.8660254037844387,0.3546048870425356,0.9350162426854148,367438.62,350876.7,431847.98,41.0
3,2012-01-27,349518.1,0,58.06,3.29,223.5645845,6.833,False,2012,4,1,0.49999999999999994,0.8660254037844387,0.4647231720437685,0.8854560256532099,365818.61,364866.24,385497.32999999996,40.0
3,2012-02-03,424960.66,0,59.33,3.36,223.6591137,6.833,False,2012,5,2,0.8660254037844386,0.5000000000000001,0.5680647467311558,0.8229838658936564,349518.1,438516.53,370238.385,39.0
3,2012-02-10,473292.47,1,51.65,3.409,223.753643,6.833,False,2012,6,2,0.8660254037844386,0.5000000000000001,0.6631226582407952,0.7485107481711011,424960.66,430526.21,376933.9975,38.0
3,2012-02-17,475591.08,0,52.39,3.51,223.9170153,6.833,False,2012,7,2,0.8660254037844386,0.5000000000000001,0.7485107481711011,0.6631226582407953,473292.47,432782.1,403397.45999999996,37.0
3,2012-02-24,418925.47,0,60.12,3.555,224.1320199,6.833,False,2012,8,2,0.8660254037844386,0.5000000000000001,0.8229838658936564,0.5680647467311559,475591.08,397211.19,430840.5775,36.0
3,2012-03-02,469752.56,0,61.65,3.63,224.3470245,6.833,False,2012,9,3,1.0,6.123233995736766e-17,0.8854560256532099,0.4647231720437686,418925.47,437084.51,448192.42,35.0
3,2012-03-09,445162.05,0,60.71,3.669,224.5620291,6.833,False,2012,10,3,1.0,6.123233995736766e-17,0.9350162426854148,0.35460488704253557,469752.56,404753.3,459390.395,34.0
3,2012-03-16,411775.8,0,64.0,3.734,224.7166953,6.833,False,2012,11,3,1.0,6.123233995736766e-17,0.970941817426052,0.23931566428755804,445162.05,392109.51,452357.79,33.0
3,2012-03-23,413907.25,0,66.53,3.787,224.7909104,6.833,False,2012,12,3,1.0,6.123233995736766e-17,0.992708874098054,0.120536680255323,411775.8,380683.67,436403.97,32.0
3,2012-03-30,407488.84,0,69.36,3.845,224.8651254,6.833,False,2012,13,3,1.0,6.123233995736766e-17,1.0,-1.6081226496766364e-16,413907.25,374556.08,435149.415,31.0
3,2012-04-06,503232.13,0,73.01,3.891,224.9393405,6.664,True,2012,14,4,0.8660254037844387,-0.4999999999999998,0.992708874098054,-0.12053668025532288,407488.84,384075.31,419583.48500000004,30.0
3,2012-04-13,420789.74,0,72.83,3.891,225.0135556,6.664,False,2012,15,4,0.8660254037844387,-0.4999999999999998,0.9709418174260521,-0.2393156642875575,503232.13,366250.69,434101.005,29.0
3,2012-04-20,434822.13,0,72.05,3.877,225.0689541,6.664,False,2012,16,4,0.8660254037844387,-0.4999999999999998,0.9350162426854148,-0.35460488704253545,420789.74,391860.04,436354.49,28.0
3,2012-04-27,394616.11,0,73.39,3.814,225.1243526,6.664,False,2012,17,4,0.8660254037844387,-0.4999999999999998,0.8854560256532099,-0.4647231720437685,434822.13,367405.4,441583.21,27.0
3,2012-05-04,439913.57,0,79.51,3.749,225.1797511,6.664,False,2012,18,5,0.49999999999999994,-0.8660254037844387,0.8229838658936565,-0.5680647467311557,394616.11,413042.12,438365.02749999997,26.0
3,2012-05-11,431985.36,0,75.19,3.688,225.2351496,6.664,False,2012,19,5,0.49999999999999994,-0.8660254037844387,0.7485107481711013,-0.663122658240795,439913.57,386312.68,422535.3875,25.0
3,2012-05-18,418112.76,0,72.38,3.63,225.2512024,6.664,False,2012,20,5,0.49999999999999994,-0.8660254037844387,0.6631226582407952,-0.7485107481711012,431985.36,364603.13,425334.2925,24.0
3,2012-05-25,413701.29,0,78.58,3.561,225.2515168,6.664,False,2012,21,5,0.49999999999999994,-0.8660254037844387,0.5680647467311558,-0.8229838658936564,418112.76,369350.6,421156.94999999995,23.0
3,2012-06-01,432268.53,0,81.55,3.501,225.2518313,6.664,False,2012,22,6,1.2246467991473532e-16,-1.0,0.46472317204376906,-0.8854560256532096,413701.29,394507.84,425928.245,22.0
3,2012-06-08,446336.8,0,81.65,3.452,225.2521458,6.664,False,2012,23,6,1.2246467991473532e-16,-1.0,0.35460488704253584,-0.9350162426854147,432268.53,391638.75,424016.985,21.0
3,2012-06-15,442074.79,0,84.66,3.393,225.2644795,6.664,False,2012,24,6,1.2246467991473532e-16,-1.0,0.23931566428755768,-0.970941817426052,446336.8,403423.34,427604.84500000003,20.0
3,2012-06-22,419497.95,0,82.7,3.346,225.3068615,6.664,False,2012,25,6,1.2246467991473532e-16,-1.0,0.12053668025532308,-0.992708874098054,442074.79,385520.71,433595.35250000004,19.0
3,2012-06-29,422965.33,0,86.42,3.286,225.3492435,6.664,False,2012,26,6,1.2246467991473532e-16,-1.0,-3.216245299353273e-16,-1.0,419497.95,368962.72,435044.5175,18.0
3,2012-07-06,411206.5,0,83.14,3.227,225.3916254,6.334,False,2012,27,7,-0.4999999999999997,-0.8660254037844388,-0.12053668025532283,-0.992708874098054,422965.33,395146.24,432718.7175,17.0
3,2012-07-13,416913.1,0,82.28,3.256,225.4340074,6.334,False,2012,28,7,-0.4999999999999997,-0.8660254037844388,-0.23931566428755743,-0.9709418174260521,411206.5,373454.33,423936.1425,16.0
3,2012-07-20,432424.85,0,81.38,3.311,225.4438827,6.334,False,2012,29,7,-0.4999999999999997,-0.8660254037844388,-0.3546048870425356,-0.9350162426854148,416913.1,360617.37,417645.72,15.0
3,2012-07-27,389427.9,0,84.94,3.407,225.4537579,6.334,False,2012,30,7,-0.4999999999999997,-0.8660254037844388,-0.46472317204376806,-0.8854560256532101,432424.85,345381.29,420877.445,14.0
3,2012-08-03,419990.29,0,86.55,3.417,225.4636332,6.334,False,2012,31,8,-0.8660254037844384,-0.5000000000000004,-0.5680647467311556,-0.8229838658936565,389427.9,409981.25,412493.08749999997,13.0
3,2012-08-10,391811.6,0,85.85,3.494,225.4735085,6.334,False,2012,32,8,-0.8660254037844384,-0.5000000000000004,-0.663122658240795,-0.7485107481711013,419990.29,380376.85,414689.035,12.0
3,2012-08-17,394918.83,0,87.36,3.571,225.5558664,6.334,False,2012,33,8,-0.8660254037844384,-0.5000000000000004,-0.7485107481711011,-0.6631226582407952,391811.6,379716.91,408413.66000000003,11.0
3,2012-08-24,412449.67,0,83.01,3.62,225.6925864,6.334,False,2012,34,8,-0.8660254037844384,-0.5000000000000004,-0.8229838658936564,-0.5680647467311559,394918.83,366367.55,399037.15499999997,10.0
3,2012-08-31,408838.73,0,85.18,3.638,225.8293063,6.334,False,2012,35,8,-0.8660254037844384,-0.5000000000000004,-0.8854560256532096,-0.4647231720437691,412449.67,375988.69,404792.59750000003,9.0
3,2012-09-07,408229.73,1,84.99,3.73,225.9660263,6.334,False,2012,36,9,-1.0,-1.8369701987210297e-16,-0.9350162426854147,-0.3546048870425359,408838.73,377347.49,402004.7075,8.0
3,2012-09-14,407589.16,0,78.36,3.717,226.1122067,6.334,False,2012,37,9,-1.0,-1.8369701987210297e-16,-0.970941817426052,-0.23931566428755774,408229.73,375629.51,406109.24,7.0
3,2012-09-21,414392.09,0,72.78,3.721,226.3151496,6.334,False,2012,38,9,-1.0,-1.8369701987210297e-16,-0.992708874098054,-0.12053668025532357,407589.16,365248.94,409276.8225,6.0
3,2012-09-28,389813.02,0,77.46,3.666,226.5180926,6.334,False,2012,39,9,-1.0,-1.8369701987210297e-16,-1.0,-1.8369701987210297e-16,414392.09,368477.93,409762.4275,5.0
3,2012-10-05,443557.65,0,72.74,3.617,226.7210356,6.034,False,2012,40,10,-0.8660254037844386,0.5000000000000001,-0.992708874098054,0.1205366802553232,389813.02,403342.4,405006.0,4.0
3,2012-10-12,410804.39,0,70.31,3.601,226.9239785,6.034,False,2012,41,10,-0.8660254037844386,0.5000000000000001,-0.9709418174260521,0.23931566428755738,443557.65,368282.57,413837.98000000004,3.0
3,2012-10-19,424513.08,0,73.44,3.594,226.9688442,6.034,False,2012,42,10,-0.8660254037844386,0.5000000000000001,-0.9350162426854148,0.35460488704253557,410804.39,394976.36,414641.7875,2.0
3,2012-10-26,405432.7,0,74.66,3.506,226.9873637,6.034,False,2012,43,10,-0.8660254037844386,0.5000000000000001,-0.8854560256532101,0.464723172043768,424513.08,389540.62,417172.03500000003,1.0
4,2011-02-04,2119086.04,0,34.61,2.996,127.7195806,6.51,False,2011,5,2,0.8660254037844386,0.5000000000000001,0.5680647467311558,0.8229838658936564,1814240.85,2135143.87,1857153.38,91.0
4,2011-02-11,2187847.29,1,33.29,3.033,127.859129,6.51,False,2011,6,2,0.8660254037844386,0.5000000000000001,0.6631226582407952,0.7485107481711011,2119086.04,2188307.39,1921305.8225,90.0
4,2011-02-18,2316495.56,0,48.17,3.058,127.99525,6.51,False,2011,7,2,0.8660254037844386,0.5000000000000001,0.7485107481711011,0.6631226582407953,2187847.29,2049860.26,2001892.03,89.0
4,2011-02-25,2078094.69,0,49.0,3.087,128.13,6.51,False,2011,8,2,0.8660254037844386,0.5000000000000001,0.8229838658936564,0.5680647467311559,2316495.56,1925728.84,2109417.435,88.0
4,2011-03-04,2103455.75,0,46.56,3.305,128.26475,6.51,False,2011,9,3,1.0,6.123233995736766e-17,0.8854560256532099,0.4647231720437686,2078094.69,1971057.44,2175380.895,87.0
4,2011-03-11,2039818.41,0,50.93,3.461,128.3995,6.51,False,2011,10,3,1.0,6.123233995736766e-17,0.9350162426854148,0.35460488704253557,2103455.75,1894324.09,2171473.3225,86.0
4,2011-03-18,2116475.38,0,51.86,3.495,128.5121935,6.51,False,2011,11,3,1.0,6.123233995736766e-17,0.970941817426052,0.23931566428755804,2039818.41,1897429.36,2134466.1025,85.0
4,2011-03-25,1944164.32,0,59.1,3.48,128.6160645,6.51,False,2011,12,3,1.0,6.123233995736766e-17,0.992708874098054,0.120536680255323,2116475.38,1762539.3,2084461.0574999999,84.0
4,2011-04-01,1900246.47,0,56.99,3.521,128.7199355,5.946,False,2011,13,4,0.8660254037844387,-0.4999999999999998,1.0,-1.6081226496766364e-16,1944164.32,1979247.12,2050978.465,83.0
4,2011-04-08,2074953.46,0,62.61,3.605,128.8238065,5.946,False,2011,14,4,0.8660254037844387,-0.4999999999999998,0.992708874098054,-0.12053668025532288,1900246.47,1818452.72,2000176.145,82.0
4,2011-04-15,1960587.76,0,62.34,3.724,128.9107333,5.946,False,2011,15,4,0.8660254037844387,-0.4999999999999998,0.9709418174260521,-0.2393156642875575,2074953.46,1851519.69,2008959.9075,81.0
4,2011-04-22,2220600.76,0,68.8,3.781,128.9553,5.946,False,2011,16,4,0.8660254037844387,-0.4999999999999998,0.9350162426854148,-0.35460488704253545,1960587.76,1802677.9,1969988.0025,80.0
4,2011-04-29,1878167.44,0,64.22,3.781,128.9998667,5.946,False,2011,17,4,0.8660254037844387,-0.4999999999999998,0.8854560256532099,-0.4647231720437685,2220600.76,1817273.28,2039097.1124999998,79.0
4,2011-05-06,2063682.76,0,63.41,3.866,129.0444333,5.946,False,2011,18,5,0.49999999999999994,-0.8660254037844387,0.8229838658936565,-0.5680647467311557,1878167.44,2000626.14,2033577.355,78.0
4,2011-05-13,2002362.37,0,70.65,3.872,129.089,5.946,False,2011,19,5,0.49999999999999994,-0.8660254037844387,0.7485107481711013,-0.663122658240795,2063682.76,1875597.28,2030759.68,77.0
4,2011-05-20,2015563.48,0,70.49,3.881,129.0756774,5.946,False,2011,20,5,0.49999999999999994,-0.8660254037844387,0.6631226582407952,-0.7485107481711012,2002362.37,1903752.6,2041203.3325,76.0
4,2011-05-27,1986597.95,0,73.65,3.771,129.0623548,5.946,False,2011,21,5,0.49999999999999994,-0.8660254037844387,0.5680647467311558,-0.8229838658936564,2015563.48,1857533.7,1989944.0125,75.0
4,2011-06-03,2065377.15,0,78.26,3.683,129.0490323,5.946,False,2011,22,6,1.2246467991473532e-16,-1.0,0.46472317204376906,-0.8854560256532096,1986597.95,1903290.58,2017051.64,74.0
4,2011-06-10,2073951.38,0,80.05,3.64,129.0357097,5.946,False,2011,23,6,1.2246467991473532e-16,-1.0,0.35460488704253584,-0.9350162426854147,2065377.15,1870619.23,2017475.2374999998,73.0
4,2011-06-17,2141210.62,0,83.51,3.618,129.0432,5.946,False,2011,24,6,1.2246467991473532e-16,-1.0,0.23931566428755768,-0.970941817426052,2073951.38,1929736.35,2035372.4899999998,72.0
4,2011-06-24,2008344.92,0,81.85,3.57,129.0663,5.946,False,2011,25,6,1.2246467991473532e-16,-1.0,0.12053668025532308,-0.992708874098054,2141210.62,1846651.95,2066784.275,71.0
4,2011-07-01,2051533.53,0,84.54,3.504,129.0894,5.644,False,2011,26,7,-0.4999999999999997,-0.8660254037844388,-3.216245299353273e-16,-1.0,2008344.92,1881337.21,2072221.0175,70.0
4,2011-07-08,2066541.86,0,84.59,3.469,129.1125,5.644,False,2011,27,7,-0.4999999999999997,-0.8660254037844388,-0.12053668025532283,-0.992708874098054,2051533.53,1812208.22,2068760.1124999998,69.0
4,2011-07-15,2049046.95,0,83.27,3.563,129.1338387,5.644,False,2011,28,7,-0.4999999999999997,-0.8660254037844388,-0.23931566428755743,-0.9709418174260521,2066541.86,1898427.66,2066907.7325000002,68.0
4,2011-07-22,2036231.39,0,82.84,3.627,129.1507742,5.644,False,2011,29,7,-0.4999999999999997,-0.8660254037844388,-0.3546048870425356,-0.9350162426854148,2049046.95,1848426.78,2043866.8150000002,67.0
4,2011-07-29,1989674.07,0,84.36,3.659,129.1677097,5.644,False,2011,30,7,-0.4999999999999997,-0.8660254037844388,-0.46472317204376806,-0.8854560256532101,2036231.39,1796637.61,2050838.4324999999,66.0
4,2011-08-05,2160057.39,0,86.09,3.662,129.1846452,5.644,False,2011,31,8,-0.8660254037844384,-0.5000000000000004,-0.5680647467311556,-0.8229838658936565,1989674.07,1907638.58,2035373.5675000001,65.0
4,2011-08-12,2105668.74,0,82.98,3.617,129.2015806,5.644,False,2011,32,8,-0.8660254037844384,-0.5000000000000004,-0.663122658240795,-0.7485107481711013,2160057.39,2007050.75,2058752.45,64.0
4,2011-08-19,2232892.1,0,82.77,3.55,129.2405806,5.644,False,2011,33,8,-0.8660254037844384,-0.5000000000000004,-0.7485107481711011,-0.6631226582407952,2105668.74,1997181.09,2072907.8975,63.0
4,2011-08-26,1988490.21,0,81.47,3.523,129.2832581,5.644,False,2011,34,8,-0.8660254037844384,-0.5000000000000004,-0.8229838658936564,-0.5680647467311559,2232892.1,1848403.92,2122073.075,62.0
4,2011-09-02,2078420.31,0,77.99,3.533,129.3259355,5.644,False,2011,35,9,-1.0,-1.8369701987210297e-16,-0.8854560256532096,-0.4647231720437691,1988490.21,1935857.58,2121777.11,61.0
4,2011-09-09,2093139.01,1,73.34,3.554,129.3686129,5.644,False,2011,36,9,-1.0,-1.8369701987210297e-16,-0.9350162426854147,-0.3546048870425359,2078420.31,1865820.81,2101367.84,60.0
4,2011-09-16,2075577.33,0,72.76,3.532,129.4306,5.644,False,2011,37,9,-1.0,-1.8369701987210297e-16,-0.970941817426052,-0.23931566428755774,2093139.01,1899959.61,2098235.4075,59.0
4,2011-09-23,2031406.41,0,69.23,3.473,129.5183333,5.644,False,2011,38,9,-1.0,-1.8369701987210297e-16,-0.992708874098054,-0.12053668025532357,2075577.33,1810684.68,2058906.715,58.0
4,2011-09-30,1929486.63,0,72.15,3.371,129.6060667,5.644,False,2011,39,9,-1.0,-1.8369701987210297e-16,-1.0,-1.8369701987210297e-16,2031406.41,1842821.02,2069635.7650000001,57.0
4,2011-10-07,2166737.65,0,65.79,3.299,129.6938,5.143,False,2011,40,10,-0.8660254037844386,0.5000000000000001,-0.992708874098054,0.1205366802553232,1929486.63,1951494.85,2032402.345,56.0
4,2011-10-14,2074548.85,0,63.75,3.283,129.7706452,5.143,False,2011,41,10,-0.8660254037844386,0.5000000000000001,-0.9709418174260521,0.23931566428755738,2166737.65,1867345.09,2050802.005,55.0
4,2011-10-21,2207742.13,0,64.79,3.361,129.7821613,5.143,False,2011,42,10,-0.8660254037844386,0.5000000000000001,-0.9350162426854148,0.35460488704253557,2074548.85,1927610.06,2050544.885,54.0
4,2011-10-28,2151659.59,0,55.31,3.362,129.7936774,5.143,False,2011,43,10,-0.8660254037844386,0.5000000000000001,-0.8854560256532101,0.464723172043768,2207742.13,1933333.0,2094628.815,53.0
4,2011-11-04,2281217.31,0,49.86,3.322,129.8051935,5.143,False,2011,44,11,-0.5000000000000004,0.8660254037844384,-0.822983865893657,0.5680647467311548,2151659.59,2013115.79,2150172.0549999997,52.0
4,2011-11-11,2203028.96,0,47.12,3.286,129.8167097,5.143,False,2011,45,11,-0.5000000000000004,0.8660254037844384,-0.7485107481711011,0.6631226582407952,2281217.31,1999794.26,2178791.9699999997,51.0
4,2011-11-18,2243946.59,0,50.44,3.294,129.8268333,5.143,False,2011,46,11,-0.5000000000000004,0.8660254037844384,-0.6631226582407955,0.7485107481711007,2203028.96,2097809.4,2210911.9975,50.0
4,2011-11-25,3004702.33,1,47.96,3.225,129.8364,5.143,True,2011,47,11,-0.5000000000000004,0.8660254037844384,-0.5680647467311559,0.8229838658936564,2243946.59,2789469.45,2219963.1125,49.0
4,2011-12-02,2180999.26,0,38.71,3.176,129.8459667,5.143,False,2011,48,12,-2.4492935982947064e-16,1.0,-0.4647231720437684,0.88545602565321,3004702.33,2102530.17,2433223.7975,48.0
4,2011-12-09,2508955.24,0,31.64,3.153,129.8555333,5.143,False,2011,49,12,-2.4492935982947064e-16,1.0,-0.35460488704253595,0.9350162426854147,2180999.26,2302504.86,2408169.2849999997,47.0
4,2011-12-16,2771397.17,0,36.44,3.149,129.8980645,5.143,True,2011,50,12,-2.4492935982947064e-16,1.0,-0.2393156642875578,0.970941817426052,2508955.24,2740057.14,2484650.855,46.0
4,2011-12-23,3676388.98,0,35.92,3.103,129.9845484,5.143,True,2011,51,12,-2.4492935982947064e-16,1.0,-0.12053668025532363,0.992708874098054,2771397.17,3526713.39,2616513.5,45.0
4,2011-12-30,2007105.86,1,36.89,3.119,130.0710323,5.143,False,2011,52,12,-2.4492935982947064e-16,1.0,6.432490598706546e-16,1.0,3676388.98,1794868.74,2784435.1625,44.0
4,2012-01-06,2047766.07,0,38.64,3.158,130.1575161,4.607,False,2012,1,1,0.49999999999999994,0.8660254037844387,0.12053668025532305,0.992708874098054,2007105.86,1862476.27,2740961.8125,43.0
4,2012-01-13,1941676.61,0,34.41,3.263,130.244,4.607,False,2012,2,1,0.49999999999999994,0.8660254037844387,0.23931566428755774,0.970941817426052,2047766.07,1865502.46,2625664.52,42.0
4,2012-01-20,2005097.76,0,42.09,3.273,130.2792258,4.607,False,2012,3,1,0.49999999999999994,0.8660254037844387,0.3546048870425356,0.9350162426854148,1941676.61,1886393.94,2418234.3800000004,41.0
4,2012-01-27,1928720.51,0,40.31,3.29,130.3144516,4.607,False,2012,4,1,0.49999999999999994,0.8660254037844387,0.4647231720437685,0.8854560256532099,2005097.76,1814240.85,2000411.5750000002,40.0
4,2012-02-03,2173373.91,0,41.81,3.354,130.3496774,4.607,False,2012,5,2,0.8660254037844386,0.5000000000000001,0.5680647467311558,0.8229838658936564,1928720.51,2119086.04,1980815.2375,39.0
4,2012-02-10,2374660.64,1,33.0,3.411,130.3849032,4.607,False,2012,6,2,0.8660254037844386,0.5000000000000001,0.6631226582407952,0.7485107481711011,2173373.91,2187847.29,2012217.1975000002,38.0
4,2012-02-17,2427640.17,0,34.19,3.493,130.4546207,4.607,False,2012,7,2,0.8660254037844386,0.5000000000000001,0.7485107481711011,0.6631226582407953,2374660.64,2316495.56,2120463.205,37.0
4,2012-02-24,2226662.17,0,41.31,3.541,130.5502069,4.607,False,2012,8,2,0.8660254037844386,0.5000000000000001,0.8229838658936564,0.5680647467311559,2427640.17,2078094.69,2226098.8075,36.0
4,2012-03-02,2206319.9,0,50.38,3.619,130.6457931,4.607,False,2012,9,3,1.0,6.123233995736766e-17,0.8854560256532099,0.4647231720437686,2226662.17,2103455.75,2300584.2225,35.0
4,2012-03-09,2202450.81,0,53.63,3.667,130.7413793,4.607,False,2012,10,3,1.0,6.123233995736766e-17,0.9350162426854148,0.35460488704253557,2206319.9,2039818.41,2308820.7199999997,34.0
4,2012-03-16,2214967.44,0,59.81,3.707,130.8261935,4.607,False,2012,11,3,1.0,6.123233995736766e-17,0.970941817426052,0.23931566428755804,2202450.81,2116475.38,2265768.2624999997,33.0
4,2012-03-23,2091592.54,0,59.07,3.759,130.8966452,4.607,False,2012,12,3,1.0,6.123233995736766e-17,0.992708874098054,0.120536680255323,2214967.44,1944164.32,2212600.08,32.0
4,2012-03-30,2089381.77,0,72.63,3.82,130.9670968,4.607,False,2012,13,3,1.0,6.123233995736766e-17,1.0,-1.6081226496766364e-16,2091592.54,1900246.47,2178832.6725,31.0
4,2012-04-06,2470206.13,0,67.69,3.864,131.0375484,4.308,False,2012,14,4,0.8660254037844387,-0.4999999999999998,0.992708874098054,-0.12053668025532288,2089381.77,2074953.46,2149598.14,30.0
4,2012-04-13,2105301.39,0,68.69,3.881,131.108,4.308,False,2012,15,4,0.8660254037844387,-0.4999999999999998,0.9709418174260521,-0.2393156642875575,2470206.13,1960587.76,2216536.9699999997,29.0
4,2012-04-20,2144336.89,0,68.6,3.864,131.1173333,4.308,False,2012,16,4,0.8660254037844387,-0.4999999999999998,0.9350162426854148,-0.35460488704253545,2105301.39,2220600.76,2189120.4575,28.0
4,2012-04-27,2064065.66,0,76.47,3.81,131.1266667,4.308,False,2012,17,4,0.8660254037844387,-0.4999999999999998,0.8854560256532099,-0.4647231720437685,2144336.89,1878167.44,2202306.545,27.0
4,2012-05-04,2196968.33,0,80.14,3.747,131.136,4.308,False,2012,18,5,0.49999999999999994,-0.8660254037844387,0.8229838658936565,-0.5680647467311557,2064065.66,2063682.76,2195977.5175,26.0
4,2012-05-11,2127661.17,0,67.64,3.685,131.1453333,4.308,False,2012,19,5,0.49999999999999994,-0.8660254037844387,0.7485107481711013,-0.663122658240795,2196968.33,2002362.37,2127668.0675,25.0
4,2012-05-18,2207214.81,0,68.43,3.62,131.0983226,4.308,False,2012,20,5,0.49999999999999994,-0.8660254037844387,0.6631226582407952,-0.7485107481711012,2127661.17,2015563.48,2133258.0125,24.0
4,2012-05-25,2154137.67,0,77.47,3.551,131.0287742,4.308,False,2012,21,5,0.49999999999999994,-0.8660254037844387,0.5680647467311558,-0.8229838658936564,2207214.81,1986597.95,2148977.4924999997,23.0
4,2012-06-01,2179360.94,0,77.41,3.483,130.9592258,4.308,False,2012,22,6,1.2246467991473532e-16,-1.0,0.46472317204376906,-0.8854560256532096,2154137.67,2065377.15,2171495.495,22.0
4,2012-06-08,2245257.18,0,78.11,3.433,130.8896774,4.308,False,2012,23,6,1.2246467991473532e-16,-1.0,0.35460488704253584,-0.9350162426854147,2179360.94,2073951.38,2167093.6475,21.0
4,2012-06-15,2234190.93,0,80.94,3.372,130.8295333,4.308,False,2012,24,6,1.2246467991473532e-16,-1.0,0.23931566428755768,-0.970941817426052,2245257.18,2141210.62,2196492.65,20.0
4,2012-06-22,2197299.65,0,81.63,3.329,130.7929,4.308,False,2012,25,6,1.2246467991473532e-16,-1.0,0.12053668025532308,-0.992708874098054,2234190.93,2008344.92,2203236.6799999997,19.0
4,2012-06-29,2128362.92,0,84.23,3.257,130.7562667,4.308,False,2012,26,6,1.2246467991473532e-16,-1.0,-3.216245299353273e-16,-1.0,2197299.65,2051533.53,2214027.175,18.0
4,2012-07-06,2224499.28,0,80.37,3.187,130.7196333,4.077,False,2012,27,7,-0.4999999999999997,-0.8660254037844388,-0.12053668025532283,-0.992708874098054,2128362.92,2066541.86,2201277.67,17.0
4,2012-07-13,2100252.61,0,76.86,3.224,130.683,4.077,False,2012,28,7,-0.4999999999999997,-0.8660254037844388,-0.23931566428755743,-0.9709418174260521,2224499.28,2049046.95,2196088.1950000003,16.0
4,2012-07-20,2175563.69,0,79.14,3.263,130.7012903,4.077,False,2012,29,7,-0.4999999999999997,-0.8660254037844388,-0.3546048870425356,-0.9350162426854148,2100252.61,2036231.39,2162603.6149999998,15.0
4,2012-07-27,2048613.65,0,81.06,3.356,130.7195806,4.077,False,2012,30,7,-0.4999999999999997,-0.8660254037844388,-0.46472317204376806,-0.8854560256532101,2175563.69,1989674.07,2157169.625,14.0
4,2012-08-03,2174514.13,0,83.86,3.374,130.737871,4.077,False,2012,31,8,-0.8660254037844384,-0.5000000000000004,-0.5680647467311556,-0.8229838658936565,2048613.65,2160057.39,2137232.3074999996,13.0
4,2012-08-10,2193367.69,0,83.21,3.476,130.7561613,4.077,False,2012,32,8,-0.8660254037844384,-0.5000000000000004,-0.663122658240795,-0.7485107481711013,2174514.13,2105668.74,2124736.02,12.0
4,2012-08-17,2283540.3,0,81.41,3.552,130.7909677,4.077,False,2012,33,8,-0.8660254037844384,-0.5000000000000004,-0.7485107481711011,-0.6631226582407952,2193367.69,2232892.1,2148014.79,11.0
4,2012-08-24,2125241.68,0,75.76,3.61,130.8381613,4.077,False,2012,34,8,-0.8660254037844384,-0.5000000000000004,-0.8229838658936564,-0.5680647467311559,2283540.3,1988490.21,2175008.9425,10.0
4,2012-08-31,2081181.35,0,76.47,3.646,130.8853548,4.077,False,2012,35,8,-0.8660254037844384,-0.5000000000000004,-0.8854560256532096,-0.4647231720437691,2125241.68,2078420.31,2194165.9499999997,9.0
4,2012-09-07,2125104.72,1,82.09,3.709,130.9325484,4.077,False,2012,36,9,-1.0,-1.8369701987210297e-16,-0.9350162426854147,-0.3546048870425359,2081181.35,2093139.01,2170832.755,8.0
4,2012-09-14,2117854.6,0,68.2,3.706,130.9776667,4.077,False,2012,37,9,-1.0,-1.8369701987210297e-16,-0.970941817426052,-0.23931566428755774,2125104.72,2075577.33,2153767.0125,7.0
4,2012-09-21,2119438.53,0,68.97,3.721,131.0103333,4.077,False,2012,38,9,-1.0,-1.8369701987210297e-16,-0.992708874098054,-0.12053668025532357,2117854.6,2031406.41,2112345.5875000004,6.0
4,2012-09-28,2027620.23,0,71.74,3.666,131.043,4.077,False,2012,39,9,-1.0,-1.8369701987210297e-16,-1.0,-1.8369701987210297e-16,2119438.53,1929486.63,2110894.8000000003,5.0
4,2012-10-05,2209835.43,0,63.07,3.62,131.0756667,3.879,False,2012,40,10,-0.8660254037844386,0.5000000000000001,-0.992708874098054,0.1205366802553232,2027620.23,2166737.65,2097504.52,4.0
4,2012-10-12,2133026.07,0,57.11,3.603,131.1083333,3.879,False,2012,41,10,-0.8660254037844386,0.5000000000000001,-0.9709418174260521,0.23931566428755738,2209835.43,2074548.85,2118687.1975,3.0
4,2012-10-19,2097266.85,0,64.46,3.61,131.1499677,3.879,False,2012,42,10,-0.8660254037844386,0.5000000000000001,-0.9350162426854148,0.35460488704253557,2133026.07,2207742.13,2122480.065,2.0
4,2012-10-26,2149594.46,0,63.64,3.514,131.1930968,3.879,False,2012,43,10,-0.8660254037844386,0.5000000000000001,-0.8854560256532101,0.464723172043768,2097266.85,2151659.59,2116937.145,1.0
5,2011-02-04,329613.2,0,41.67,2.989,213.1229755,6.634,False,2011,5,2,0.8660254037844386,0.5000000000000001,0.5680647467311558,0.8229838658936564,279088.39,317173.1,275346.42500000005,91.0
5,2011-02-11,311590.54,1,38.25,3.022,213.4944627,6.634,False,2011,6,2,0.8660254037844386,0.5000000000000001,0.6631226582407952,0.7485107481711011,329613.2,311825.7,286162.91000000003,90.0
5,2011-02-18,356622.61,0,58.83,3.045,213.8068304,6.634,False,2011,7,2,0.8660254037844386,0.5000000000000001,0.7485107481711011,0.6631226582407953,311590.54,303447.57,298901.36750000005,89.0
5,2011-02-25,294659.5,0,63.35,3.065,214.0955503,6.634,False,2011,8,2,0.8660254037844386,0.5000000000000001,0.8229838658936564,0.5680647467311559,356622.61,270281.63,319228.685,88.0
5,2011-03-04,329033.66,0,60.35,3.288,214.3842702,6.634,False,2011,9,3,1.0,6.123233995736766e-17,0.8854560256532099,0.4647231720437686,294659.5,288855.71,323121.4625,87.0
5,2011-03-11,293098.1,0,55.74,3.459,214.6729901,6.634,False,2011,10,3,1.0,6.123233995736766e-17,0.9350162426854148,0.35460488704253557,329033.66,297293.59,322976.5775,86.0
5,2011-03-18,312177.67,0,64.31,3.488,214.9257339,6.634,False,2011,11,3,1.0,6.123233995736766e-17,0.970941817426052,0.23931566428755804,293098.1,281706.41,318353.46749999997,85.0
5,2011-03-25,294732.5,0,70.71,3.473,215.1640872,6.634,False,2011,12,3,1.0,6.123233995736766e-17,0.992708874098054,0.120536680255323,312177.67,273282.97,307242.2325,84.0
5,2011-04-01,314316.55,0,61.5,3.524,215.4024406,6.489,False,2011,13,4,0.8660254037844387,-0.4999999999999998,1.0,-1.6081226496766364e-16,294732.5,331406.0,307260.4825,83.0
5,2011-04-08,307333.62,0,69.64,3.622,215.6407939,6.489,False,2011,14,4,0.8660254037844387,-0.4999999999999998,0.992708874098054,-0.12053668025532288,314316.55,328020.49,303581.205,82.0
5,2011-04-15,307913.58,0,72.02,3.743,215.8592673,6.489,False,2011,15,4,0.8660254037844387,-0.4999999999999998,0.9709418174260521,-0.2393156642875575,307333.62,306858.69,307140.08499999996,81.0
5,2011-04-22,328415.44,0,74.34,3.807,216.0280407,6.489,False,2011,16,4,0.8660254037844387,-0.4999999999999998,0.9350162426854148,-0.35460488704253545,307913.58,288839.73,306074.0625,80.0
5,2011-04-29,307291.56,0,74.75,3.81,216.1968142,6.489,False,2011,17,4,0.8660254037844387,-0.4999999999999998,0.8854560256532099,-0.4647231720437685,328415.44,298697.84,314494.7975,79.0
5,2011-05-06,322904.68,0,66.27,3.906,216.3655877,6.489,False,2011,18,5,0.49999999999999994,-0.8660254037844387,0.8229838658936565,-0.5680647467311557,307291.56,333522.6,312738.55,78.0
5,2011-05-13,290930.01,0,77.38,3.899,216.5343611,6.489,False,2011,19,5,0.49999999999999994,-0.8660254037844387,0.7485107481711013,-0.663122658240795,322904.68,296673.77,316631.315,77.0
5,2011-05-20,299614.33,0,71.37,3.907,216.3023847,6.489,False,2011,20,5,0.49999999999999994,-0.8660254037844387,0.6631226582407952,-0.7485107481711012,290930.01,301615.49,312385.4225,76.0
5,2011-05-27,297149.69,0,80.14,3.786,216.0704083,6.489,False,2011,21,5,0.49999999999999994,-0.8660254037844387,0.5680647467311558,-0.8229838658936564,299614.33,310013.11,305185.145,75.0
5,2011-06-03,329183.92,0,83.81,3.699,215.8384319,6.489,False,2011,22,6,1.2246467991473532e-16,-1.0,0.46472317204376906,-0.8854560256532096,297149.69,337825.89,302649.6775,74.0
5,2011-06-10,304984.14,0,83.61,3.648,215.6064555,6.489,False,2011,23,6,1.2246467991473532e-16,-1.0,0.35460488704253584,-0.9350162426854147,329183.92,296641.91,304219.48750000005,73.0
5,2011-06-17,304811.82,0,86.84,3.637,215.560463,6.489,False,2011,24,6,1.2246467991473532e-16,-1.0,0.23931566428755768,-0.970941817426052,304984.14,313795.6,307733.02,72.0
5,2011-06-24,302881.64,0,84.76,3.594,215.6539583,6.489,False,2011,25,6,1.2246467991473532e-16,-1.0,0.12053668025532308,-0.992708874098054,304811.82,295257.3,309032.3925,71.0
5,2011-07-01,327093.89,0,85.81,3.524,215.7474537,6.529,False,2011,26,7,-0.4999999999999997,-0.8660254037844388,-3.216245299353273e-16,-1.0,302881.64,305993.27,310465.38,70.0
5,2011-07-08,310804.93,0,86.64,3.48,215.8409491,6.529,False,2011,27,7,-0.4999999999999997,-0.8660254037844388,-0.12053668025532283,-0.992708874098054,327093.89,291808.87,309942.8725,69.0
5,2011-07-15,283248.62,0,88.64,3.575,215.9250696,6.529,False,2011,28,7,-0.4999999999999997,-0.8660254037844388,-0.23931566428755743,-0.9709418174260521,310804.93,280701.7,311398.07,68.0
5,2011-07-22,292539.73,0,86.97,3.651,215.985753,6.529,False,2011,29,7,-0.4999999999999997,-0.8660254037844388,-0.3546048870425356,-0.9350162426854148,283248.62,274742.63,306007.27,67.0
5,2011-07-29,275142.17,0,89.42,3.682,216.0464364,6.529,False,2011,30,7,-0.4999999999999997,-0.8660254037844388,-0.46472317204376806,-0.8854560256532101,292539.73,268929.03,303421.7925,66.0
5,2011-08-05,317738.56,0,91.07,3.684,216.1071198,6.529,False,2011,31,8,-0.8660254037844384,-0.5000000000000004,-0.5680647467311556,-0.8229838658936565,275142.17,303043.02,290433.8625,65.0
5,2011-08-12,289886.16,0,90.16,3.638,216.1678032,6.529,False,2011,32,8,-0.8660254037844384,-0.5000000000000004,-0.663122658240795,-0.7485107481711013,317738.56,286477.35,292167.27,64.0
5,2011-08-19,303643.84,0,89.35,3.554,216.2311855,6.529,False,2011,33,8,-0.8660254037844384,-0.5000000000000004,-0.7485107481711011,-0.6631226582407952,289886.16,287205.38,293826.65499999997,63.0
5,2011-08-26,310338.17,0,89.18,3.523,216.2950176,6.529,False,2011,34,8,-0.8660254037844384,-0.5000000000000004,-0.8229838658936564,-0.5680647467311559,303643.84,288519.75,296602.6825,62.0
5,2011-09-02,315645.53,0,90.38,3.533,216.3588498,6.529,False,2011,35,9,-1.0,-1.8369701987210297e-16,-0.8854560256532096,-0.4647231720437691,310338.17,323798.0,305401.6825,61.0
5,2011-09-09,321110.22,1,79.04,3.546,216.4226819,6.529,False,2011,36,9,-1.0,-1.8369701987210297e-16,-0.9350162426854147,-0.3546048870425359,315645.53,306533.08,304878.425,60.0
5,2011-09-16,278529.71,0,83.55,3.526,216.6033083,6.529,False,2011,37,9,-1.0,-1.8369701987210297e-16,-0.970941817426052,-0.23931566428755774,321110.22,282558.65,312684.44,59.0
5,2011-09-23,291024.98,0,78.01,3.467,216.9396605,6.529,False,2011,38,9,-1.0,-1.8369701987210297e-16,-0.992708874098054,-0.12053668025532357,278529.71,293131.58,306405.9075,58.0
5,2011-09-30,292315.38,0,81.16,3.355,217.2760127,6.529,False,2011,39,9,-1.0,-1.8369701987210297e-16,-1.0,-1.8369701987210297e-16,291024.98,283178.12,301577.61,57.0
5,2011-10-07,309111.47,0,71.64,3.285,217.6123648,6.3,False,2011,40,10,-0.8660254037844386,0.5000000000000001,-0.992708874098054,0.1205366802553232,292315.38,290494.85,295745.0725,56.0
5,2011-10-14,286117.72,0,72.36,3.274,217.9237458,6.3,False,2011,41,10,-0.8660254037844386,0.5000000000000001,-0.9709418174260521,0.23931566428755738,309111.47,280681.2,292745.385,55.0
5,2011-10-21,306069.18,0,66.9,3.353,218.0852999,6.3,False,2011,42,10,-0.8660254037844386,0.5000000000000001,-0.9350162426854148,0.35460488704253557,286117.72,284988.27,294642.38749999995,54.0
5,2011-10-28,307035.11,0,69.27,3.372,218.2468539,6.3,False,2011,43,10,-0.8660254037844386,0.5000000000000001,-0.8854560256532101,0.464723172043768,306069.18,278031.81,298403.4375,53.0
5,2011-11-04,353652.23,0,56.71,3.332,218.408408,6.3,False,2011,44,11,-0.5000000000000004,0.8660254037844384,-0.822983865893657,0.5680647467311548,307035.11,325310.3,302083.37,52.0
5,2011-11-11,311906.7,0,60.71,3.297,218.5699621,6.3,False,2011,45,11,-0.5000000000000004,0.8660254037844384,-0.7485107481711011,0.6631226582407952,353652.23,301827.36,313218.56,51.0
5,2011-11-18,307944.37,0,64.33,3.308,218.793912,6.3,False,2011,46,11,-0.5000000000000004,0.8660254037844384,-0.6631226582407955,0.7485107481711007,311906.7,297384.81,319665.805,50.0
5,2011-11-25,507900.07,1,61.93,3.236,219.0428204,6.3,True,2011,47,11,-0.5000000000000004,0.8660254037844384,-0.5680647467311559,0.8229838658936564,307944.37,488362.61,320134.60250000004,49.0
5,2011-12-02,376225.61,0,51.14,3.172,219.2917287,6.3,False,2011,48,12,-2.4492935982947064e-16,1.0,-0.4647231720437684,0.88545602565321,507900.07,344490.88,370350.84249999997,48.0
5,2011-12-09,367433.77,0,44.12,3.158,219.540637,6.3,False,2011,49,12,-2.4492935982947064e-16,1.0,-0.35460488704253595,0.9350162426854147,376225.61,352811.53,375994.1875,47.0
5,2011-12-16,379530.3,0,54.42,3.159,219.7596266,6.3,False,2011,50,12,-2.4492935982947064e-16,1.0,-0.2393156642875578,0.970941817426052,367433.77,367801.19,389875.955,46.0
5,2011-12-23,458562.24,0,50.33,3.112,219.9387246,6.3,True,2011,51,12,-2.4492935982947064e-16,1.0,-0.12053668025532363,0.992708874098054,379530.3,466010.25,407772.4375,45.0
5,2011-12-30,349624.88,1,45.62,3.129,220.1178226,6.3,False,2011,52,12,-2.4492935982947064e-16,1.0,6.432490598706546e-16,1.0,458562.24,298180.18,395437.98,44.0
5,2012-01-06,312078.71,0,50.21,3.157,220.2969205,5.943,False,2012,1,1,0.49999999999999994,0.8660254037844387,0.12053668025532305,0.992708874098054,349624.88,286347.26,388787.7975,43.0
5,2012-01-13,291454.52,0,48.86,3.261,220.4760185,5.943,False,2012,2,1,0.49999999999999994,0.8660254037844387,0.23931566428755774,0.970941817426052,312078.71,260636.71,374949.0325,42.0
5,2012-01-20,287523.98,0,54.65,3.268,220.5694104,5.943,False,2012,3,1,0.49999999999999994,0.8660254037844387,0.3546048870425356,0.9350162426854148,291454.52,275313.34,352930.0875,41.0
5,2012-01-27,295974.22,0,54.63,3.29,220.6628023,5.943,False,2012,4,1,0.49999999999999994,0.8660254037844387,0.4647231720437685,0.8854560256532099,287523.98,279088.39,310170.5225,40.0
5,2012-02-03,333948.0,0,57.35,3.36,220.7561941,5.943,False,2012,5,2,0.8660254037844386,0.5000000000000001,0.5680647467311558,0.8229838658936564,295974.22,329613.2,296757.8575,39.0
5,2012-02-10,349239.88,1,48.57,3.409,220.849586,5.943,False,2012,6,2,0.8660254037844386,0.5000000000000001,0.6631226582407952,0.7485107481711011,333948.0,311590.54,302225.18,38.0
5,2012-02-17,356427.98,0,48.25,3.51,221.0106341,5.943,False,2012,7,2,0.8660254037844386,0.5000000000000001,0.7485107481711011,0.6631226582407953,349239.88,356622.61,316671.52,37.0
5,2012-02-24,312220.47,0,57.75,3.555,221.2224243,5.943,False,2012,8,2,0.8660254037844386,0.5000000000000001,0.8229838658936564,0.5680647467311559,356427.98,294659.5,333897.52,36.0
5,2012-03-02,359206.21,0,60.66,3.63,221.4342146,5.943,False,2012,9,3,1.0,6.123233995736766e-17,0.8854560256532099,0.4647231720437686,312220.47,329033.66,337959.0825,35.0
5,2012-03-09,347295.6,0,57.69,3.669,221.6460048,5.943,False,2012,10,3,1.0,6.123233995736766e-17,0.9350162426854148,0.35460488704253557,359206.21,293098.1,344273.635,34.0
5,2012-03-16,339392.54,0,63.55,3.734,221.7989713,5.943,False,2012,11,3,1.0,6.123233995736766e-17,0.970941817426052,0.23931566428755804,347295.6,312177.67,343787.56499999994,33.0
5,2012-03-23,321299.99,0,64.44,3.787,221.8735063,5.943,False,2012,12,3,1.0,6.123233995736766e-17,0.992708874098054,0.120536680255323,339392.54,294732.5,339528.70499999996,32.0
5,2012-03-30,331318.73,0,67.76,3.845,221.9480412,5.943,False,2012,13,3,1.0,6.123233995736766e-17,1.0,-1.6081226496766364e-16,321299.99,314316.55,341798.58499999996,31.0
5,2012-04-06,402985.7,0,70.4,3.891,222.0225762,5.801,True,2012,14,4,0.8660254037844387,-0.4999999999999998,0.992708874098054,-0.12053668025532288,331318.73,307333.62,334826.71499999997,30.0
5,2012-04-13,351832.03,0,70.56,3.891,222.0971111,5.801,False,2012,15,4,0.8660254037844387,-0.4999999999999998,0.9709418174260521,-0.2393156642875575,402985.7,307913.58,348749.24,29.0
5,2012-04-20,330063.06,0,67.33,3.877,222.1512315,5.801,False,2012,16,4,0.8660254037844387,-0.4999999999999998,0.9350162426854148,-0.35460488704253545,351832.03,328415.44,351859.1125,28.0
5,2012-04-27,324839.74,0,68.96,3.814,222.2053519,5.801,False,2012,17,4,0.8660254037844387,-0.4999999999999998,0.8854560256532099,-0.4647231720437685,330063.06,307291.56,354049.88,27.0
5,2012-05-04,360932.69,0,77.1,3.749,222.2594722,5.801,False,2012,18,5,0.49999999999999994,-0.8660254037844387,0.8229838658936565,-0.5680647467311557,324839.74,322904.68,352430.1325,26.0
5,2012-05-11,333870.52,0,73.45,3.688,222.3135926,5.801,False,2012,19,5,0.49999999999999994,-0.8660254037844387,0.7485107481711013,-0.663122658240795,360932.69,290930.01,341916.88,25.0
5,2012-05-18,336189.66,0,70.45,3.63,222.330443,5.801,False,2012,20,5,0.49999999999999994,-0.8660254037844387,0.6631226582407952,-0.7485107481711012,333870.52,299614.33,337426.5025,24.0
5,2012-05-25,341994.48,0,78.23,3.561,222.3323853,5.801,False,2012,21,5,0.49999999999999994,-0.8660254037844387,0.5680647467311558,-0.8229838658936564,336189.66,297149.69,338958.15249999997,23.0
5,2012-06-01,359867.8,0,79.72,3.501,222.3343277,5.801,False,2012,22,6,1.2246467991473532e-16,-1.0,0.46472317204376906,-0.8854560256532096,341994.48,329183.92,343246.83749999997,22.0
5,2012-06-08,341704.59,0,81.02,3.452,222.33627,5.801,False,2012,23,6,1.2246467991473532e-16,-1.0,0.35460488704253584,-0.9350162426854147,359867.8,304984.14,342980.615,21.0
5,2012-06-15,327383.64,0,81.64,3.393,222.3492901,5.801,False,2012,24,6,1.2246467991473532e-16,-1.0,0.23931566428755768,-0.970941817426052,341704.59,304811.82,344939.1325,20.0
5,2012-06-22,325041.68,0,80.57,3.346,222.3900046,5.801,False,2012,25,6,1.2246467991473532e-16,-1.0,0.12053668025532308,-0.992708874098054,327383.64,302881.64,342737.6275,19.0
5,2012-06-29,329658.1,0,87.08,3.286,222.4307191,5.801,False,2012,26,6,1.2246467991473532e-16,-1.0,-3.216245299353273e-16,-1.0,325041.68,327093.89,338499.4275,18.0
5,2012-07-06,341214.43,0,82.35,3.227,222.4714336,5.603,False,2012,27,7,-0.4999999999999997,-0.8660254037844388,-0.12053668025532283,-0.992708874098054,329658.1,310804.93,330947.0025,17.0
5,2012-07-13,316203.64,0,80.78,3.256,222.5121481,5.603,False,2012,28,7,-0.4999999999999997,-0.8660254037844388,-0.23931566428755743,-0.9709418174260521,341214.43,283248.62,330824.46249999997,16.0
5,2012-07-20,321205.12,0,81.05,3.311,222.5209358,5.603,False,2012,29,7,-0.4999999999999997,-0.8660254037844388,-0.3546048870425356,-0.9350162426854148,316203.64,292539.73,328029.4625,15.0
5,2012-07-27,306827.36,0,85.06,3.407,222.5297234,5.603,False,2012,30,7,-0.4999999999999997,-0.8660254037844388,-0.46472317204376806,-0.8854560256532101,321205.12,275142.17,327070.3225,14.0
5,2012-08-03,324195.17,0,86.91,3.417,222.5385111,5.603,False,2012,31,8,-0.8660254037844384,-0.5000000000000004,-0.5680647467311556,-0.8229838658936565,306827.36,317738.56,321362.6375,13.0
5,2012-08-10,306759.7,0,86.96,3.494,222.5472987,5.603,False,2012,32,8,-0.8660254037844384,-0.5000000000000004,-0.663122658240795,-0.7485107481711013,324195.17,289886.16,317107.8225,12.0
5,2012-08-17,314014.18,0,87.52,3.571,222.6276753,5.603,False,2012,33,8,-0.8660254037844384,-0.5000000000000004,-0.7485107481711011,-0.6631226582407952,306759.7,303643.84,314746.83749999997,11.0
5,2012-08-24,320831.36,0,79.45,3.62,222.7617437,5.603,False,2012,34,8,-0.8660254037844384,-0.5000000000000004,-0.8229838658936564,-0.5680647467311559,314014.18,310338.17,312949.10250000004,10.0
5,2012-08-31,344642.01,0,84.25,3.638,222.8958121,5.603,False,2012,35,8,-0.8660254037844384,-0.5000000000000004,-0.8854560256532096,-0.4647231720437691,320831.36,315645.53,316450.1025,9.0
5,2012-09-07,350648.91,1,86.3,3.73,223.0298805,5.603,False,2012,36,9,-1.0,-1.8369701987210297e-16,-0.9350162426854147,-0.3546048870425359,344642.01,321110.22,321561.8125,8.0
5,2012-09-14,299800.67,0,76.65,3.717,223.1734167,5.603,False,2012,37,9,-1.0,-1.8369701987210297e-16,-0.970941817426052,-0.23931566428755774,350648.91,278529.71,332534.115,7.0
5,2012-09-21,307306.76,0,71.09,3.721,223.3737593,5.603,False,2012,38,9,-1.0,-1.8369701987210297e-16,-0.992708874098054,-0.12053668025532357,299800.67,291024.98,328980.7375,6.0
5,2012-09-28,310141.68,0,78.33,3.666,223.5741019,5.603,False,2012,39,9,-1.0,-1.8369701987210297e-16,-1.0,-1.8369701987210297e-16,307306.76,292315.38,325599.5875,5.0
5,2012-10-05,343048.29,0,71.17,3.617,223.7744444,5.422,False,2012,40,10,-0.8660254037844386,0.5000000000000001,-0.992708874098054,0.1205366802553232,310141.68,309111.47,316974.505,4.0
5,2012-10-12,325345.41,0,66.24,3.601,223.974787,5.422,False,2012,41,10,-0.8660254037844386,0.5000000000000001,-0.9709418174260521,0.23931566428755738,343048.29,286117.72,315074.35,3.0
5,2012-10-19,313358.15,0,69.17,3.594,224.0192873,5.422,False,2012,42,10,-0.8660254037844386,0.5000000000000001,-0.9350162426854148,0.35460488704253557,325345.41,306069.18,321460.535,2.0
5,2012-10-26,319550.77,0,71.7,3.506,224.0378139,5.422,False,2012,43,10,-0.8660254037844386,0.5000000000000001,-0.8854560256532101,0.464723172043768,313358.15,307035.11,322973.3825,1.0
6,2011-02-04,1514999.17,0,40.59,2.989,214.0887176,6.858,False,2011,5,2,0.8660254037844386,0.5000000000000001,0.5680647467311558,0.8229838658936564,1287034.7,1652635.1,1301231.0274999999,91.0
6,2011-02-11,1486920.17,1,39.38,3.022,214.4630941,6.858,False,2011,6,2,0.8660254037844386,0.5000000000000001,0.6631226582407952,0.7485107481711011,1514999.17,1606283.86,1342370.4,90.0
6,2011-02-18,1572117.54,0,59.61,3.045,214.7775231,6.858,False,2011,7,2,0.8660254037844386,0.5000000000000001,0.7485107481711011,0.6631226582407953,1486920.17,1567138.07,1387551.805,89.0
6,2011-02-25,1422600.43,0,62.86,3.065,215.0679731,6.858,False,2011,8,2,0.8660254037844386,0.5000000000000001,0.8229838658936564,0.5680647467311559,1572117.54,1432953.21,1465267.895,88.0
6,2011-03-04,1502617.99,0,60.45,3.288,215.3584231,6.858,False,2011,9,3,1.0,6.123233995736766e-17,0.8854560256532099,0.4647231720437686,1422600.43,1601348.82,1499159.3275,87.0
6,2011-03-11,1494497.39,0,57.71,3.459,215.6488731,6.858,False,2011,10,3,1.0,6.123233995736766e-17,0.9350162426854148,0.35460488704253557,1502617.99,1558621.36,1496064.0325,86.0
6,2011-03-18,1685375.47,0,65.07,3.488,215.9035078,6.858,False,2011,11,3,1.0,6.123233995736766e-17,0.970941817426052,0.23931566428755804,1494497.39,1693058.91,1497958.3375,85.0
6,2011-03-25,1438465.81,0,70.83,3.473,216.1438163,6.858,False,2011,12,3,1.0,6.123233995736766e-17,0.992708874098054,0.120536680255323,1685375.47,1472033.38,1526272.8199999998,84.0
6,2011-04-01,1459276.77,0,62.25,3.524,216.3841249,6.855,False,2011,13,4,0.8660254037844387,-0.4999999999999998,1.0,-1.6081226496766364e-16,1438465.81,1770333.9,1530239.165,83.0
6,2011-04-08,1534594.0,0,70.35,3.622,216.6244334,6.855,False,2011,14,4,0.8660254037844387,-0.4999999999999998,0.992708874098054,-0.12053668025532288,1459276.77,1667181.82,1519403.8599999999,82.0
6,2011-04-15,1448797.02,0,73.17,3.743,216.8446627,6.855,False,2011,15,4,0.8660254037844387,-0.4999999999999998,0.9709418174260521,-0.2393156642875575,1534594.0,1519846.36,1529428.0125000002,81.0
6,2011-04-22,1639358.93,0,74.24,3.807,217.0146941,6.855,False,2011,16,4,0.8660254037844387,-0.4999999999999998,0.9350162426854148,-0.35460488704253545,1448797.02,1540435.99,1470283.4,80.0
6,2011-04-29,1479249.9,0,75.27,3.81,217.1847255,6.855,False,2011,17,4,0.8660254037844387,-0.4999999999999998,0.8854560256532099,-0.4647231720437685,1639358.93,1498080.16,1520506.68,79.0
6,2011-05-06,1504651.57,0,65.42,3.906,217.3547569,6.855,False,2011,18,5,0.49999999999999994,-0.8660254037844387,0.8229838658936565,-0.5680647467311557,1479249.9,1619920.04,1525499.9625,78.0
6,2011-05-13,1453185.65,0,76.95,3.899,217.5247882,6.855,False,2011,19,5,0.49999999999999994,-0.8660254037844387,0.7485107481711013,-0.663122658240795,1504651.57,1524059.4,1518014.355,77.0
6,2011-05-20,1382783.83,0,72.01,3.907,217.2896095,6.855,False,2011,20,5,0.49999999999999994,-0.8660254037844387,0.6631226582407952,-0.7485107481711012,1453185.65,1531938.44,1519111.5125,76.0
6,2011-05-27,1523979.11,0,80.83,3.786,217.0544307,6.855,False,2011,21,5,0.49999999999999994,-0.8660254037844387,0.5680647467311558,-0.8229838658936564,1382783.83,1644470.66,1454967.7375,75.0
6,2011-06-03,1705506.29,0,84.01,3.699,216.819252,6.855,False,2011,22,6,1.2246467991473532e-16,-1.0,0.46472317204376906,-0.8854560256532096,1523979.11,1857380.09,1466150.04,74.0
6,2011-06-10,1598643.65,0,84.49,3.648,216.5840732,6.855,False,2011,23,6,1.2246467991473532e-16,-1.0,0.35460488704253584,-0.9350162426854147,1705506.29,1685652.35,1516363.72,73.0
6,2011-06-17,1622150.33,0,87.08,3.637,216.5371616,6.855,False,2011,24,6,1.2246467991473532e-16,-1.0,0.23931566428755768,-0.970941817426052,1598643.65,1677248.24,1552728.22,72.0
6,2011-06-24,1543365.9,0,85.51,3.594,216.6314502,6.855,False,2011,25,6,1.2246467991473532e-16,-1.0,0.12053668025532308,-0.992708874098054,1622150.33,1640681.88,1612569.845,71.0
6,2011-07-01,1694551.15,0,87.0,3.524,216.7257388,6.925,False,2011,26,7,-0.4999999999999997,-0.8660254037844388,-3.216245299353273e-16,-1.0,1543365.9,1759777.25,1617416.5425,70.0
6,2011-07-08,1709373.62,0,88.36,3.48,216.8200275,6.925,False,2011,27,7,-0.4999999999999997,-0.8660254037844388,-0.12053668025532283,-0.992708874098054,1694551.15,1690317.99,1614677.7574999998,69.0
6,2011-07-15,1526801.24,0,88.93,3.575,216.9044732,6.925,False,2011,28,7,-0.4999999999999997,-0.8660254037844388,-0.23931566428755743,-0.9709418174260521,1709373.62,1560120.8,1642360.25,68.0
6,2011-07-22,1526506.08,0,88.06,3.651,216.964312,6.925,False,2011,29,7,-0.4999999999999997,-0.8660254037844388,-0.3546048870425356,-0.9350162426854148,1526801.24,1585240.92,1618522.9775,67.0
6,2011-07-29,1483991.05,0,90.22,3.682,217.0241507,6.925,False,2011,30,7,-0.4999999999999997,-0.8660254037844388,-0.46472317204376806,-0.8854560256532101,1526506.08,1532308.78,1614308.0225,66.0
6,2011-08-05,1601584.57,0,91.46,3.684,217.0839894,6.925,False,2011,31,8,-0.8660254037844384,-0.5000000000000004,-0.5680647467311556,-0.8229838658936565,1483991.05,1633241.59,1561667.9975,65.0
6,2011-08-12,1484995.38,0,90.49,3.638,217.1438281,6.925,False,2011,32,8,-0.8660254037844384,-0.5000000000000004,-0.663122658240795,-0.7485107481711013,1601584.57,1547654.98,1534720.735,64.0
6,2011-08-19,1493544.04,0,89.26,3.554,217.2069662,6.925,False,2011,33,8,-0.8660254037844384,-0.5000000000000004,-0.7485107481711011,-0.6631226582407952,1484995.38,1539930.5,1524269.27,63.0
6,2011-08-26,1420405.41,0,90.07,3.523,217.2706543,6.925,False,2011,34,8,-0.8660254037844384,-0.5000000000000004,-0.8229838658936564,-0.5680647467311559,1493544.04,1450766.12,1516028.76,62.0
6,2011-09-02,1481618.74,0,91.22,3.533,217.3343423,6.925,False,2011,35,9,-1.0,-1.8369701987210297e-16,-0.8854560256532096,-0.4647231720437691,1420405.41,1510925.32,1500132.35,61.0
6,2011-09-09,1483574.38,1,80.21,3.546,217.3980304,6.925,False,2011,36,9,-1.0,-1.8369701987210297e-16,-0.9350162426854147,-0.3546048870425359,1481618.74,1424225.44,1470140.8925,60.0
6,2011-09-16,1351407.79,0,84.94,3.526,217.5797506,6.925,False,2011,37,9,-1.0,-1.8369701987210297e-16,-0.970941817426052,-0.23931566428755774,1483574.38,1308537.75,1469785.6425,59.0
6,2011-09-23,1336044.75,0,78.49,3.467,217.9188471,6.925,False,2011,38,9,-1.0,-1.8369701987210297e-16,-0.992708874098054,-0.12053668025532357,1351407.79,1275591.84,1434251.58,58.0
6,2011-09-30,1307551.92,0,82.51,3.355,218.2579435,6.925,False,2011,39,9,-1.0,-1.8369701987210297e-16,-1.0,-1.8369701987210297e-16,1336044.75,1328468.89,1413161.415,57.0
6,2011-10-07,1481739.2,0,74.1,3.285,218.59704,6.551,False,2011,40,10,-0.8660254037844386,0.5000000000000001,-0.992708874098054,0.1205366802553232,1307551.92,1360317.9,1369644.71,56.0
6,2011-10-14,1386520.99,0,71.24,3.274,218.9109844,6.551,False,2011,41,10,-0.8660254037844386,0.5000000000000001,-0.9709418174260521,0.23931566428755738,1481739.2,1344580.92,1369185.915,55.0
6,2011-10-21,1417922.37,0,68.53,3.353,219.0740167,6.551,False,2011,42,10,-0.8660254037844386,0.5000000000000001,-0.9350162426854148,0.35460488704253557,1386520.99,1332716.53,1377964.2149999999,54.0
6,2011-10-28,1419445.12,0,69.51,3.372,219.237049,6.551,False,2011,43,10,-0.8660254037844386,0.5000000000000001,-0.8854560256532101,0.464723172043768,1417922.37,1385323.7,1398433.62,53.0
6,2011-11-04,1523420.38,0,58.54,3.332,219.4000812,6.551,False,2011,44,11,-0.5000000000000004,0.8660254037844384,-0.822983865893657,0.5680647467311548,1419445.12,1505442.15,1426406.92,52.0
6,2011-11-11,1536176.54,0,61.33,3.297,219.5631135,6.551,False,2011,45,11,-0.5000000000000004,0.8660254037844384,-0.7485107481711011,0.6631226582407952,1523420.38,1495536.46,1436827.2149999999,51.0
6,2011-11-18,1524390.07,0,63.89,3.308,219.7897137,6.551,False,2011,46,11,-0.5000000000000004,0.8660254037844384,-0.6631226582407955,0.7485107481711007,1536176.54,1518841.45,1474241.1025,50.0
6,2011-11-25,2249811.55,1,62.78,3.236,220.0417412,6.551,True,2011,47,11,-0.5000000000000004,0.8660254037844384,-0.5680647467311559,0.8229838658936564,1524390.07,2267452.4,1500858.0275,49.0
6,2011-12-02,1688531.34,0,51.18,3.172,220.2937686,6.551,False,2011,48,12,-2.4492935982947064e-16,1.0,-0.4647231720437684,0.88545602565321,2249811.55,1677067.24,1708449.635,48.0
6,2011-12-09,1903385.14,0,43.64,3.158,220.5457961,6.551,True,2011,49,12,-2.4492935982947064e-16,1.0,-0.35460488704253595,0.9350162426854147,1688531.34,1834737.58,1749727.375,47.0
6,2011-12-16,2034695.56,0,53.27,3.159,220.7671856,6.551,True,2011,50,12,-2.4492935982947064e-16,1.0,-0.2393156642875578,0.970941817426052,1903385.14,2090268.95,1841529.525,46.0
6,2011-12-23,2644633.02,0,49.45,3.112,220.9477245,6.551,True,2011,51,12,-2.4492935982947064e-16,1.0,-0.12053668025532363,0.992708874098054,2034695.56,2727575.18,1969105.8975,45.0
6,2011-12-30,1598080.52,1,46.8,3.129,221.1282634,6.551,False,2011,52,12,-2.4492935982947064e-16,1.0,6.432490598706546e-16,1.0,2644633.02,1464050.02,2067811.2650000001,44.0
6,2012-01-06,1395339.71,0,50.82,3.157,221.3088023,6.132,False,2012,1,1,0.49999999999999994,0.8660254037844387,0.12053668025532305,0.992708874098054,1598080.52,1350441.68,2045198.56,43.0
6,2012-01-13,1344243.17,0,48.33,3.261,221.4893412,6.132,False,2012,2,1,0.49999999999999994,0.8660254037844387,0.23931566428755774,0.970941817426052,1395339.71,1306194.55,1918187.2025,42.0
6,2012-01-20,1326255.7,0,55.37,3.268,221.5831306,6.132,False,2012,3,1,0.49999999999999994,0.8660254037844387,0.3546048870425356,0.9350162426854148,1344243.17,1261253.18,1745574.105,41.0
6,2012-01-27,1315610.66,0,53.95,3.29,221.6769199,6.132,False,2012,4,1,0.49999999999999994,0.8660254037844387,0.4647231720437685,0.8854560256532099,1326255.7,1287034.7,1415979.7750000001,40.0
6,2012-02-03,1496305.78,0,57.45,3.36,221.7707093,6.132,False,2012,5,2,0.8660254037844386,0.5000000000000001,0.5680647467311558,0.8229838658936564,1315610.66,1514999.17,1345362.31,39.0
6,2012-02-10,1620603.92,1,48.58,3.409,221.8644987,6.132,False,2012,6,2,0.8660254037844386,0.5000000000000001,0.6631226582407952,0.7485107481711011,1496305.78,1486920.17,1370603.8275,38.0
6,2012-02-17,1632616.09,0,49.03,3.51,222.026359,6.132,False,2012,7,2,0.8660254037844386,0.5000000000000001,0.7485107481711011,0.6631226582407953,1620603.92,1572117.54,1439694.015,37.0
6,2012-02-24,1465187.71,0,59.17,3.555,222.2392726,6.132,False,2012,8,2,0.8660254037844386,0.5000000000000001,0.8229838658936564,0.5680647467311559,1632616.09,1422600.43,1516284.1124999998,36.0
6,2012-03-02,1550385.65,0,60.32,3.63,222.4521862,6.132,False,2012,9,3,1.0,6.123233995736766e-17,0.8854560256532099,0.4647231720437686,1465187.71,1502617.99,1553678.375,35.0
6,2012-03-09,1569304.4,0,57.89,3.669,222.6650998,6.132,False,2012,10,3,1.0,6.123233995736766e-17,0.9350162426854148,0.35460488704253557,1550385.65,1494497.39,1567198.3425,34.0
6,2012-03-16,1748010.29,0,62.8,3.734,222.8186603,6.132,False,2012,11,3,1.0,6.123233995736766e-17,0.970941817426052,0.23931566428755804,1569304.4,1685375.47,1554373.4625,33.0
6,2012-03-23,1495143.62,0,63.71,3.787,222.8930835,6.132,False,2012,12,3,1.0,6.123233995736766e-17,0.992708874098054,0.120536680255323,1748010.29,1438465.81,1583222.0125000002,32.0
6,2012-03-30,1508933.26,0,67.91,3.845,222.9675066,6.132,False,2012,13,3,1.0,6.123233995736766e-17,1.0,-1.6081226496766364e-16,1495143.62,1459276.77,1590710.9899999998,31.0
6,2012-04-06,1840131.19,0,71.6,3.891,223.0419298,5.964,False,2012,14,4,0.8660254037844387,-0.4999999999999998,0.992708874098054,-0.12053668025532288,1508933.26,1534594.0,1580347.8925,30.0
6,2012-04-13,1616394.45,0,71.29,3.891,223.1163529,5.964,False,2012,15,4,0.8660254037844387,-0.4999999999999998,0.9709418174260521,-0.2393156642875575,1840131.19,1448797.02,1648054.5899999999,29.0
6,2012-04-20,1456073.24,0,68.64,3.877,223.17092,5.964,False,2012,16,4,0.8660254037844387,-0.4999999999999998,0.9350162426854148,-0.35460488704253545,1616394.45,1639358.93,1615150.6300000001,28.0
6,2012-04-27,1456221.1,0,71.5,3.814,223.2254871,5.964,False,2012,17,4,0.8660254037844387,-0.4999999999999998,0.8854560256532099,-0.4647231720437685,1456073.24,1479249.9,1605383.0350000001,27.0
6,2012-05-04,1543461.12,0,77.66,3.749,223.2800541,5.964,False,2012,18,5,0.49999999999999994,-0.8660254037844387,0.8229838658936565,-0.5680647467311557,1456221.1,1504651.57,1592204.9949999999,26.0
6,2012-05-11,1517075.67,0,72.66,3.688,223.3346212,5.964,False,2012,19,5,0.49999999999999994,-0.8660254037844387,0.7485107481711013,-0.663122658240795,1543461.12,1453185.65,1518037.4775,25.0
6,2012-05-18,1513635.64,0,70.5,3.63,223.3511928,5.964,False,2012,20,5,0.49999999999999994,-0.8660254037844387,0.6631226582407952,-0.7485107481711012,1517075.67,1382783.83,1493207.7825,24.0
6,2012-05-25,1603793.42,0,78.47,3.561,223.3525662,5.964,False,2012,21,5,0.49999999999999994,-0.8660254037844387,0.5680647467311558,-0.8229838658936564,1513635.64,1523979.11,1507598.3824999998,23.0
6,2012-06-01,1681121.38,0,80.39,3.501,223.3539397,5.964,False,2012,22,6,1.2246467991473532e-16,-1.0,0.46472317204376906,-0.8854560256532096,1603793.42,1705506.29,1544491.4625,22.0
6,2012-06-08,1696619.52,0,80.5,3.452,223.3553131,5.964,False,2012,23,6,1.2246467991473532e-16,-1.0,0.35460488704253584,-0.9350162426854147,1681121.38,1598643.65,1578906.5274999999,21.0
6,2012-06-15,1642247.48,0,82.1,3.393,223.3680933,5.964,False,2012,24,6,1.2246467991473532e-16,-1.0,0.23931566428755768,-0.970941817426052,1696619.52,1622150.33,1623792.49,20.0
6,2012-06-22,1618272.25,0,81.2,3.346,223.4093906,5.964,False,2012,25,6,1.2246467991473532e-16,-1.0,0.12053668025532308,-0.992708874098054,1642247.48,1543365.9,1655945.4500000002,19.0
6,2012-06-29,1648863.46,0,87.35,3.286,223.4506878,5.964,False,2012,26,6,1.2246467991473532e-16,-1.0,-3.216245299353273e-16,-1.0,1618272.25,1694551.15,1659565.1575000002,18.0
6,2012-07-06,1876359.39,0,82.95,3.227,223.4919851,5.668,False,2012,27,7,-0.4999999999999997,-0.8660254037844388,-0.12053668025532283,-0.992708874098054,1648863.46,1709373.62,1651500.6774999998,17.0
6,2012-07-13,1588142.26,0,80.27,3.256,223.5332824,5.668,False,2012,28,7,-0.4999999999999997,-0.8660254037844388,-0.23931566428755743,-0.9709418174260521,1876359.39,1526801.24,1696435.645,16.0
6,2012-07-20,1574361.97,0,81.57,3.311,223.5424501,5.668,False,2012,29,7,-0.4999999999999997,-0.8660254037844388,-0.3546048870425356,-0.9350162426854148,1588142.26,1526506.08,1682909.3399999999,15.0
6,2012-07-27,1513229.16,0,85.78,3.407,223.5516178,5.668,False,2012,30,7,-0.4999999999999997,-0.8660254037844388,-0.46472317204376806,-0.8854560256532101,1574361.97,1483991.05,1671931.7699999998,14.0
6,2012-08-03,1627274.93,0,87.55,3.417,223.5607856,5.668,False,2012,31,8,-0.8660254037844384,-0.5000000000000004,-0.5680647467311556,-0.8229838658936565,1513229.16,1601584.57,1638023.1949999998,13.0
6,2012-08-10,1588380.73,0,87.04,3.494,223.5699533,5.668,False,2012,32,8,-0.8660254037844384,-0.5000000000000004,-0.663122658240795,-0.7485107481711013,1627274.93,1484995.38,1575752.0799999998,12.0
6,2012-08-17,1543049.52,0,87.53,3.571,223.6510224,5.668,False,2012,33,8,-0.8660254037844384,-0.5000000000000004,-0.7485107481711011,-0.6631226582407952,1588380.73,1493544.04,1575811.6975,11.0
6,2012-08-24,1501095.49,0,79.03,3.62,223.7860175,5.668,False,2012,34,8,-0.8660254037844384,-0.5000000000000004,-0.8229838658936564,-0.5680647467311559,1543049.52,1420405.41,1567983.585,10.0
6,2012-08-31,1577439.81,0,83.58,3.638,223.9210125,5.668,False,2012,35,8,-0.8660254037844384,-0.5000000000000004,-0.8854560256532096,-0.4647231720437691,1501095.49,1481618.74,1564950.1675,9.0
6,2012-09-07,1608077.01,1,86.33,3.73,224.0560076,5.668,False,2012,36,9,-1.0,-1.8369701987210297e-16,-0.9350162426854147,-0.3546048870425359,1577439.81,1483574.38,1552491.3875000002,8.0
6,2012-09-14,1375166.86,0,76.41,3.717,224.2004678,5.668,False,2012,37,9,-1.0,-1.8369701987210297e-16,-0.970941817426052,-0.23931566428755774,1608077.01,1351407.79,1557415.4575,7.0
6,2012-09-21,1425603.65,0,70.81,3.721,224.4017192,5.668,False,2012,38,9,-1.0,-1.8369701987210297e-16,-0.992708874098054,-0.12053668025532357,1375166.86,1336044.75,1515444.7925,6.0
6,2012-09-28,1369131.46,0,77.82,3.666,224.6029706,5.668,False,2012,39,9,-1.0,-1.8369701987210297e-16,-1.0,-1.8369701987210297e-16,1425603.65,1307551.92,1496571.8325,5.0
6,2012-10-05,1518177.71,0,70.84,3.617,224.804222,5.329,False,2012,40,10,-0.8660254037844386,0.5000000000000001,-0.992708874098054,0.1205366802553232,1369131.46,1481739.2,1444494.7449999999,4.0
6,2012-10-12,1459396.84,0,65.43,3.601,225.0054733,5.329,False,2012,41,10,-0.8660254037844386,0.5000000000000001,-0.9709418174260521,0.23931566428755738,1518177.71,1386520.99,1422019.92,3.0
6,2012-10-19,1436883.99,0,69.68,3.594,225.0501013,5.329,False,2012,42,10,-0.8660254037844386,0.5000000000000001,-0.9350162426854148,0.35460488704253557,1459396.84,1417922.37,1443077.415,2.0
6,2012-10-26,1431426.34,0,72.34,3.506,225.0686254,5.329,False,2012,43,10,-0.8660254037844386,0.5000000000000001,-0.8854560256532101,0.464723172043768,1436883.99,1419445.12,1445897.5,1.0
7,2011-02-04,558027.77,0,-2.06,3.011,191.7625895,8.818,False,2011,5,2,0.8660254037844386,0.5000000000000001,0.5680647467311558,0.8229838658936564,513372.17,496725.44,560865.1174999999,91.0
7,2011-02-11,559903.13,1,10.24,3.037,191.8572881,8.818,False,2011,6,2,0.8660254037844386,0.5000000000000001,0.6631226582407952,0.7485107481711011,558027.77,524104.92,535081.075,90.0
7,2011-02-18,572387.47,0,17.3,3.051,191.9178331,8.818,False,2011,7,2,0.8660254037844386,0.5000000000000001,0.7485107481711011,0.6631226582407953,559903.13,506760.54,538210.6325000001,89.0
7,2011-02-25,546690.84,0,17.46,3.101,191.9647167,8.818,False,2011,8,2,0.8660254037844386,0.5000000000000001,0.8229838658936564,0.5680647467311559,572387.47,496083.24,550922.635,88.0
7,2011-03-04,551378.39,0,21.84,3.232,192.0116004,8.818,False,2011,9,3,1.0,6.123233995736766e-17,0.8854560256532099,0.4647231720437686,546690.84,491419.55,559252.3025,87.0
7,2011-03-11,558963.83,0,20.7,3.372,192.058484,8.818,False,2011,10,3,1.0,6.123233995736766e-17,0.9350162426854148,0.35460488704253557,551378.39,480452.1,557589.9575,86.0
7,2011-03-18,635014.69,0,27.69,3.406,192.1237981,8.818,False,2011,11,3,1.0,6.123233995736766e-17,0.970941817426052,0.23931566428755804,558963.83,574450.23,557355.1325000001,85.0
7,2011-03-25,559061.58,0,25.69,3.414,192.1964844,8.818,False,2011,12,3,1.0,6.123233995736766e-17,0.992708874098054,0.120536680255323,635014.69,514731.6,573011.9375,84.0
7,2011-04-01,513409.67,0,24.83,3.461,192.2691707,8.595,False,2011,13,4,0.8660254037844387,-0.4999999999999998,1.0,-1.6081226496766364e-16,559061.58,561145.14,576104.6224999999,83.0
7,2011-04-08,500552.16,0,30.64,3.532,192.3418571,8.595,False,2011,14,4,0.8660254037844387,-0.4999999999999998,0.992708874098054,-0.12053668025532288,513409.67,484263.25,566612.4424999999,82.0
7,2011-04-15,423380.14,0,27.79,3.611,192.4225954,8.595,False,2011,15,4,0.8660254037844387,-0.4999999999999998,0.9709418174260521,-0.2393156642875575,500552.16,406228.19,552009.5249999999,81.0
7,2011-04-22,466594.89,0,31.84,3.636,192.5234638,8.595,False,2011,16,4,0.8660254037844387,-0.4999999999999998,0.9350162426854148,-0.35460488704253545,423380.14,404751.25,499100.88749999995,80.0
7,2011-04-29,410429.73,0,26.79,3.663,192.6243322,8.595,False,2011,17,4,0.8660254037844387,-0.4999999999999998,0.8854560256532099,-0.4647231720437685,466594.89,373655.61,475984.21499999997,79.0
7,2011-05-06,407012.47,0,26.54,3.735,192.7252006,8.595,False,2011,18,5,0.49999999999999994,-0.8660254037844387,0.8229838658936565,-0.5680647467311557,410429.73,395453.83,450239.23,78.0
7,2011-05-13,414094.05,0,36.61,3.767,192.826069,8.595,False,2011,19,5,0.49999999999999994,-0.8660254037844387,0.7485107481711013,-0.663122658240795,407012.47,372673.61,426854.3075,77.0
7,2011-05-20,424670.98,0,36.16,3.828,192.831317,8.595,False,2011,20,5,0.49999999999999994,-0.8660254037844387,0.6631226582407952,-0.7485107481711012,414094.05,395195.65,424532.785,76.0
7,2011-05-27,457216.87,0,37.51,3.795,192.8365651,8.595,False,2011,21,5,0.49999999999999994,-0.8660254037844387,0.5680647467311558,-0.8229838658936564,424670.98,442734.55,414051.8075,75.0
7,2011-06-03,542295.37,0,45.77,3.763,192.8418131,8.595,False,2011,22,6,1.2246467991473532e-16,-1.0,0.46472317204376906,-0.8854560256532096,457216.87,509183.22,425748.59249999997,74.0
7,2011-06-10,621099.95,0,53.3,3.735,192.8470612,8.595,False,2011,23,6,1.2246467991473532e-16,-1.0,0.35460488704253584,-0.9350162426854147,542295.37,498580.87,459569.3175,73.0
7,2011-06-17,610991.35,0,48.79,3.697,192.9034759,8.595,False,2011,24,6,1.2246467991473532e-16,-1.0,0.23931566428755768,-0.970941817426052,621099.95,481144.09,511320.7925,72.0
7,2011-06-24,640043.97,0,46.85,3.661,192.9982655,8.595,False,2011,25,6,1.2246467991473532e-16,-1.0,0.12053668025532308,-0.992708874098054,610991.35,553714.87,557900.885,71.0
7,2011-07-01,704344.21,0,58.54,3.597,193.0930552,8.622,False,2011,26,7,-0.4999999999999997,-0.8660254037844388,-3.216245299353273e-16,-1.0,640043.97,575570.77,603607.66,70.0
7,2011-07-08,761793.94,0,59.08,3.54,193.1878448,8.622,False,2011,27,7,-0.4999999999999997,-0.8660254037844388,-0.12053668025532283,-0.992708874098054,704344.21,593462.34,644119.87,69.0
7,2011-07-15,642748.21,0,54.37,3.532,193.3125484,8.622,False,2011,28,7,-0.4999999999999997,-0.8660254037844388,-0.23931566428755743,-0.9709418174260521,761793.94,557166.35,679293.3674999999,68.0
7,2011-07-22,688043.96,0,56.22,3.545,193.5120367,8.622,False,2011,29,7,-0.4999999999999997,-0.8660254037844388,-0.3546048870425356,-0.9350162426854148,642748.21,570231.21,687232.5824999999,67.0
7,2011-07-29,653382.62,0,56.66,3.547,193.711525,8.622,False,2011,30,7,-0.4999999999999997,-0.8660254037844388,-0.46472317204376806,-0.8854560256532101,688043.96,603547.16,699232.58,66.0
7,2011-08-05,695392.84,0,55.91,3.554,193.9110133,8.622,False,2011,31,8,-0.8660254037844384,-0.5000000000000004,-0.5680647467311556,-0.8229838658936565,653382.62,643854.17,686492.1825,65.0
7,2011-08-12,670670.46,0,54.56,3.542,194.1105017,8.622,False,2011,32,8,-0.8660254037844384,-0.5000000000000004,-0.663122658240795,-0.7485107481711013,695392.84,598185.4,669891.9075,64.0
7,2011-08-19,645156.21,0,56.06,3.499,194.2500634,8.622,False,2011,33,8,-0.8660254037844384,-0.5000000000000004,-0.7485107481711011,-0.6631226582407952,670670.46,582353.17,676872.47,63.0
7,2011-08-26,629994.47,0,57.6,3.485,194.3796374,8.622,False,2011,34,8,-0.8660254037844384,-0.5000000000000004,-0.8229838658936564,-0.5680647467311559,645156.21,554309.24,666150.5325,62.0
7,2011-09-02,592355.24,0,53.4,3.511,194.5092113,8.622,False,2011,35,9,-1.0,-1.8369701987210297e-16,-0.8854560256532096,-0.4647231720437691,629994.47,532765.05,660303.495,61.0
7,2011-09-09,613135.23,1,45.61,3.566,194.6387853,8.622,False,2011,36,9,-1.0,-1.8369701987210297e-16,-0.9350162426854147,-0.3546048870425359,592355.24,535769.32,634544.095,60.0
7,2011-09-16,558981.45,0,43.67,3.596,194.7419707,8.622,False,2011,37,9,-1.0,-1.8369701987210297e-16,-0.970941817426052,-0.23931566428755774,613135.23,489408.53,620160.2875,59.0
7,2011-09-23,536144.81,0,43.67,3.581,194.8099713,8.622,False,2011,38,9,-1.0,-1.8369701987210297e-16,-0.992708874098054,-0.12053668025532357,558981.45,488008.83,598616.5975,58.0
7,2011-09-30,488880.26,0,47.34,3.538,194.8779718,8.622,False,2011,39,9,-1.0,-1.8369701987210297e-16,-1.0,-1.8369701987210297e-16,536144.81,448998.73,575154.1825,57.0
7,2011-10-07,525866.36,0,40.65,3.498,194.9459724,8.513,False,2011,40,10,-0.8660254037844386,0.5000000000000001,-0.992708874098054,0.1205366802553232,488880.26,480239.88,549285.4375,56.0
7,2011-10-14,501959.19,0,32.65,3.491,195.0261012,8.513,False,2011,41,10,-0.8660254037844386,0.5000000000000001,-0.9709418174260521,0.23931566428755738,525866.36,463370.48,527468.22,55.0
7,2011-10-21,558691.43,0,37.49,3.548,195.1789994,8.513,False,2011,42,10,-0.8660254037844386,0.5000000000000001,-0.9350162426854148,0.35460488704253557,501959.19,472450.81,513212.65499999997,54.0
7,2011-10-28,527339.52,0,28.82,3.55,195.3318977,8.513,False,2011,43,10,-0.8660254037844386,0.5000000000000001,-0.8854560256532101,0.464723172043768,558691.43,465493.15,518849.31000000006,53.0
7,2011-11-04,564536.01,0,23.41,3.527,195.4847959,8.513,False,2011,44,11,-0.5000000000000004,0.8660254037844384,-0.822983865893657,0.5680647467311548,527339.52,480512.44,528464.125,52.0
7,2011-11-11,556015.59,0,19.53,3.505,195.6376941,8.513,False,2011,45,11,-0.5000000000000004,0.8660254037844384,-0.7485107481711011,0.6631226582407952,564536.01,507584.29,538131.5375000001,51.0
7,2011-11-18,539826.56,0,29.53,3.479,195.7184713,8.513,False,2011,46,11,-0.5000000000000004,0.8660254037844384,-0.6631226582407955,0.7485107481711007,556015.59,482528.36,551645.6375000001,50.0
7,2011-11-25,949075.87,1,27.6,3.424,195.7704,8.513,True,2011,47,11,-0.5000000000000004,0.8660254037844384,-0.5680647467311559,0.8229838658936564,539826.56,835189.26,546929.42,49.0
7,2011-12-02,591907.88,0,20.38,3.378,195.8223287,8.513,False,2011,48,12,-2.4492935982947064e-16,1.0,-0.4647231720437684,0.88545602565321,949075.87,552811.62,652363.5075000001,48.0
7,2011-12-09,653845.45,0,11.17,3.331,195.8742575,8.513,False,2011,49,12,-2.4492935982947064e-16,1.0,-0.35460488704253595,0.9350162426854147,591907.88,599730.07,659206.475,47.0
7,2011-12-16,720242.19,0,15.2,3.266,195.9841685,8.513,False,2011,50,12,-2.4492935982947064e-16,1.0,-0.2393156642875578,0.970941817426052,653845.45,716388.81,683663.9400000001,46.0
7,2011-12-23,1059715.27,0,12.19,3.173,196.1713893,8.513,True,2011,51,12,-2.4492935982947064e-16,1.0,-0.12053668025532363,0.992708874098054,720242.19,1045124.88,728767.8475,45.0
7,2011-12-30,815915.52,1,15.56,3.119,196.3586101,8.513,True,2011,52,12,-2.4492935982947064e-16,1.0,6.432490598706546e-16,1.0,1059715.27,729572.08,756427.6975,44.0
7,2012-01-06,713117.66,0,18.67,3.095,196.5458309,8.256,False,2012,1,1,0.49999999999999994,0.8660254037844387,0.12053668025532305,0.992708874098054,815915.52,661163.94,812429.6075,43.0
7,2012-01-13,593875.46,0,7.46,3.077,196.7330517,8.256,False,2012,2,1,0.49999999999999994,0.8660254037844387,0.23931566428755774,0.970941817426052,713117.66,547384.9,827247.66,42.0
7,2012-01-20,578002.85,0,27.41,3.055,196.7796652,8.256,False,2012,3,1,0.49999999999999994,0.8660254037844387,0.3546048870425356,0.9350162426854148,593875.46,521539.46,795655.9775,41.0
7,2012-01-27,541037.98,0,26.9,3.038,196.8262786,8.256,False,2012,4,1,0.49999999999999994,0.8660254037844387,0.4647231720437685,0.8854560256532099,578002.85,513372.17,675227.8725,40.0
7,2012-02-03,580453.32,0,22.2,3.031,196.8728921,8.256,False,2012,5,2,0.8660254037844386,0.5000000000000001,0.5680647467311558,0.8229838658936564,541037.98,558027.77,606508.4875,39.0
7,2012-02-10,563460.77,1,18.79,3.103,196.9195056,8.256,False,2012,6,2,0.8660254037844386,0.5000000000000001,0.6631226582407952,0.7485107481711011,580453.32,559903.13,573342.4025,38.0
7,2012-02-17,620908.18,0,27.03,3.113,196.9432711,8.256,False,2012,7,2,0.8660254037844386,0.5000000000000001,0.7485107481711011,0.6631226582407953,563460.77,572387.47,565738.73,37.0
7,2012-02-24,603041.14,0,24.41,3.129,196.9499007,8.256,False,2012,8,2,0.8660254037844386,0.5000000000000001,0.8229838658936564,0.5680647467311559,620908.18,546690.84,576465.0625,36.0
7,2012-03-02,551058.13,0,21.64,3.191,196.9565303,8.256,False,2012,9,3,1.0,6.123233995736766e-17,0.8854560256532099,0.4647231720437686,603041.14,551378.39,591965.8525,35.0
7,2012-03-09,579166.5,0,30.1,3.286,196.9631599,8.256,False,2012,10,3,1.0,6.123233995736766e-17,0.9350162426854148,0.35460488704253557,551058.13,558963.83,584617.055,34.0
7,2012-03-16,669205.73,0,37.29,3.486,197.0457208,8.256,False,2012,11,3,1.0,6.123233995736766e-17,0.970941817426052,0.23931566428755804,579166.5,635014.69,588543.4875,33.0
7,2012-03-23,615997.29,0,35.06,3.664,197.2295234,8.256,False,2012,12,3,1.0,6.123233995736766e-17,0.992708874098054,0.120536680255323,669205.73,559061.58,600617.875,32.0
7,2012-03-30,583322.2,0,44.99,3.75,197.4133259,8.256,False,2012,13,3,1.0,6.123233995736766e-17,1.0,-1.6081226496766364e-16,615997.29,513409.67,603856.9125,31.0
7,2012-04-06,621425.98,0,44.29,3.854,197.5971285,8.09,False,2012,14,4,0.8660254037844387,-0.4999999999999998,0.992708874098054,-0.12053668025532288,583322.2,500552.16,611922.9299999999,30.0
7,2012-04-13,517420.23,0,41.43,3.901,197.780931,8.09,False,2012,15,4,0.8660254037844387,-0.4999999999999998,0.9709418174260521,-0.2393156642875575,621425.98,423380.14,622487.8,29.0
7,2012-04-20,457340.06,0,39.3,3.936,197.7227385,8.09,False,2012,16,4,0.8660254037844387,-0.4999999999999998,0.9350162426854148,-0.35460488704253545,517420.23,466594.89,584541.425,28.0
7,2012-04-27,467827.75,0,51.49,3.927,197.664546,8.09,False,2012,17,4,0.8660254037844387,-0.4999999999999998,0.8854560256532099,-0.4647231720437685,457340.06,410429.73,544877.1174999999,27.0
7,2012-05-04,465198.89,0,45.38,3.903,197.6063534,8.09,False,2012,18,5,0.49999999999999994,-0.8660254037844387,0.8229838658936565,-0.5680647467311557,467827.75,407012.47,516003.505,26.0
7,2012-05-11,460397.41,0,48.54,3.87,197.5481609,8.09,False,2012,19,5,0.49999999999999994,-0.8660254037844387,0.7485107481711013,-0.663122658240795,465198.89,414094.05,476946.7325,25.0
7,2012-05-18,468428.3,0,49.41,3.837,197.5553137,8.09,False,2012,20,5,0.49999999999999994,-0.8660254037844387,0.6631226582407952,-0.7485107481711012,460397.41,424670.98,462691.02749999997,24.0
7,2012-05-25,532739.77,0,50.6,3.804,197.5886046,8.09,False,2012,21,5,0.49999999999999994,-0.8660254037844387,0.5680647467311558,-0.8229838658936564,468428.3,457216.87,465463.08749999997,23.0
7,2012-06-01,598495.02,0,55.06,3.764,197.6218954,8.09,False,2012,22,6,1.2246467991473532e-16,-1.0,0.46472317204376906,-0.8854560256532096,532739.77,542295.37,481691.09249999997,22.0
7,2012-06-08,642963.75,0,63.07,3.741,197.6551863,8.09,False,2012,23,6,1.2246467991473532e-16,-1.0,0.35460488704253584,-0.9350162426854147,598495.02,621099.95,515015.125,21.0
7,2012-06-15,666942.02,0,59.33,3.723,197.692292,8.09,False,2012,24,6,1.2246467991473532e-16,-1.0,0.23931566428755768,-0.970941817426052,642963.75,610991.35,560656.71,20.0
7,2012-06-22,687344.68,0,63.69,3.735,197.7389345,8.09,False,2012,25,6,1.2246467991473532e-16,-1.0,0.12053668025532308,-0.992708874098054,666942.02,640043.97,610285.14,19.0
7,2012-06-29,704335.41,0,68.84,3.693,197.785577,8.09,False,2012,26,6,1.2246467991473532e-16,-1.0,-3.216245299353273e-16,-1.0,687344.68,704344.21,648936.3675,18.0
7,2012-07-06,805642.61,0,64.67,3.646,197.8322195,7.872,False,2012,27,7,-0.4999999999999997,-0.8660254037844388,-0.12053668025532283,-0.992708874098054,704335.41,761793.94,675396.4650000001,17.0
7,2012-07-13,694150.89,0,64.21,3.613,197.8788621,7.872,False,2012,28,7,-0.4999999999999997,-0.8660254037844388,-0.23931566428755743,-0.9709418174260521,805642.61,642748.21,716066.18,16.0
7,2012-07-20,686345.69,0,62.87,3.585,197.9290378,7.872,False,2012,29,7,-0.4999999999999997,-0.8660254037844388,-0.3546048870425356,-0.9350162426854148,694150.89,688043.96,722868.3975,15.0
7,2012-07-27,686365.4,0,64.6,3.57,197.9792136,7.872,False,2012,30,7,-0.4999999999999997,-0.8660254037844388,-0.46472317204376806,-0.8854560256532101,686345.69,653382.62,722618.6499999999,14.0
7,2012-08-03,680954.81,0,61.83,3.528,198.0293893,7.872,False,2012,31,8,-0.8660254037844384,-0.5000000000000004,-0.5680647467311556,-0.8229838658936565,686365.4,695392.84,718126.1475,13.0
7,2012-08-10,675926.3,0,63.41,3.509,198.0795651,7.872,False,2012,32,8,-0.8660254037844384,-0.5000000000000004,-0.663122658240795,-0.7485107481711013,680954.81,670670.46,686954.1975,12.0
7,2012-08-17,642450.4,0,59.66,3.545,198.1001057,7.872,False,2012,33,8,-0.8660254037844384,-0.5000000000000004,-0.7485107481711011,-0.6631226582407952,675926.3,645156.21,682398.05,11.0
7,2012-08-24,609099.37,0,59.27,3.558,198.0984199,7.872,False,2012,34,8,-0.8660254037844384,-0.5000000000000004,-0.8229838658936564,-0.5680647467311559,642450.4,629994.47,671424.2275,10.0
7,2012-08-31,586467.16,0,60.46,3.556,198.0967341,7.872,False,2012,35,8,-0.8660254037844384,-0.5000000000000004,-0.8854560256532096,-0.4647231720437691,609099.37,592355.24,652107.7200000001,9.0
7,2012-09-07,597876.55,1,57.84,3.596,198.0950484,7.872,False,2012,36,9,-1.0,-1.8369701987210297e-16,-0.9350162426854147,-0.3546048870425359,586467.16,613135.23,628485.8075000001,8.0
7,2012-09-14,541120.2,0,53.66,3.659,198.1267184,7.872,False,2012,37,9,-1.0,-1.8369701987210297e-16,-0.970941817426052,-0.23931566428755774,597876.55,558981.45,608973.37,7.0
7,2012-09-21,530842.25,0,51.77,3.765,198.358523,7.872,False,2012,38,9,-1.0,-1.8369701987210297e-16,-0.992708874098054,-0.12053668025532357,541120.2,536144.81,583640.8200000001,6.0
7,2012-09-28,525545.76,0,50.64,3.789,198.5903276,7.872,False,2012,39,9,-1.0,-1.8369701987210297e-16,-1.0,-1.8369701987210297e-16,530842.25,488880.26,564076.54,5.0
7,2012-10-05,505830.56,0,48.43,3.779,198.8221322,7.557,False,2012,40,10,-0.8660254037844386,0.5000000000000001,-0.992708874098054,0.1205366802553232,525545.76,525866.36,548846.19,4.0
7,2012-10-12,503463.93,0,41.43,3.76,199.0539368,7.557,False,2012,41,10,-0.8660254037844386,0.5000000000000001,-0.9709418174260521,0.23931566428755738,505830.56,501959.19,525834.6925,3.0
7,2012-10-19,516424.83,0,43.01,3.75,199.1481963,7.557,False,2012,42,10,-0.8660254037844386,0.5000000000000001,-0.9350162426854148,0.35460488704253557,503463.93,558691.43,516420.625,2.0
7,2012-10-26,495543.28,0,42.53,3.686,199.2195317,7.557,False,2012,43,10,-0.8660254037844386,0.5000000000000001,-0.8854560256532101,0.464723172043768,516424.83,527339.52,512816.27,1.0
8,2011-02-04,944594.78,0,24.48,2.989,215.9327797,6.262,False,2011,5,2,0.8660254037844386,0.5000000000000001,0.5680647467311558,0.8229838658936564,782256.66,1004137.09,821909.1950000001,91.0
8,2011-02-11,996147.39,1,28.26,3.022,216.3126733,6.262,False,2011,6,2,0.8660254037844386,0.5000000000000001,0.6631226582407952,0.7485107481711011,944594.78,994801.4,839791.5825,90.0
8,2011-02-18,1065108.64,0,50.64,3.045,216.6310383,6.262,True,2011,7,2,0.8660254037844386,0.5000000000000001,0.7485107481711011,0.6631226582407953,996147.39,963960.37,886416.765,89.0
8,2011-02-25,917317.15,0,51.29,3.065,216.9247918,6.262,False,2011,8,2,0.8660254037844386,0.5000000000000001,0.8229838658936564,0.5680647467311559,1065108.64,847592.11,947026.8675,88.0
8,2011-03-04,935266.43,0,53.18,3.288,217.2185454,6.262,False,2011,9,3,1.0,6.123233995736766e-17,0.8854560256532099,0.4647231720437686,917317.15,881503.95,980791.99,87.0
8,2011-03-11,900387.29,0,49.14,3.459,217.512299,6.262,False,2011,10,3,1.0,6.123233995736766e-17,0.9350162426854148,0.35460488704253557,935266.43,860336.16,978459.9025,86.0
8,2011-03-18,898289.14,0,56.68,3.488,217.7705442,6.262,False,2011,11,3,1.0,6.123233995736766e-17,0.970941817426052,0.23931566428755804,900387.29,839911.0,954519.8775000001,85.0
8,2011-03-25,827968.36,0,59.74,3.473,218.0145862,6.262,False,2011,12,3,1.0,6.123233995736766e-17,0.992708874098054,0.120536680255323,898289.14,772539.12,912815.0025000001,84.0
8,2011-04-01,878762.3,0,49.86,3.524,218.2586281,6.297,False,2011,13,4,0.8660254037844387,-0.4999999999999998,1.0,-1.6081226496766364e-16,827968.36,914500.91,890477.805,83.0
8,2011-04-08,949825.83,0,65.62,3.622,218.50267,6.297,False,2011,14,4,0.8660254037844387,-0.4999999999999998,0.992708874098054,-0.12053668025532288,878762.3,916033.92,876351.7725,82.0
8,2011-04-15,908278.74,0,63.55,3.743,218.7262524,6.297,False,2011,15,4,0.8660254037844387,-0.4999999999999998,0.9709418174260521,-0.2393156642875575,949825.83,882917.12,888711.4075,81.0
8,2011-04-22,937473.13,0,65.11,3.807,218.8986857,6.297,False,2011,16,4,0.8660254037844387,-0.4999999999999998,0.9350162426854148,-0.35460488704253545,908278.74,850440.26,891208.8075,80.0
8,2011-04-29,855014.77,0,62.29,3.81,219.071119,6.297,False,2011,17,4,0.8660254037844387,-0.4999999999999998,0.8854560256532099,-0.4647231720437685,937473.13,778672.64,918585.0,79.0
8,2011-05-06,941457.34,0,58.92,3.906,219.2435524,6.297,False,2011,18,5,0.49999999999999994,-0.8660254037844387,0.8229838658936565,-0.5680647467311557,855014.77,916820.96,912648.1175,78.0
8,2011-05-13,895763.41,0,72.96,3.899,219.4159857,6.297,False,2011,19,5,0.49999999999999994,-0.8660254037844387,0.7485107481711013,-0.663122658240795,941457.34,873337.84,910555.995,77.0
8,2011-05-20,836049.89,0,65.54,3.907,219.1746922,6.297,False,2011,20,5,0.49999999999999994,-0.8660254037844387,0.6631226582407952,-0.7485107481711012,895763.41,818333.21,907427.1625,76.0
8,2011-05-27,857939.41,0,73.14,3.786,218.9333986,6.297,False,2011,21,5,0.49999999999999994,-0.8660254037844387,0.5680647467311558,-0.8229838658936564,836049.89,868041.56,882071.3525,75.0
8,2011-06-03,929222.16,0,82.05,3.699,218.6921051,6.297,False,2011,22,6,1.2246467991473532e-16,-1.0,0.46472317204376906,-0.8854560256532096,857939.41,958225.41,882802.5125,74.0
8,2011-06-10,897309.41,0,82.21,3.648,218.4508115,6.297,False,2011,23,6,1.2246467991473532e-16,-1.0,0.35460488704253584,-0.9350162426854147,929222.16,914835.86,879743.7175,73.0
8,2011-06-17,922048.41,0,84.73,3.637,218.4021448,6.297,False,2011,24,6,1.2246467991473532e-16,-1.0,0.23931566428755768,-0.970941817426052,897309.41,869922.56,880130.2175,72.0
8,2011-06-24,864881.24,0,83.94,3.594,218.4979481,6.297,False,2011,25,6,1.2246467991473532e-16,-1.0,0.12053668025532308,-0.992708874098054,922048.41,814919.11,901629.8475,71.0
8,2011-07-01,883683.35,0,87.26,3.524,218.5937514,6.425,False,2011,26,7,-0.4999999999999997,-0.8660254037844388,-3.216245299353273e-16,-1.0,864881.24,852333.75,903365.305,70.0
8,2011-07-08,861965.12,0,83.57,3.48,218.6895548,6.425,False,2011,27,7,-0.4999999999999997,-0.8660254037844388,-0.12053668025532283,-0.992708874098054,883683.35,845289.77,891980.6025,69.0
8,2011-07-15,849925.37,0,84.26,3.575,218.7746217,6.425,False,2011,28,7,-0.4999999999999997,-0.8660254037844388,-0.23931566428755743,-0.9709418174260521,861965.12,848630.57,883144.53,68.0
8,2011-07-22,829902.42,0,85.46,3.651,218.8328475,6.425,False,2011,29,7,-0.4999999999999997,-0.8660254037844388,-0.3546048870425356,-0.9350162426854148,849925.37,785515.88,865113.77,67.0
8,2011-07-29,807082.19,0,86.46,3.682,218.8910733,6.425,False,2011,30,7,-0.4999999999999997,-0.8660254037844388,-0.46472317204376806,-0.8854560256532101,829902.42,787295.09,856369.0650000001,66.0
8,2011-08-05,892393.77,0,85.15,3.684,218.9492991,6.425,False,2011,31,8,-0.8660254037844384,-0.5000000000000004,-0.5680647467311556,-0.8229838658936565,807082.19,893399.77,837218.775,65.0
8,2011-08-12,856796.1,0,86.05,3.638,219.0075249,6.425,False,2011,32,8,-0.8660254037844384,-0.5000000000000004,-0.663122658240795,-0.7485107481711013,892393.77,867919.21,844825.9375,64.0
8,2011-08-19,895066.5,0,82.92,3.554,219.0701968,6.425,False,2011,33,8,-0.8660254037844384,-0.5000000000000004,-0.7485107481711011,-0.6631226582407952,856796.1,870676.44,846543.6199999999,63.0
8,2011-08-26,912542.82,0,84.69,3.523,219.1336097,6.425,False,2011,34,8,-0.8660254037844384,-0.5000000000000004,-0.8229838658936564,-0.5680647467311559,895066.5,888816.78,862834.6399999999,62.0
8,2011-09-02,891387.14,0,84.77,3.533,219.1970226,6.425,False,2011,35,9,-1.0,-1.8369701987210297e-16,-0.8854560256532096,-0.4647231720437691,912542.82,899036.47,889199.7975,61.0
8,2011-09-09,848358.09,1,69.01,3.546,219.2604355,6.425,False,2011,36,9,-1.0,-1.8369701987210297e-16,-0.9350162426854147,-0.3546048870425359,891387.14,831425.2,888948.1399999999,60.0
8,2011-09-16,870971.82,0,69.09,3.526,219.4442443,6.425,False,2011,37,9,-1.0,-1.8369701987210297e-16,-0.970941817426052,-0.23931566428755774,848358.09,836707.85,886838.6375000001,59.0
8,2011-09-23,806444.29,0,68.72,3.467,219.788581,6.425,False,2011,38,9,-1.0,-1.8369701987210297e-16,-0.992708874098054,-0.12053668025532357,870971.82,773725.08,880814.9674999999,58.0
8,2011-09-30,809049.37,0,72.2,3.355,220.1329176,6.425,False,2011,39,9,-1.0,-1.8369701987210297e-16,-1.0,-1.8369701987210297e-16,806444.29,804105.49,854290.335,57.0
8,2011-10-07,929976.55,0,67.61,3.285,220.4772543,6.123,False,2011,40,10,-0.8660254037844386,0.5000000000000001,-0.992708874098054,0.1205366802553232,809049.37,870349.86,833705.8925000001,56.0
8,2011-10-14,863188.26,0,61.74,3.274,220.7960935,6.123,False,2011,41,10,-0.8660254037844386,0.5000000000000001,-0.9709418174260521,0.23931566428755738,929976.55,826546.96,854110.5075,55.0
8,2011-10-21,905984.49,0,59.97,3.353,220.9619484,6.123,False,2011,42,10,-0.8660254037844386,0.5000000000000001,-0.9350162426854148,0.35460488704253557,863188.26,836419.14,852164.6175,54.0
8,2011-10-28,876712.31,0,56.86,3.372,221.1278032,6.123,False,2011,43,10,-0.8660254037844386,0.5000000000000001,-0.8854560256532101,0.464723172043768,905984.49,830756.76,877049.6675,53.0
8,2011-11-04,947815.05,0,49.68,3.332,221.2936581,6.123,False,2011,44,11,-0.5000000000000004,0.8660254037844384,-0.822983865893657,0.5680647467311548,876712.31,927266.34,893965.4025,52.0
8,2011-11-11,917088.48,0,50.56,3.297,221.4595129,6.123,False,2011,45,11,-0.5000000000000004,0.8660254037844384,-0.7485107481711011,0.6631226582407952,947815.05,911538.98,898425.0275000001,51.0
8,2011-11-18,897032.19,0,51.72,3.308,221.6911738,6.123,False,2011,46,11,-0.5000000000000004,0.8660254037844384,-0.6631226582407955,0.7485107481711007,917088.48,885608.04,911900.0825,50.0
8,2011-11-25,1235163.86,1,49.61,3.236,221.9491571,6.123,True,2011,47,11,-0.5000000000000004,0.8660254037844384,-0.5680647467311559,0.8229838658936564,897032.19,1261693.16,909662.0075000001,49.0
8,2011-12-02,986601.46,0,40.82,3.172,222.2071405,6.123,False,2011,48,12,-2.4492935982947064e-16,1.0,-0.4647231720437684,0.88545602565321,1235163.86,952766.93,999274.895,48.0
8,2011-12-09,1051922.95,0,30.51,3.158,222.4651238,6.123,True,2011,49,12,-2.4492935982947064e-16,1.0,-0.35460488704253595,0.9350162426854147,986601.46,1069061.63,1008971.4974999999,47.0
8,2011-12-16,1118163.94,0,39.79,3.159,222.6910959,6.123,True,2011,50,12,-2.4492935982947064e-16,1.0,-0.2393156642875578,0.970941817426052,1051922.95,1220579.55,1042680.115,46.0
8,2011-12-23,1462254.05,0,38.16,3.112,222.8743862,6.123,True,2011,51,12,-2.4492935982947064e-16,1.0,-0.12053668025532363,0.992708874098054,1118163.94,1511641.09,1097963.0525,45.0
8,2011-12-30,858572.22,1,36.33,3.129,223.0576765,6.123,False,2011,52,12,-2.4492935982947064e-16,1.0,6.432490598706546e-16,1.0,1462254.05,773586.49,1154735.6,44.0
8,2012-01-06,872113.23,0,43.47,3.157,223.2409668,5.825,False,2012,1,1,0.49999999999999994,0.8660254037844387,0.12053668025532305,0.992708874098054,858572.22,873065.23,1122728.29,43.0
8,2012-01-13,817661.76,0,36.46,3.261,223.4242571,5.825,False,2012,2,1,0.49999999999999994,0.8660254037844387,0.23931566428755774,0.970941817426052,872113.23,809646.66,1077775.8599999999,42.0
8,2012-01-20,813954.82,0,46.81,3.268,223.5188055,5.825,False,2012,3,1,0.49999999999999994,0.8660254037844387,0.3546048870425356,0.9350162426854148,817661.76,822668.23,1002650.3150000001,41.0
8,2012-01-27,778178.53,0,45.52,3.29,223.6133539,5.825,False,2012,4,1,0.49999999999999994,0.8660254037844387,0.4647231720437685,0.8854560256532099,813954.82,782256.66,840575.5075,40.0
8,2012-02-03,927610.69,0,45.56,3.36,223.7079023,5.825,False,2012,5,2,0.8660254037844386,0.5000000000000001,0.5680647467311558,0.8229838658936564,778178.53,944594.78,820477.085,39.0
8,2012-02-10,1021400.42,1,35.71,3.409,223.8024507,5.825,False,2012,6,2,0.8660254037844386,0.5000000000000001,0.6631226582407952,0.7485107481711011,927610.69,996147.39,834351.4500000001,38.0
8,2012-02-17,1096232.89,0,37.51,3.51,223.9658621,5.825,True,2012,7,2,0.8660254037844386,0.5000000000000001,0.7485107481711011,0.6631226582407953,1021400.42,1065108.64,885286.115,37.0
8,2012-02-24,928537.54,0,46.33,3.555,224.1809207,5.825,False,2012,8,2,0.8660254037844386,0.5000000000000001,0.8229838658936564,0.5680647467311559,1096232.89,917317.15,955855.6325000001,36.0
8,2012-03-02,952264.91,0,50.95,3.63,224.3959793,5.825,False,2012,9,3,1.0,6.123233995736766e-17,0.8854560256532099,0.4647231720437686,928537.54,935266.43,993445.385,35.0
8,2012-03-09,960115.56,0,49.59,3.669,224.6110379,5.825,False,2012,10,3,1.0,6.123233995736766e-17,0.9350162426854148,0.35460488704253557,952264.91,900387.29,999608.94,34.0
8,2012-03-16,921178.39,0,56.63,3.734,224.7657327,5.825,False,2012,11,3,1.0,6.123233995736766e-17,0.970941817426052,0.23931566428755804,960115.56,898289.14,984287.725,33.0
8,2012-03-23,874223.25,0,52.9,3.787,224.8399424,5.825,False,2012,12,3,1.0,6.123233995736766e-17,0.992708874098054,0.120536680255323,921178.39,827968.36,940524.1,32.0
8,2012-03-30,905935.29,0,66.69,3.845,224.9141521,5.825,False,2012,13,3,1.0,6.123233995736766e-17,1.0,-1.6081226496766364e-16,874223.25,878762.3,926945.5275000001,31.0
8,2012-04-06,1046816.59,0,62.18,3.891,224.9883618,5.679,True,2012,14,4,0.8660254037844387,-0.4999999999999998,0.992708874098054,-0.12053668025532288,905935.29,949825.83,915363.1225,30.0
8,2012-04-13,909989.45,0,65.19,3.891,225.0625714,5.679,False,2012,15,4,0.8660254037844387,-0.4999999999999998,0.9709418174260521,-0.2393156642875575,1046816.59,908278.74,937038.38,29.0
8,2012-04-20,872288.46,0,63.59,3.877,225.1179914,5.679,False,2012,16,4,0.8660254037844387,-0.4999999999999998,0.9350162426854148,-0.35460488704253545,909989.45,937473.13,934241.145,28.0
8,2012-04-27,879448.25,0,70.34,3.814,225.1734114,5.679,False,2012,17,4,0.8660254037844387,-0.4999999999999998,0.8854560256532099,-0.4647231720437685,872288.46,855014.77,933757.4475,27.0
8,2012-05-04,937232.09,0,73.96,3.749,225.2288314,5.679,False,2012,18,5,0.49999999999999994,-0.8660254037844387,0.8229838658936565,-0.5680647467311557,879448.25,941457.34,927135.6875,26.0
8,2012-05-11,920128.89,0,64.96,3.688,225.2842514,5.679,False,2012,19,5,0.49999999999999994,-0.8660254037844387,0.7485107481711013,-0.663122658240795,937232.09,895763.41,899739.5625,25.0
8,2012-05-18,913922.01,0,64.16,3.63,225.3002908,5.679,False,2012,20,5,0.49999999999999994,-0.8660254037844387,0.6631226582407952,-0.7485107481711012,920128.89,836049.89,902274.4225,24.0
8,2012-05-25,895157.44,0,76.11,3.561,225.3005779,5.679,False,2012,21,5,0.49999999999999994,-0.8660254037844387,0.5680647467311558,-0.8229838658936564,913922.01,857939.41,912682.8099999999,23.0
8,2012-06-01,921161.2,0,78.31,3.501,225.300865,5.679,False,2012,22,6,1.2246467991473532e-16,-1.0,0.46472317204376906,-0.8854560256532096,895157.44,929222.16,916610.1074999999,22.0
8,2012-06-08,928820.0,0,74.28,3.452,225.3011521,5.679,False,2012,23,6,1.2246467991473532e-16,-1.0,0.35460488704253584,-0.9350162426854147,921161.2,897309.41,912592.385,21.0
8,2012-06-15,916918.7,0,77.14,3.393,225.3134743,5.679,False,2012,24,6,1.2246467991473532e-16,-1.0,0.23931566428755768,-0.970941817426052,928820.0,922048.41,914765.1625,20.0
8,2012-06-22,899449.65,0,78.85,3.346,225.3558843,5.679,False,2012,25,6,1.2246467991473532e-16,-1.0,0.12053668025532308,-0.992708874098054,916918.7,864881.24,915514.335,19.0
8,2012-06-29,878298.22,0,84.47,3.286,225.3982943,5.679,False,2012,26,6,1.2246467991473532e-16,-1.0,-3.216245299353273e-16,-1.0,899449.65,883683.35,916587.3875,18.0
8,2012-07-06,936205.5,0,81.24,3.227,225.4407043,5.401,False,2012,27,7,-0.4999999999999997,-0.8660254037844388,-0.12053668025532283,-0.992708874098054,878298.22,861965.12,905871.6425,17.0
8,2012-07-13,890488.01,0,78.46,3.256,225.4831143,5.401,False,2012,28,7,-0.4999999999999997,-0.8660254037844388,-0.23931566428755743,-0.9709418174260521,936205.5,849925.37,907718.0175,16.0
8,2012-07-20,888834.07,0,79.94,3.311,225.4930078,5.401,False,2012,29,7,-0.4999999999999997,-0.8660254037844388,-0.3546048870425356,-0.9350162426854148,890488.01,829902.42,901110.345,15.0
8,2012-07-27,838227.52,0,81.71,3.407,225.5029014,5.401,False,2012,30,7,-0.4999999999999997,-0.8660254037844388,-0.46472317204376806,-0.8854560256532101,888834.07,807082.19,898456.45,14.0
8,2012-08-03,897076.73,0,85.06,3.417,225.5127949,5.401,False,2012,31,8,-0.8660254037844384,-0.5000000000000004,-0.5680647467311556,-0.8229838658936565,838227.52,892393.77,888438.775,13.0
8,2012-08-10,930745.69,0,83.74,3.494,225.5226885,5.401,False,2012,32,8,-0.8660254037844384,-0.5000000000000004,-0.663122658240795,-0.7485107481711013,897076.73,856796.1,878656.5825,12.0
8,2012-08-17,896613.19,0,81.21,3.571,225.6050797,5.401,False,2012,33,8,-0.8660254037844384,-0.5000000000000004,-0.7485107481711011,-0.6631226582407952,930745.69,895066.5,888721.0025000001,11.0
8,2012-08-24,936373.65,0,73.77,3.62,225.7418442,5.401,False,2012,34,8,-0.8660254037844384,-0.5000000000000004,-0.8229838658936564,-0.5680647467311559,896613.19,912542.82,890665.7825,10.0
8,2012-08-31,976137.73,0,75.33,3.638,225.8786088,5.401,False,2012,35,8,-0.8660254037844384,-0.5000000000000004,-0.8854560256532096,-0.4647231720437691,936373.65,891387.14,915202.315,9.0
8,2012-09-07,932160.37,1,80.87,3.73,226.0153733,5.401,False,2012,36,9,-1.0,-1.8369701987210297e-16,-0.9350162426854147,-0.3546048870425359,976137.73,848358.09,934967.565,8.0
8,2012-09-14,883569.38,0,67.21,3.717,226.1615981,5.401,False,2012,37,9,-1.0,-1.8369701987210297e-16,-0.970941817426052,-0.23931566428755774,932160.37,870971.82,935321.235,7.0
8,2012-09-21,857796.45,0,66.96,3.721,226.3645848,5.401,False,2012,38,9,-1.0,-1.8369701987210297e-16,-0.992708874098054,-0.12053668025532357,883569.38,806444.29,932060.2825,6.0
8,2012-09-28,884724.41,0,71.1,3.666,226.5675714,5.401,False,2012,39,9,-1.0,-1.8369701987210297e-16,-1.0,-1.8369701987210297e-16,857796.45,809049.37,912415.9824999999,5.0
8,2012-10-05,976436.02,0,61.41,3.617,226.7705581,5.124,False,2012,40,10,-0.8660254037844386,0.5000000000000001,-0.992708874098054,0.1205366802553232,884724.41,929976.55,889562.6525,4.0
8,2012-10-12,927511.99,0,55.03,3.601,226.9735448,5.124,False,2012,41,10,-0.8660254037844386,0.5000000000000001,-0.9709418174260521,0.23931566428755738,976436.02,863188.26,900631.565,3.0
8,2012-10-19,900309.75,0,62.99,3.594,227.0184166,5.124,False,2012,42,10,-0.8660254037844386,0.5000000000000001,-0.9350162426854148,0.35460488704253557,927511.99,905984.49,911617.2175,2.0
8,2012-10-26,891671.44,0,64.74,3.506,227.0369359,5.124,False,2012,43,10,-0.8660254037844386,0.5000000000000001,-0.8854560256532101,0.464723172043768,900309.75,876712.31,922245.5425,1.0
9,2011-02-04,544612.28,0,31.82,2.989,216.1162864,6.416,False,2011,5,2,0.8660254037844386,0.5000000000000001,0.5680647467311558,0.8229838658936564,463561.48,549505.55,466662.91000000003,91.0
9,2011-02-11,555279.02,1,34.13,3.022,216.496729,6.416,False,2011,6,2,0.8660254037844386,0.5000000000000001,0.6631226582407952,0.7485107481711011,544612.28,552677.48,480070.535,90.0
9,2011-02-18,610985.56,0,58.5,3.045,216.8154856,6.416,False,2011,7,2,0.8660254037844386,0.5000000000000001,0.7485107481711011,0.6631226582407953,555279.02,511327.9,504368.6175,89.0
9,2011-02-25,513107.2,0,59.01,3.065,217.1095679,6.416,False,2011,8,2,0.8660254037844386,0.5000000000000001,0.8229838658936564,0.5680647467311559,610985.56,473773.27,543609.585,88.0
9,2011-03-04,542016.18,0,60.67,3.288,217.4036503,6.416,False,2011,9,3,1.0,6.123233995736766e-17,0.8854560256532099,0.4647231720437686,513107.2,507297.88,555996.015,87.0
9,2011-03-11,517783.5,0,54.75,3.459,217.6977326,6.416,False,2011,10,3,1.0,6.123233995736766e-17,0.9350162426854148,0.35460488704253557,542016.18,494145.8,555346.99,86.0
9,2011-03-18,515226.11,0,63.82,3.488,217.9563371,6.416,False,2011,11,3,1.0,6.123233995736766e-17,0.970941817426052,0.23931566428755804,517783.5,485744.61,545973.1100000001,85.0
9,2011-03-25,497488.4,0,68.79,3.473,218.2007506,6.416,False,2011,12,3,1.0,6.123233995736766e-17,0.992708874098054,0.120536680255323,515226.11,484946.56,522033.24750000006,84.0
9,2011-04-01,520962.14,0,56.12,3.524,218.445164,6.38,False,2011,13,4,0.8660254037844387,-0.4999999999999998,1.0,-1.6081226496766364e-16,497488.4,545206.32,518128.54750000004,83.0
9,2011-04-08,561625.92,0,71.4,3.622,218.6895775,6.38,False,2011,14,4,0.8660254037844387,-0.4999999999999998,0.992708874098054,-0.12053668025532288,520962.14,529384.31,512865.0375,82.0
9,2011-04-15,528420.28,0,71.9,3.743,218.9134935,6.38,False,2011,15,4,0.8660254037844387,-0.4999999999999998,0.9709418174260521,-0.2393156642875575,561625.92,485764.32,523825.6425,81.0
9,2011-04-22,549502.11,0,72.35,3.807,219.0861659,6.38,False,2011,16,4,0.8660254037844387,-0.4999999999999998,0.9350162426854148,-0.35460488704253545,528420.28,488683.57,527124.185,80.0
9,2011-04-29,532226.2,0,70.85,3.81,219.2588382,6.38,False,2011,17,4,0.8660254037844387,-0.4999999999999998,0.8854560256532099,-0.4647231720437685,549502.11,491723.42,540127.6125,79.0
9,2011-05-06,545251.1,0,62.2,3.906,219.4315106,6.38,False,2011,18,5,0.49999999999999994,-0.8660254037844387,0.8229838658936565,-0.5680647467311557,532226.2,526128.61,542943.6275,78.0
9,2011-05-13,539126.0,0,77.66,3.899,219.6041829,6.38,False,2011,19,5,0.49999999999999994,-0.8660254037844387,0.7485107481711013,-0.663122658240795,545251.1,492792.8,538849.9225,77.0
9,2011-05-20,518266.9,0,70.49,3.907,219.3622809,6.38,False,2011,20,5,0.49999999999999994,-0.8660254037844387,0.6631226582407952,-0.7485107481711012,539126.0,506274.94,541526.3525,76.0
9,2011-05-27,553834.04,0,80.42,3.786,219.1203788,6.38,False,2011,21,5,0.49999999999999994,-0.8660254037844387,0.5680647467311558,-0.8229838658936564,518266.9,558143.53,533717.55,75.0
9,2011-06-03,587004.29,0,85.8,3.699,218.8784768,6.38,False,2011,22,6,1.2246467991473532e-16,-1.0,0.46472317204376906,-0.8854560256532096,553834.04,586061.46,539119.51,74.0
9,2011-06-10,550076.32,0,85.81,3.648,218.6365747,6.38,False,2011,23,6,1.2246467991473532e-16,-1.0,0.35460488704253584,-0.9350162426854147,587004.29,522715.68,549557.8075,73.0
9,2011-06-17,558671.14,0,89.15,3.637,218.5877333,6.38,False,2011,24,6,1.2246467991473532e-16,-1.0,0.23931566428755768,-0.970941817426052,550076.32,513073.87,552295.3875,72.0
9,2011-06-24,538745.93,0,86.74,3.594,218.6836874,6.38,False,2011,25,6,1.2246467991473532e-16,-1.0,0.12053668025532308,-0.992708874098054,558671.14,509263.28,562396.4475,71.0
9,2011-07-01,537064.03,0,89.14,3.524,218.7796415,6.404,False,2011,26,7,-0.4999999999999997,-0.8660254037844388,-3.216245299353273e-16,-1.0,538745.93,528832.54,558624.42,70.0
9,2011-07-08,535983.13,0,89.04,3.48,218.8755955,6.404,False,2011,27,7,-0.4999999999999997,-0.8660254037844388,-0.12053668025532283,-0.992708874098054,537064.03,485389.15,546139.355,69.0
9,2011-07-15,512834.04,0,90.45,3.575,218.9607242,6.404,False,2011,28,7,-0.4999999999999997,-0.8660254037844388,-0.23931566428755743,-0.9709418174260521,535983.13,474030.51,542616.0575,68.0
9,2011-07-22,491449.94,0,89.08,3.651,219.0187895,6.404,False,2011,29,7,-0.4999999999999997,-0.8660254037844388,-0.3546048870425356,-0.9350162426854148,512834.04,462676.5,531156.7825,67.0
9,2011-07-29,471449.98,0,91.1,3.682,219.0768548,6.404,False,2011,30,7,-0.4999999999999997,-0.8660254037844388,-0.46472317204376806,-0.8854560256532101,491449.94,468675.19,519332.78500000003,66.0
9,2011-08-05,554879.67,0,91.52,3.684,219.1349201,6.404,False,2011,31,8,-0.8660254037844384,-0.5000000000000004,-0.5680647467311556,-0.8229838658936565,471449.98,522815.45,502929.27249999996,65.0
9,2011-08-12,520284.79,0,91.63,3.638,219.1929854,6.404,False,2011,32,8,-0.8660254037844384,-0.5000000000000004,-0.663122658240795,-0.7485107481711013,554879.67,481897.98,507653.40750000003,64.0
9,2011-08-19,540819.44,0,85.8,3.554,219.2556109,6.404,False,2011,33,8,-0.8660254037844384,-0.5000000000000004,-0.7485107481711011,-0.6631226582407952,520284.79,499325.38,509516.09500000003,63.0
9,2011-08-26,542663.53,0,88.95,3.523,219.3189965,6.404,False,2011,34,8,-0.8660254037844384,-0.5000000000000004,-0.8229838658936564,-0.5680647467311559,540819.44,506789.66,521858.47,62.0
9,2011-09-02,544643.33,0,89.33,3.533,219.382382,6.404,False,2011,35,9,-1.0,-1.8369701987210297e-16,-0.8854560256532096,-0.4647231720437691,542663.53,511049.06,539661.8574999999,61.0
9,2011-09-09,528784.86,1,75.65,3.546,219.4457675,6.404,False,2011,36,9,-1.0,-1.8369701987210297e-16,-0.9350162426854147,-0.3546048870425359,544643.33,484835.2,537102.7725,60.0
9,2011-09-16,500274.03,0,77.95,3.526,219.6297841,6.404,False,2011,37,9,-1.0,-1.8369701987210297e-16,-0.970941817426052,-0.23931566428755774,528784.86,463448.59,539227.79,59.0
9,2011-09-23,506743.78,0,74.42,3.467,219.9746423,6.404,False,2011,38,9,-1.0,-1.8369701987210297e-16,-0.992708874098054,-0.12053668025532357,500274.03,452905.22,529091.4375,58.0
9,2011-09-30,508567.04,0,78.45,3.355,220.3195004,6.404,False,2011,39,9,-1.0,-1.8369701987210297e-16,-1.0,-1.8369701987210297e-16,506743.78,495692.19,520111.5,57.0
9,2011-10-07,553836.98,0,72.62,3.285,220.6643585,6.054,False,2011,40,10,-0.8660254037844386,0.5000000000000001,-0.992708874098054,0.1205366802553232,508567.04,505069.21,511092.4275,56.0
9,2011-10-14,529515.66,0,67.27,3.274,220.9836849,6.054,False,2011,41,10,-0.8660254037844386,0.5000000000000001,-0.9709418174260521,0.23931566428755738,553836.98,454769.68,517355.4575,55.0
9,2011-10-21,557075.21,0,65.46,3.353,221.1498206,6.054,False,2011,42,10,-0.8660254037844386,0.5000000000000001,-0.9350162426854148,0.35460488704253557,529515.66,466322.76,524665.865,54.0
9,2011-10-28,548527.49,0,63.96,3.372,221.3159563,6.054,False,2011,43,10,-0.8660254037844386,0.5000000000000001,-0.8854560256532101,0.464723172043768,557075.21,508801.61,537248.7225,53.0
9,2011-11-04,597855.07,0,54.46,3.332,221.4820921,6.054,False,2011,44,11,-0.5000000000000004,0.8660254037844384,-0.822983865893657,0.5680647467311548,548527.49,517869.97,547238.835,52.0
9,2011-11-11,594574.12,0,58.28,3.297,221.6482278,6.054,False,2011,45,11,-0.5000000000000004,0.8660254037844384,-0.7485107481711011,0.6631226582407952,597855.07,520846.68,558243.3574999999,51.0
9,2011-11-18,542414.27,0,58.8,3.308,221.8803923,6.054,False,2011,46,11,-0.5000000000000004,0.8660254037844384,-0.6631226582407955,0.7485107481711007,594574.12,519823.3,574507.9724999999,50.0
9,2011-11-25,814753.5,1,54.32,3.236,222.1389683,6.054,True,2011,47,11,-0.5000000000000004,0.8660254037844384,-0.5680647467311559,0.8229838658936564,542414.27,768070.53,570842.7374999999,49.0
9,2011-12-02,613115.21,0,46.84,3.172,222.3975443,6.054,False,2011,48,12,-2.4492935982947064e-16,1.0,-0.4647231720437684,0.88545602565321,814753.5,578164.82,637399.24,48.0
9,2011-12-09,630327.28,0,37.65,3.158,222.6561203,6.054,False,2011,49,12,-2.4492935982947064e-16,1.0,-0.35460488704253595,0.9350162426854147,613115.21,618121.82,641214.275,47.0
9,2011-12-16,705557.97,0,47.31,3.159,222.8825484,6.054,True,2011,50,12,-2.4492935982947064e-16,1.0,-0.2393156642875578,0.970941817426052,630327.28,685243.2,650152.565,46.0
9,2011-12-23,905324.68,0,44.43,3.112,223.0661125,6.054,True,2011,51,12,-2.4492935982947064e-16,1.0,-0.12053668025532363,0.992708874098054,705557.97,873347.55,690938.49,45.0
9,2011-12-30,549788.36,1,43.41,3.129,223.2496766,6.054,False,2011,52,12,-2.4492935982947064e-16,1.0,6.432490598706546e-16,1.0,905324.68,459770.85,713581.2849999999,44.0
9,2012-01-06,519585.67,0,47.54,3.157,223.4332408,5.667,False,2012,1,1,0.49999999999999994,0.8660254037844387,0.12053668025532305,0.992708874098054,549788.36,490981.78,697749.5725,43.0
9,2012-01-13,474964.6,0,42.44,3.261,223.6168049,5.667,False,2012,2,1,0.49999999999999994,0.8660254037844387,0.23931566428755774,0.970941817426052,519585.67,458086.69,670064.17,42.0
9,2012-01-20,480130.04,0,51.56,3.268,223.7114288,5.667,False,2012,3,1,0.49999999999999994,0.8660254037844387,0.3546048870425356,0.9350162426854148,474964.6,454021.69,612415.8275,41.0
9,2012-01-27,482451.21,0,49.38,3.29,223.8060527,5.667,False,2012,4,1,0.49999999999999994,0.8660254037844387,0.4647231720437685,0.8854560256532099,480130.04,463561.48,506117.1675,40.0
9,2012-02-03,549967.89,0,54.43,3.36,223.9006766,5.667,False,2012,5,2,0.8660254037844386,0.5000000000000001,0.5680647467311558,0.8229838658936564,482451.21,544612.28,489282.88,39.0
9,2012-02-10,609736.12,1,44.03,3.409,223.9953006,5.667,False,2012,6,2,0.8660254037844386,0.5000000000000001,0.6631226582407952,0.7485107481711011,549967.89,555279.02,496878.435,38.0
9,2012-02-17,658965.05,0,43.81,3.51,224.1588663,5.667,True,2012,7,2,0.8660254037844386,0.5000000000000001,0.7485107481711011,0.6631226582407953,609736.12,610985.56,530571.3150000001,37.0
9,2012-02-24,563578.79,0,53.67,3.555,224.3741384,5.667,False,2012,8,2,0.8660254037844386,0.5000000000000001,0.8229838658936564,0.5680647467311559,658965.05,513107.2,575280.0675,36.0
9,2012-03-02,619498.28,0,57.2,3.63,224.5894104,5.667,False,2012,9,3,1.0,6.123233995736766e-17,0.8854560256532099,0.4647231720437686,563578.79,542016.18,595561.9625,35.0
9,2012-03-09,574955.95,0,54.03,3.669,224.8046825,5.667,False,2012,10,3,1.0,6.123233995736766e-17,0.9350162426854148,0.35460488704253557,619498.28,517783.5,612944.56,34.0
9,2012-03-16,550373.57,0,59.94,3.734,224.9594902,5.667,False,2012,11,3,1.0,6.123233995736766e-17,0.970941817426052,0.23931566428755804,574955.95,515226.11,604249.5175,33.0
9,2012-03-23,550791.32,0,58.79,3.787,225.0336786,5.667,False,2012,12,3,1.0,6.123233995736766e-17,0.992708874098054,0.120536680255323,550373.57,497488.4,577101.6475,32.0
9,2012-03-30,574985.37,0,67.87,3.845,225.107867,5.667,False,2012,13,3,1.0,6.123233995736766e-17,1.0,-1.6081226496766364e-16,550791.32,520962.14,573904.78,31.0
9,2012-04-06,677885.99,0,68.83,3.891,225.1820555,5.539,True,2012,14,4,0.8660254037844387,-0.4999999999999998,0.992708874098054,-0.12053668025532288,574985.37,561625.92,562776.5525,30.0
9,2012-04-13,578539.86,0,69.19,3.891,225.2562439,5.539,False,2012,15,4,0.8660254037844387,-0.4999999999999998,0.9709418174260521,-0.2393156642875575,677885.99,528420.28,588509.0625,29.0
9,2012-04-20,542819.03,0,68.04,3.877,225.3117488,5.539,False,2012,16,4,0.8660254037844387,-0.4999999999999998,0.9350162426854148,-0.35460488704253545,578539.86,549502.11,595550.635,28.0
9,2012-04-27,550414.99,0,73.07,3.814,225.3672537,5.539,False,2012,17,4,0.8660254037844387,-0.4999999999999998,0.8854560256532099,-0.4647231720437685,542819.03,532226.2,593557.5625,27.0
9,2012-05-04,586289.08,0,78.98,3.749,225.4227585,5.539,False,2012,18,5,0.49999999999999994,-0.8660254037844387,0.8229838658936565,-0.5680647467311557,550414.99,545251.1,587414.9675,26.0
9,2012-05-11,592572.3,0,70.94,3.688,225.4782634,5.539,False,2012,19,5,0.49999999999999994,-0.8660254037844387,0.7485107481711013,-0.663122658240795,586289.08,539126.0,564515.74,25.0
9,2012-05-18,571463.93,0,69.52,3.63,225.4942498,5.539,False,2012,20,5,0.49999999999999994,-0.8660254037844387,0.6631226582407952,-0.7485107481711012,592572.3,518266.9,568023.8500000001,24.0
9,2012-05-25,547226.0,0,79.69,3.561,225.4944288,5.539,False,2012,21,5,0.49999999999999994,-0.8660254037844387,0.5680647467311558,-0.8229838658936564,571463.93,553834.04,575185.075,23.0
9,2012-06-01,583648.59,0,80.26,3.501,225.4946078,5.539,False,2012,22,6,1.2246467991473532e-16,-1.0,0.46472317204376906,-0.8854560256532096,547226.0,587004.29,574387.8275,22.0
9,2012-06-08,582525.42,0,78.91,3.452,225.4947868,5.539,False,2012,23,6,1.2246467991473532e-16,-1.0,0.35460488704253584,-0.9350162426854147,583648.59,550076.32,573727.7050000001,21.0
9,2012-06-15,564606.1,0,82.21,3.393,225.5070634,5.539,False,2012,24,6,1.2246467991473532e-16,-1.0,0.23931566428755768,-0.970941817426052,582525.42,558671.14,571215.985,20.0
9,2012-06-22,562173.12,0,81.05,3.346,225.5495841,5.539,False,2012,25,6,1.2246467991473532e-16,-1.0,0.12053668025532308,-0.992708874098054,564606.1,538745.93,569501.5275,19.0
9,2012-06-29,544770.7,0,87.18,3.286,225.5921049,5.539,False,2012,26,6,1.2246467991473532e-16,-1.0,-3.216245299353273e-16,-1.0,562173.12,537064.03,573238.3075,18.0
9,2012-07-06,578790.36,0,84.15,3.227,225.6346256,5.277,False,2012,27,7,-0.4999999999999997,-0.8660254037844388,-0.12053668025532283,-0.992708874098054,544770.7,535983.13,563518.835,17.0
9,2012-07-13,536537.64,0,82.39,3.256,225.6771463,5.277,False,2012,28,7,-0.4999999999999997,-0.8660254037844388,-0.23931566428755743,-0.9709418174260521,578790.36,512834.04,562585.0700000001,16.0
9,2012-07-20,513991.57,0,83.39,3.311,225.6871121,5.277,False,2012,29,7,-0.4999999999999997,-0.8660254037844388,-0.3546048870425356,-0.9350162426854148,536537.64,491449.94,555567.955,15.0
9,2012-07-27,495951.0,0,86.41,3.407,225.6970779,5.277,False,2012,30,7,-0.4999999999999997,-0.8660254037844388,-0.46472317204376806,-0.8854560256532101,513991.57,471449.98,543522.5675,14.0
9,2012-08-03,533887.54,0,90.23,3.417,225.7070437,5.277,False,2012,31,8,-0.8660254037844384,-0.5000000000000004,-0.5680647467311556,-0.8229838658936565,495951.0,554879.67,531317.6425000001,13.0
9,2012-08-10,538713.47,0,88.66,3.494,225.7170094,5.277,False,2012,32,8,-0.8660254037844384,-0.5000000000000004,-0.663122658240795,-0.7485107481711013,533887.54,520284.79,520091.9375,12.0
9,2012-08-17,535153.47,0,86.37,3.571,225.7995323,5.277,False,2012,33,8,-0.8660254037844384,-0.5000000000000004,-0.7485107481711011,-0.6631226582407952,538713.47,540819.44,520635.89499999996,11.0
9,2012-08-24,572887.78,0,77.9,3.62,225.9364729,5.277,False,2012,34,8,-0.8660254037844384,-0.5000000000000004,-0.8229838658936564,-0.5680647467311559,535153.47,542663.53,525926.37,10.0
9,2012-08-31,576879.15,0,80.71,3.638,226.0734135,5.277,False,2012,35,8,-0.8660254037844384,-0.5000000000000004,-0.8854560256532096,-0.4647231720437691,572887.78,544643.33,545160.565,9.0
9,2012-09-07,565812.29,1,87.93,3.73,226.2103541,5.277,False,2012,36,9,-1.0,-1.8369701987210297e-16,-0.9350162426854147,-0.3546048870425359,576879.15,528784.86,555908.4675,8.0
9,2012-09-14,523427.35,0,73.55,3.717,226.3567545,5.277,False,2012,37,9,-1.0,-1.8369701987210297e-16,-0.970941817426052,-0.23931566428755774,565812.29,500274.03,562683.1725,7.0
9,2012-09-21,533756.88,0,69.92,3.721,226.5599138,5.277,False,2012,38,9,-1.0,-1.8369701987210297e-16,-0.992708874098054,-0.12053668025532357,523427.35,506743.78,559751.6425000001,6.0
9,2012-09-28,516361.06,0,76.8,3.666,226.7630732,5.277,False,2012,39,9,-1.0,-1.8369701987210297e-16,-1.0,-1.8369701987210297e-16,533756.88,508567.04,549968.9175,5.0
9,2012-10-05,606755.3,0,66.61,3.617,226.9662325,4.954,False,2012,40,10,-0.8660254037844386,0.5000000000000001,-0.992708874098054,0.1205366802553232,516361.06,553836.98,534839.395,4.0
9,2012-10-12,558464.8,0,60.09,3.601,227.1693919,4.954,False,2012,41,10,-0.8660254037844386,0.5000000000000001,-0.9709418174260521,0.23931566428755738,606755.3,529515.66,545075.1475,3.0
9,2012-10-19,542009.46,0,68.01,3.594,227.214288,4.954,False,2012,42,10,-0.8660254037844386,0.5000000000000001,-0.9350162426854148,0.35460488704253557,558464.8,557075.21,553834.51,2.0
9,2012-10-26,549731.49,0,69.52,3.506,227.2328068,4.954,False,2012,43,10,-0.8660254037844386,0.5000000000000001,-0.8854560256532101,0.464723172043768,542009.46,548527.49,555897.655,1.0
10,2011-02-04,1968045.91,0,44.88,3.348,127.7195806,8.744,False,2011,5,2,0.8660254037844386,0.5000000000000001,0.5680647467311558,0.8229838658936564,1715769.05,2193048.75,1704609.68,91.0
10,2011-02-11,2115408.31,1,51.51,3.381,127.859129,8.744,False,2011,6,2,0.8660254037844386,0.5000000000000001,0.6631226582407952,0.7485107481711011,1968045.91,2176028.52,1768043.6825,90.0
10,2011-02-18,2106934.55,0,61.77,3.43,127.99525,8.744,False,2011,7,2,0.8660254037844386,0.5000000000000001,0.7485107481711011,0.6631226582407953,2115408.31,2113432.58,1869194.8625,89.0
10,2011-02-25,1967996.71,0,53.59,3.398,128.13,8.744,False,2011,8,2,0.8660254037844386,0.5000000000000001,0.8229838658936564,0.5680647467311559,2106934.55,2006774.96,1976539.4549999998,88.0
10,2011-03-04,1958003.19,0,56.96,3.674,128.26475,8.744,False,2011,9,3,1.0,6.123233995736766e-17,0.8854560256532099,0.4647231720437686,1967996.71,1987090.09,2039596.3699999999,87.0
10,2011-03-11,1933469.15,0,64.22,3.63,128.3995,8.744,False,2011,10,3,1.0,6.123233995736766e-17,0.9350162426854148,0.35460488704253557,1958003.19,1941346.13,2037085.69,86.0
10,2011-03-18,1884734.31,0,70.12,3.892,128.5121935,8.744,False,2011,11,3,1.0,6.123233995736766e-17,0.970941817426052,0.23931566428755804,1933469.15,1946875.06,1991600.9,85.0
10,2011-03-25,1815798.85,0,62.53,3.716,128.6160645,8.744,False,2011,12,3,1.0,6.123233995736766e-17,0.992708874098054,0.120536680255323,1884734.31,1893532.46,1936050.8399999999,84.0
10,2011-04-01,1827733.18,0,67.64,3.772,128.7199355,8.494,False,2011,13,4,0.8660254037844387,-0.4999999999999998,1.0,-1.6081226496766364e-16,1815798.85,2138651.97,1898001.375,83.0
10,2011-04-08,1870720.73,0,73.03,3.818,128.8238065,8.494,False,2011,14,4,0.8660254037844387,-0.4999999999999998,0.992708874098054,-0.12053668025532288,1827733.18,2041069.37,1865433.8725,82.0
10,2011-04-15,1781767.22,0,61.05,4.089,128.9107333,8.494,False,2011,15,4,0.8660254037844387,-0.4999999999999998,0.9709418174260521,-0.2393156642875575,1870720.73,1826241.44,1849746.7675,81.0
10,2011-04-22,2004831.14,0,75.93,3.917,128.9553,8.494,False,2011,16,4,0.8660254037844387,-0.4999999999999998,0.9350162426854148,-0.35460488704253545,1781767.22,1829521.83,1824004.9949999999,80.0
10,2011-04-29,1873646.34,0,73.38,4.151,128.9998667,8.494,False,2011,17,4,0.8660254037844387,-0.4999999999999998,0.8854560256532099,-0.4647231720437685,2004831.14,1790694.59,1871263.0675,79.0
10,2011-05-06,1841369.99,0,73.56,4.193,129.0444333,8.494,False,2011,18,5,0.49999999999999994,-0.8660254037844387,0.8229838658936565,-0.5680647467311557,1873646.34,1921432.16,1882741.3575,78.0
10,2011-05-13,1712995.44,0,74.04,4.202,129.089,8.494,False,2011,19,5,0.49999999999999994,-0.8660254037844387,0.7485107481711013,-0.663122658240795,1841369.99,1808056.41,1875403.6724999999,77.0
10,2011-05-20,1720908.01,0,72.62,3.99,129.0756774,8.494,False,2011,20,5,0.49999999999999994,-0.8660254037844387,0.6631226582407952,-0.7485107481711012,1712995.44,1847613.58,1858210.7275,76.0
10,2011-05-27,1743000.38,0,78.62,3.933,129.0623548,8.494,False,2011,21,5,0.49999999999999994,-0.8660254037844387,0.5680647467311558,-0.8229838658936564,1720908.01,1904618.17,1787229.945,75.0
10,2011-06-03,1792210.89,0,81.87,3.893,129.0490323,8.494,False,2011,22,6,1.2246467991473532e-16,-1.0,0.46472317204376906,-0.8854560256532096,1743000.38,1931406.28,1754568.4549999998,74.0
10,2011-06-10,1740063.1,0,84.57,3.981,129.0357097,8.494,False,2011,23,6,1.2246467991473532e-16,-1.0,0.35460488704253584,-0.9350162426854147,1792210.89,1827521.71,1742278.68,73.0
10,2011-06-17,1817934.76,0,87.96,3.935,129.0432,8.494,False,2011,24,6,1.2246467991473532e-16,-1.0,0.23931566428755768,-0.970941817426052,1740063.1,1837636.24,1749045.595,72.0
10,2011-06-24,1711813.13,0,90.69,3.807,129.0663,8.494,False,2011,25,6,1.2246467991473532e-16,-1.0,0.12053668025532308,-0.992708874098054,1817934.76,1768172.31,1773302.2825,71.0
10,2011-07-01,1751369.75,0,95.36,3.842,129.0894,8.257,False,2011,26,7,-0.4999999999999997,-0.8660254037844388,-3.216245299353273e-16,-1.0,1711813.13,1845893.87,1765505.47,70.0
10,2011-07-08,1699708.38,0,88.57,3.793,129.1125,8.257,False,2011,27,7,-0.4999999999999997,-0.8660254037844388,-0.12053668025532283,-0.992708874098054,1751369.75,1769793.37,1755295.185,69.0
10,2011-07-15,1775068.4,0,86.01,3.779,129.1338387,8.257,False,2011,28,7,-0.4999999999999997,-0.8660254037844388,-0.23931566428755743,-0.9709418174260521,1699708.38,1828052.47,1745206.505,68.0
10,2011-07-22,1774342.61,0,88.59,3.697,129.1507742,8.257,False,2011,29,7,-0.4999999999999997,-0.8660254037844388,-0.3546048870425356,-0.9350162426854148,1775068.4,1831676.03,1734489.915,67.0
10,2011-07-29,1745841.33,0,86.75,3.694,129.1677097,8.257,False,2011,30,7,-0.4999999999999997,-0.8660254037844388,-0.46472317204376806,-0.8854560256532101,1774342.61,1832664.03,1750122.285,66.0
10,2011-08-05,1886299.98,0,89.8,3.803,129.1846452,8.257,False,2011,31,8,-0.8660254037844384,-0.5000000000000004,-0.5680647467311556,-0.8229838658936565,1745841.33,1949236.09,1748740.18,65.0
10,2011-08-12,1917397.63,0,85.61,3.794,129.2015806,8.257,False,2011,32,8,-0.8660254037844384,-0.5000000000000004,-0.663122658240795,-0.7485107481711013,1886299.98,1962996.7,1795388.08,64.0
10,2011-08-19,1954849.68,0,87.4,3.743,129.2405806,8.257,False,2011,33,8,-0.8660254037844384,-0.5000000000000004,-0.7485107481711011,-0.6631226582407952,1917397.63,1983190.56,1830970.3875,63.0
10,2011-08-26,1728399.07,0,91.59,3.663,129.2832581,8.257,False,2011,34,8,-0.8660254037844384,-0.5000000000000004,-0.8229838658936564,-0.5680647467311559,1954849.68,1727565.42,1876097.155,62.0
10,2011-09-02,1758587.35,0,91.61,3.798,129.3259355,8.257,False,2011,35,9,-1.0,-1.8369701987210297e-16,-0.8854560256532096,-0.4647231720437691,1728399.07,1766331.45,1871736.59,61.0
10,2011-09-09,1670579.82,1,89.06,3.771,129.3686129,8.257,False,2011,36,9,-1.0,-1.8369701987210297e-16,-0.9350162426854147,-0.3546048870425359,1758587.35,1720530.23,1839808.4324999999,60.0
10,2011-09-16,1650894.3,0,77.49,3.784,129.4306,8.257,False,2011,37,9,-1.0,-1.8369701987210297e-16,-0.970941817426052,-0.23931566428755774,1670579.82,1716755.78,1778103.98,59.0
10,2011-09-23,1685910.53,0,82.51,3.789,129.5183333,8.257,False,2011,38,9,-1.0,-1.8369701987210297e-16,-0.992708874098054,-0.12053668025532357,1650894.3,1655036.75,1702115.135,58.0
10,2011-09-30,1627707.31,0,82.27,3.877,129.6060667,8.257,False,2011,39,9,-1.0,-1.8369701987210297e-16,-1.0,-1.8369701987210297e-16,1685910.53,1645892.97,1691493.0,57.0
10,2011-10-07,1788227.6,0,75.01,3.827,129.6938,7.874,False,2011,40,10,-0.8660254037844386,0.5000000000000001,-0.992708874098054,0.1205366802553232,1627707.31,1772192.42,1658772.9900000002,56.0
10,2011-10-14,1704753.02,0,70.27,3.698,129.7706452,7.874,False,2011,41,10,-0.8660254037844386,0.5000000000000001,-0.9709418174260521,0.23931566428755738,1788227.6,1703850.25,1688184.935,55.0
10,2011-10-21,1745928.56,0,77.91,3.842,129.7821613,7.874,False,2011,42,10,-0.8660254037844386,0.5000000000000001,-0.9350162426854148,0.35460488704253557,1704753.02,1740234.06,1701649.6150000002,54.0
10,2011-10-28,1771792.97,0,72.79,3.843,129.7936774,7.874,False,2011,43,10,-0.8660254037844386,0.5000000000000001,-0.8854560256532101,0.464723172043768,1745928.56,1741308.56,1716654.1225,53.0
10,2011-11-04,1904438.59,0,68.57,3.828,129.8051935,7.874,False,2011,44,11,-0.5000000000000004,0.8660254037844384,-0.822983865893657,0.5680647467311548,1771792.97,1832211.96,1752675.5374999999,52.0
10,2011-11-11,2076570.84,0,55.28,3.677,129.8167097,7.874,False,2011,45,11,-0.5000000000000004,0.8660254037844384,-0.7485107481711011,0.6631226582407952,1904438.59,1895901.59,1781728.2850000001,51.0
10,2011-11-18,1869087.85,0,58.97,3.669,129.8268333,7.874,False,2011,46,11,-0.5000000000000004,0.8660254037844384,-0.6631226582407955,0.7485107481711007,2076570.84,1949177.13,1874682.7400000002,50.0
10,2011-11-25,2950198.64,1,60.68,3.76,129.8364,7.874,True,2011,47,11,-0.5000000000000004,0.8660254037844384,-0.5680647467311559,0.8229838658936564,1869087.85,2939946.38,1905472.5625,49.0
10,2011-12-02,2068097.18,0,57.29,3.701,129.8459667,7.874,False,2011,48,12,-2.4492935982947064e-16,1.0,-0.4647231720437684,0.88545602565321,2950198.64,2251206.64,2200073.9800000004,48.0
10,2011-12-09,2429310.9,0,42.58,3.644,129.8555333,7.874,True,2011,49,12,-2.4492935982947064e-16,1.0,-0.35460488704253595,0.9350162426854147,2068097.18,2411790.21,2240988.6275000004,47.0
10,2011-12-16,2555031.18,0,50.53,3.489,129.8980645,7.874,True,2011,50,12,-2.4492935982947064e-16,1.0,-0.2393156642875578,0.970941817426052,2429310.9,2811646.85,2329173.6425,46.0
10,2011-12-23,3487986.89,0,48.36,3.541,129.9845484,7.874,True,2011,51,12,-2.4492935982947064e-16,1.0,-0.12053668025532363,0.992708874098054,2555031.18,3749057.69,2500659.475,45.0
10,2011-12-30,1930690.37,1,48.92,3.428,130.0710323,7.874,False,2011,52,12,-2.4492935982947064e-16,1.0,6.432490598706546e-16,1.0,3487986.89,1707298.14,2635106.5375,44.0
10,2012-01-06,1683401.78,0,59.85,3.443,130.1575161,7.545,False,2012,1,1,0.49999999999999994,0.8660254037844387,0.12053668025532305,0.992708874098054,1930690.37,1714309.9,2600754.835,43.0
10,2012-01-13,1711562.73,0,51.0,3.477,130.244,7.545,False,2012,2,1,0.49999999999999994,0.8660254037844387,0.23931566428755774,0.970941817426052,1683401.78,1710803.59,2414277.555,42.0
10,2012-01-20,1675562.94,0,54.51,3.66,130.2792258,7.545,False,2012,3,1,0.49999999999999994,0.8660254037844387,0.3546048870425356,0.9350162426854148,1711562.73,1677556.18,2203410.4425000004,41.0
10,2012-01-27,1632406.0,0,53.59,3.675,130.3144516,7.545,False,2012,4,1,0.49999999999999994,0.8660254037844387,0.4647231720437685,0.8854560256532099,1675562.94,1715769.05,1750304.455,40.0
10,2012-02-03,1867403.01,0,56.85,3.543,130.3496774,7.545,False,2012,5,2,0.8660254037844386,0.5000000000000001,0.5680647467311558,0.8229838658936564,1632406.0,1968045.91,1675733.3625,39.0
10,2012-02-10,2218595.8,1,55.73,3.722,130.3849032,7.545,False,2012,6,2,0.8660254037844386,0.5000000000000001,0.6631226582407952,0.7485107481711011,1867403.01,2115408.31,1721733.67,38.0
10,2012-02-17,2168709.76,0,54.12,3.781,130.4546207,7.545,False,2012,7,2,0.8660254037844386,0.5000000000000001,0.7485107481711011,0.6631226582407953,2218595.8,2106934.55,1848491.9375,37.0
10,2012-02-24,2039415.74,0,56.02,3.95,130.5502069,7.545,False,2012,8,2,0.8660254037844386,0.5000000000000001,0.8229838658936564,0.5680647467311559,2168709.76,1967996.71,1971778.6424999998,36.0
10,2012-03-02,1990371.02,0,57.62,3.882,130.6457931,7.545,False,2012,9,3,1.0,6.123233995736766e-17,0.8854560256532099,0.4647231720437686,2039415.74,1958003.19,2073531.0775,35.0
10,2012-03-09,1917483.1,0,57.65,3.963,130.7413793,7.545,False,2012,10,3,1.0,6.123233995736766e-17,0.9350162426854148,0.35460488704253557,1990371.02,1933469.15,2104273.08,34.0
10,2012-03-16,1930814.66,0,62.11,4.273,130.8261935,7.545,False,2012,11,3,1.0,6.123233995736766e-17,0.970941817426052,0.23931566428755804,1917483.1,1884734.31,2028994.905,33.0
10,2012-03-23,1837457.69,0,56.54,4.288,130.8966452,7.545,False,2012,12,3,1.0,6.123233995736766e-17,0.992708874098054,0.120536680255323,1930814.66,1815798.85,1969521.13,32.0
10,2012-03-30,1815760.42,0,67.92,4.294,130.9670968,7.545,False,2012,13,3,1.0,6.123233995736766e-17,1.0,-1.6081226496766364e-16,1837457.69,1827733.18,1919031.6175,31.0
10,2012-04-06,2163384.17,0,65.99,4.282,131.0375484,7.382,False,2012,14,4,0.8660254037844387,-0.4999999999999998,0.992708874098054,-0.12053668025532288,1815760.42,1870720.73,1875378.9675,30.0
10,2012-04-13,1974687.51,0,70.28,4.254,131.108,7.382,False,2012,15,4,0.8660254037844387,-0.4999999999999998,0.9709418174260521,-0.2393156642875575,2163384.17,1781767.22,1936854.2349999999,29.0
10,2012-04-20,1777166.53,0,67.75,4.111,131.1173333,7.382,False,2012,16,4,0.8660254037844387,-0.4999999999999998,0.9350162426854148,-0.35460488704253545,1974687.51,2004831.14,1947822.4474999998,28.0
10,2012-04-27,1712987.56,0,80.11,4.088,131.1266667,7.382,False,2012,17,4,0.8660254037844387,-0.4999999999999998,0.8854560256532099,-0.4647231720437685,1777166.53,1873646.34,1932749.6575,27.0
10,2012-05-04,1821364.42,0,77.02,4.058,131.136,7.382,False,2012,18,5,0.49999999999999994,-0.8660254037844387,0.8229838658936565,-0.5680647467311557,1712987.56,1841369.99,1907056.4425,26.0
10,2012-05-11,1792345.3,0,76.03,4.186,131.1453333,7.382,False,2012,19,5,0.49999999999999994,-0.8660254037844387,0.7485107481711013,-0.663122658240795,1821364.42,1712995.44,1821551.505,25.0
10,2012-05-18,1795152.73,0,85.19,4.308,131.0983226,7.382,False,2012,20,5,0.49999999999999994,-0.8660254037844387,0.6631226582407952,-0.7485107481711012,1792345.3,1720908.01,1775965.9525000001,24.0
10,2012-05-25,1830939.1,0,86.03,4.127,131.0287742,7.382,False,2012,21,5,0.49999999999999994,-0.8660254037844387,0.5680647467311558,-0.8229838658936564,1795152.73,1743000.38,1780462.5025,23.0
10,2012-06-01,1767471.48,0,80.06,4.277,130.9592258,7.382,False,2012,22,6,1.2246467991473532e-16,-1.0,0.46472317204376906,-0.8854560256532096,1830939.1,1792210.89,1809950.3875,22.0
10,2012-06-08,1840491.41,0,86.87,4.103,130.8896774,7.382,False,2012,23,6,1.2246467991473532e-16,-1.0,0.35460488704253584,-0.9350162426854147,1767471.48,1740063.1,1796477.1525,21.0
10,2012-06-15,1811562.88,0,88.58,4.144,130.8295333,7.382,False,2012,24,6,1.2246467991473532e-16,-1.0,0.23931566428755768,-0.970941817426052,1840491.41,1817934.76,1808513.68,20.0
10,2012-06-22,1755334.18,0,89.92,4.014,130.7929,7.382,False,2012,25,6,1.2246467991473532e-16,-1.0,0.12053668025532308,-0.992708874098054,1811562.88,1711813.13,1812616.2175,19.0
10,2012-06-29,1707481.9,0,91.36,3.875,130.7562667,7.382,False,2012,26,6,1.2246467991473532e-16,-1.0,-3.216245299353273e-16,-1.0,1755334.18,1751369.75,1793714.9874999998,18.0
10,2012-07-06,1805999.79,0,86.87,3.666,130.7196333,7.17,False,2012,27,7,-0.4999999999999997,-0.8660254037844388,-0.12053668025532283,-0.992708874098054,1707481.9,1699708.38,1778717.5925,17.0
10,2012-07-13,1765571.91,0,89.8,3.723,130.683,7.17,False,2012,28,7,-0.4999999999999997,-0.8660254037844388,-0.23931566428755743,-0.9709418174260521,1805999.79,1775068.4,1770094.6875,16.0
10,2012-07-20,1869967.03,0,84.45,3.589,130.7012903,7.17,False,2012,29,7,-0.4999999999999997,-0.8660254037844388,-0.3546048870425356,-0.9350162426854148,1765571.91,1774342.61,1758596.9449999998,15.0
10,2012-07-27,1817603.66,0,83.98,3.769,130.7195806,7.17,False,2012,30,7,-0.4999999999999997,-0.8660254037844388,-0.46472317204376806,-0.8854560256532101,1869967.03,1745841.33,1787255.1575,14.0
10,2012-08-03,1939440.09,0,84.76,3.595,130.737871,7.17,False,2012,31,8,-0.8660254037844384,-0.5000000000000004,-0.5680647467311556,-0.8229838658936565,1817603.66,1886299.98,1814785.5975,13.0
10,2012-08-10,1880436.94,0,90.78,3.811,130.7561613,7.17,False,2012,32,8,-0.8660254037844384,-0.5000000000000004,-0.663122658240795,-0.7485107481711013,1939440.09,1917397.63,1848145.6724999999,12.0
10,2012-08-17,1827797.4,0,88.83,4.002,130.7909677,7.17,False,2012,33,8,-0.8660254037844384,-0.5000000000000004,-0.7485107481711011,-0.6631226582407952,1880436.94,1954849.68,1876861.93,11.0
10,2012-08-24,1764984.15,0,82.5,4.055,130.8381613,7.17,False,2012,34,8,-0.8660254037844384,-0.5000000000000004,-0.8229838658936564,-0.5680647467311559,1827797.4,1728399.07,1866319.5225,10.0
10,2012-08-31,1650285.54,0,86.97,3.886,130.8853548,7.17,False,2012,35,8,-0.8660254037844384,-0.5000000000000004,-0.8854560256532096,-0.4647231720437691,1764984.15,1758587.35,1853164.645,9.0
10,2012-09-07,1708283.28,1,83.07,4.124,130.9325484,7.17,False,2012,36,9,-1.0,-1.8369701987210297e-16,-0.9350162426854147,-0.3546048870425359,1650285.54,1670579.82,1780876.0075,8.0
10,2012-09-14,1640168.99,0,78.47,3.966,130.9776667,7.17,False,2012,37,9,-1.0,-1.8369701987210297e-16,-0.970941817426052,-0.23931566428755774,1708283.28,1650894.3,1737837.5924999998,7.0
10,2012-09-21,1671857.57,0,81.93,4.125,131.0103333,7.17,False,2012,38,9,-1.0,-1.8369701987210297e-16,-0.992708874098054,-0.12053668025532357,1640168.99,1685910.53,1690930.49,6.0
10,2012-09-28,1694862.41,0,82.52,3.966,131.043,7.17,False,2012,39,9,-1.0,-1.8369701987210297e-16,-1.0,-1.8369701987210297e-16,1671857.57,1627707.31,1667648.845,5.0
10,2012-10-05,1758971.38,0,80.88,4.132,131.0756667,6.943,False,2012,40,10,-0.8660254037844386,0.5000000000000001,-0.992708874098054,0.1205366802553232,1694862.41,1788227.6,1678793.0625,4.0
10,2012-10-12,1713889.11,0,76.03,4.468,131.1083333,6.943,False,2012,41,10,-0.8660254037844386,0.5000000000000001,-0.9709418174260521,0.23931566428755738,1758971.38,1704753.02,1691465.0875000001,3.0
10,2012-10-19,1734834.82,0,72.71,4.449,131.1499677,6.943,False,2012,42,10,-0.8660254037844386,0.5000000000000001,-0.9350162426854148,0.35460488704253557,1713889.11,1745928.56,1709895.1175000002,2.0
10,2012-10-26,1744349.05,0,70.5,4.301,131.1930968,6.943,False,2012,43,10,-0.8660254037844386,0.5000000000000001,-0.8854560256532101,0.464723172043768,1734834.82,1771792.97,1725639.43,1.0
11,2011-02-04,1422546.05,0,47.17,2.989,215.8863367,7.551,False,2011,5,2,0.8660254037844386,0.5000000000000001,0.5680647467311558,0.8229838658936564,1100418.69,1528008.64,1165387.525,91.0
11,2011-02-11,1419236.9,1,44.61,3.022,216.2660913,7.551,False,2011,6,2,0.8660254037844386,0.5000000000000001,0.6631226582407952,0.7485107481711011,1422546.05,1574684.08,1226297.6775,90.0
11,2011-02-18,1554747.15,0,61.5,3.045,216.5843571,7.551,False,2011,7,2,0.8660254037844386,0.5000000000000001,0.7485107481711011,0.6631226582407953,1419236.9,1503298.7,1282494.4575,89.0
11,2011-02-25,1323999.36,0,68.74,3.065,216.8780275,7.551,False,2011,8,2,0.8660254037844386,0.5000000000000001,0.8229838658936564,0.5680647467311559,1554747.15,1336404.65,1374237.1975,88.0
11,2011-03-04,1399456.99,0,66.5,3.288,217.1716979,7.551,False,2011,9,3,1.0,6.123233995736766e-17,0.8854560256532099,0.4647231720437686,1323999.36,1426622.65,1430132.365,87.0
11,2011-03-11,1314557.31,0,63.29,3.459,217.4653683,7.551,False,2011,10,3,1.0,6.123233995736766e-17,0.9350162426854148,0.35460488704253557,1399456.99,1331883.16,1424360.1,86.0
11,2011-03-18,1391813.69,0,70.17,3.488,217.7235226,7.551,False,2011,11,3,1.0,6.123233995736766e-17,0.970941817426052,0.23931566428755804,1314557.31,1364207.0,1398190.2025,85.0
11,2011-03-25,1229777.24,0,73.74,3.473,217.9674705,7.551,False,2011,12,3,1.0,6.123233995736766e-17,0.992708874098054,0.120536680255323,1391813.69,1245624.27,1357456.8375,84.0
11,2011-04-01,1258674.12,0,69.1,3.524,218.2114184,7.574,False,2011,13,4,0.8660254037844387,-0.4999999999999998,1.0,-1.6081226496766364e-16,1229777.24,1446210.26,1333901.3074999999,83.0
11,2011-04-08,1327401.06,0,73.57,3.622,218.4553663,7.574,False,2011,14,4,0.8660254037844387,-0.4999999999999998,0.992708874098054,-0.12053668025532288,1258674.12,1470308.32,1298705.59,82.0
11,2011-04-15,1312905.8,0,76.64,3.743,218.6788642,7.574,False,2011,15,4,0.8660254037844387,-0.4999999999999998,0.9709418174260521,-0.2393156642875575,1327401.06,1323243.35,1301916.5275,81.0
11,2011-04-22,1388118.53,0,78.31,3.807,218.851237,7.574,False,2011,16,4,0.8660254037844387,-0.4999999999999998,0.9350162426854148,-0.35460488704253545,1312905.8,1283766.55,1282189.5550000002,80.0
11,2011-04-29,1357589.89,0,79.97,3.81,219.0236099,7.574,False,2011,17,4,0.8660254037844387,-0.4999999999999998,0.8854560256532099,-0.4647231720437685,1388118.53,1239766.89,1321774.8775,79.0
11,2011-05-06,1331453.41,0,71.39,3.906,219.1959827,7.574,False,2011,18,5,0.49999999999999994,-0.8660254037844387,0.8229838658936565,-0.5680647467311557,1357589.89,1312329.78,1346503.8199999998,78.0
11,2011-05-13,1277959.42,0,80.93,3.899,219.3683556,7.574,False,2011,19,5,0.49999999999999994,-0.8660254037844387,0.7485107481711013,-0.663122658240795,1331453.41,1266796.13,1347516.9075,77.0
11,2011-05-20,1239466.97,0,76.97,3.907,219.127216,7.574,False,2011,20,5,0.49999999999999994,-0.8660254037844387,0.6631226582407952,-0.7485107481711012,1277959.42,1271646.62,1338780.3125,76.0
11,2011-05-27,1216876.52,0,85.61,3.786,218.8860765,7.574,False,2011,21,5,0.49999999999999994,-0.8660254037844387,0.5680647467311558,-0.8229838658936564,1239466.97,1264272.52,1301617.4224999999,75.0
11,2011-06-03,1343637.0,0,86.14,3.699,218.6449369,7.574,False,2011,22,6,1.2246467991473532e-16,-1.0,0.46472317204376906,-0.8854560256532096,1216876.52,1396322.19,1266439.08,74.0
11,2011-06-10,1314626.75,0,85.79,3.648,218.4037974,7.574,False,2011,23,6,1.2246467991473532e-16,-1.0,0.35460488704253584,-0.9350162426854147,1343637.0,1339570.85,1269484.9775,73.0
11,2011-06-17,1337506.74,0,87.9,3.637,218.3551748,7.574,False,2011,24,6,1.2246467991473532e-16,-1.0,0.23931566428755768,-0.970941817426052,1314626.75,1336522.92,1278651.81,72.0
11,2011-06-24,1254587.84,0,86.13,3.594,218.45094,7.574,False,2011,25,6,1.2246467991473532e-16,-1.0,0.12053668025532308,-0.992708874098054,1337506.74,1262025.08,1303161.7525,71.0
11,2011-07-01,1297472.06,0,86.43,3.524,218.5467052,7.567,False,2011,26,7,-0.4999999999999997,-0.8660254037844388,-3.216245299353273e-16,-1.0,1254587.84,1302600.14,1312589.5825,70.0
11,2011-07-08,1334627.96,0,87.17,3.48,218.6424704,7.567,False,2011,27,7,-0.4999999999999997,-0.8660254037844388,-0.12053668025532283,-0.992708874098054,1297472.06,1280156.47,1301048.3475000001,69.0
11,2011-07-15,1266546.73,0,88.3,3.575,218.7275216,7.567,False,2011,28,7,-0.4999999999999997,-0.8660254037844388,-0.23931566428755743,-0.9709418174260521,1334627.96,1290609.54,1306048.65,68.0
11,2011-07-22,1290576.44,0,87.8,3.651,218.7857881,7.567,False,2011,29,7,-0.4999999999999997,-0.8660254037844388,-0.3546048870425356,-0.9350162426854148,1266546.73,1244390.03,1288308.6475,67.0
11,2011-07-29,1212938.67,0,89.46,3.682,218.8440545,7.567,False,2011,30,7,-0.4999999999999997,-0.8660254037844388,-0.46472317204376806,-0.8854560256532101,1290576.44,1250178.89,1297305.7974999999,66.0
11,2011-08-05,1403198.94,0,90.04,3.684,218.9023209,7.567,False,2011,31,8,-0.8660254037844384,-0.5000000000000004,-0.5680647467311556,-0.8229838658936565,1212938.67,1369634.92,1276172.45,65.0
11,2011-08-12,1354188.43,0,90.3,3.638,218.9605873,7.567,False,2011,32,8,-0.8660254037844384,-0.5000000000000004,-0.663122658240795,-0.7485107481711013,1403198.94,1384339.1,1293315.1949999998,64.0
11,2011-08-19,1484169.74,0,89.51,3.554,219.023271,7.567,False,2011,33,8,-0.8660254037844384,-0.5000000000000004,-0.7485107481711011,-0.6631226582407952,1354188.43,1430192.37,1315225.6199999999,63.0
11,2011-08-26,1304706.75,0,89.09,3.523,219.0866908,7.567,False,2011,34,8,-0.8660254037844384,-0.5000000000000004,-0.8229838658936564,-0.5680647467311559,1484169.74,1311263.07,1363623.9449999998,62.0
11,2011-09-02,1297792.41,0,91.44,3.533,219.1501106,7.567,False,2011,35,9,-1.0,-1.8369701987210297e-16,-0.8854560256532096,-0.4647231720437691,1304706.75,1303914.27,1386565.9649999999,61.0
11,2011-09-09,1249439.95,1,84.91,3.546,219.2135305,7.567,False,2011,36,9,-1.0,-1.8369701987210297e-16,-0.9350162426854147,-0.3546048870425359,1297792.41,1231428.46,1360214.3325,60.0
11,2011-09-16,1270816.01,0,85.11,3.526,219.3972867,7.567,False,2011,37,9,-1.0,-1.8369701987210297e-16,-0.970941817426052,-0.23931566428755774,1249439.95,1215676.31,1334027.2125,59.0
11,2011-09-23,1235775.15,0,82.14,3.467,219.7414914,7.567,False,2011,38,9,-1.0,-1.8369701987210297e-16,-0.992708874098054,-0.12053668025532357,1270816.01,1170103.25,1280688.78,58.0
11,2011-09-30,1190515.83,0,84.4,3.355,220.085696,7.567,False,2011,39,9,-1.0,-1.8369701987210297e-16,-1.0,-1.8369701987210297e-16,1235775.15,1182490.46,1263455.88,57.0
11,2011-10-07,1346271.06,0,76.97,3.285,220.4299007,7.197,False,2011,40,10,-0.8660254037844386,0.5000000000000001,-0.992708874098054,0.1205366802553232,1190515.83,1293472.8,1236636.7349999999,56.0
11,2011-10-14,1286388.96,0,75.56,3.274,220.7486167,7.197,False,2011,41,10,-0.8660254037844386,0.5000000000000001,-0.9709418174260521,0.23931566428755738,1346271.06,1175003.67,1260844.5125,55.0
11,2011-10-21,1325107.53,0,70.91,3.353,220.9144005,7.197,False,2011,42,10,-0.8660254037844386,0.5000000000000001,-0.9350162426854148,0.35460488704253557,1286388.96,1169831.38,1264737.75,54.0
11,2011-10-28,1310684.1,0,72.66,3.372,221.0801842,7.197,False,2011,43,10,-0.8660254037844386,0.5000000000000001,-0.8854560256532101,0.464723172043768,1325107.53,1195036.0,1287070.845,53.0
11,2011-11-04,1458287.38,0,61.13,3.332,221.245968,7.197,False,2011,44,11,-0.5000000000000004,0.8660254037844384,-0.822983865893657,0.5680647467311548,1310684.1,1332759.13,1317112.9125,52.0
11,2011-11-11,1366053.69,0,64.2,3.297,221.4117517,7.197,False,2011,45,11,-0.5000000000000004,0.8660254037844384,-0.7485107481711011,0.6631226582407952,1458287.38,1281675.6,1345116.9925000002,51.0
11,2011-11-18,1315091.63,0,66.17,3.308,221.6432852,7.197,False,2011,46,11,-0.5000000000000004,0.8660254037844384,-0.6631226582407955,0.7485107481711007,1366053.69,1292346.57,1365033.175,50.0
11,2011-11-25,1848953.48,1,70.03,3.236,221.9011185,7.197,True,2011,47,11,-0.5000000000000004,0.8660254037844384,-0.5680647467311559,0.8229838658936564,1315091.63,1757242.51,1362529.2,49.0
11,2011-12-02,1399322.44,0,56.89,3.172,222.1589519,7.197,False,2011,48,12,-2.4492935982947064e-16,1.0,-0.4647231720437684,0.88545602565321,1848953.48,1380522.64,1497096.545,48.0
11,2011-12-09,1646655.94,0,50.63,3.158,222.4167852,7.197,True,2011,49,12,-2.4492935982947064e-16,1.0,-0.35460488704253595,0.9350162426854147,1399322.44,1564516.43,1482355.31,47.0
11,2011-12-16,1783910.06,0,59.69,3.159,222.6426418,7.197,True,2011,50,12,-2.4492935982947064e-16,1.0,-0.2393156642875578,0.970941817426052,1646655.94,1843971.15,1552505.8725,46.0
11,2011-12-23,2213518.5,0,54.29,3.112,222.8258628,7.197,True,2011,51,12,-2.4492935982947064e-16,1.0,-0.12053668025532363,0.992708874098054,1783910.06,2306265.36,1669710.48,45.0
11,2011-12-30,1352084.21,1,48.86,3.129,223.0090839,7.197,False,2011,52,12,-2.4492935982947064e-16,1.0,6.432490598706546e-16,1.0,2213518.5,1172003.1,1760851.7349999999,44.0
11,2012-01-06,1283885.55,0,54.44,3.157,223.1923049,6.833,False,2012,1,1,0.49999999999999994,0.8660254037844387,0.12053668025532305,0.992708874098054,1352084.21,1178905.44,1749042.1775000002,43.0
11,2012-01-13,1264736.59,0,53.1,3.261,223.3755259,6.833,False,2012,2,1,0.49999999999999994,0.8660254037844387,0.23931566428755774,0.970941817426052,1283885.55,1194449.78,1658349.58,42.0
11,2012-01-20,1207303.29,0,56.43,3.268,223.4700552,6.833,False,2012,3,1,0.49999999999999994,0.8660254037844387,0.3546048870425356,0.9350162426854148,1264736.59,1187776.19,1528556.2125,41.0
11,2012-01-27,1162675.85,0,58.36,3.29,223.5645845,6.833,False,2012,4,1,0.49999999999999994,0.8660254037844387,0.4647231720437685,0.8854560256532099,1207303.29,1100418.69,1277002.4100000001,40.0
11,2012-02-03,1376732.18,0,60.24,3.36,223.6591137,6.833,False,2012,5,2,0.8660254037844386,0.5000000000000001,0.5680647467311558,0.8229838658936564,1162675.85,1422546.05,1229650.32,39.0
11,2012-02-10,1574287.76,1,52.23,3.409,223.753643,6.833,False,2012,6,2,0.8660254037844386,0.5000000000000001,0.6631226582407952,0.7485107481711011,1376732.18,1419236.9,1252861.9775,38.0
11,2012-02-17,1569607.94,0,52.77,3.51,223.9170153,6.833,False,2012,7,2,0.8660254037844386,0.5000000000000001,0.7485107481711011,0.6631226582407953,1574287.76,1554747.15,1330249.77,37.0
11,2012-02-24,1379473.03,0,61.11,3.555,224.1320199,6.833,False,2012,8,2,0.8660254037844386,0.5000000000000001,0.8229838658936564,0.5680647467311559,1569607.94,1323999.36,1420825.9325,36.0
11,2012-03-02,1438383.44,0,62.61,3.63,224.3470245,6.833,False,2012,9,3,1.0,6.123233995736766e-17,0.8854560256532099,0.4647231720437686,1379473.03,1399456.99,1475025.2275,35.0
11,2012-03-09,1413382.76,0,61.44,3.669,224.5620291,6.833,False,2012,10,3,1.0,6.123233995736766e-17,0.9350162426854148,0.35460488704253557,1438383.44,1314557.31,1490438.0425,34.0
11,2012-03-16,1441884.28,0,64.21,3.734,224.7166953,6.833,False,2012,11,3,1.0,6.123233995736766e-17,0.970941817426052,0.23931566428755804,1413382.76,1391813.69,1450211.7925,33.0
11,2012-03-23,1300593.61,0,67.16,3.787,224.7909104,6.833,False,2012,12,3,1.0,6.123233995736766e-17,0.992708874098054,0.120536680255323,1441884.28,1229777.24,1418280.8775000002,32.0
11,2012-03-30,1300104.03,0,70.23,3.845,224.8651254,6.833,False,2012,13,3,1.0,6.123233995736766e-17,1.0,-1.6081226496766364e-16,1300593.61,1258674.12,1398561.0225,31.0
11,2012-04-06,1596325.01,0,74.19,3.891,224.9393405,6.664,False,2012,14,4,0.8660254037844387,-0.4999999999999998,0.992708874098054,-0.12053668025532288,1300104.03,1327401.06,1363991.17,30.0
11,2012-04-13,1472752.01,0,72.74,3.891,225.0135556,6.664,False,2012,15,4,0.8660254037844387,-0.4999999999999998,0.9709418174260521,-0.2393156642875575,1596325.01,1312905.8,1409726.7325,29.0
11,2012-04-20,1315356.99,0,71.97,3.877,225.0689541,6.664,False,2012,16,4,0.8660254037844387,-0.4999999999999998,0.9350162426854148,-0.35460488704253545,1472752.01,1388118.53,1417443.665,28.0
11,2012-04-27,1236238.29,0,73.4,3.814,225.1243526,6.664,False,2012,17,4,0.8660254037844387,-0.4999999999999998,0.8854560256532099,-0.4647231720437685,1315356.99,1357589.89,1421134.5100000002,27.0
11,2012-05-04,1370251.22,0,79.07,3.749,225.1797511,6.664,False,2012,18,5,0.49999999999999994,-0.8660254037844387,0.8229838658936565,-0.5680647467311557,1236238.29,1331453.41,1405168.0750000002,26.0
11,2012-05-11,1300147.07,0,75.13,3.688,225.2351496,6.664,False,2012,19,5,0.49999999999999994,-0.8660254037844387,0.7485107481711013,-0.663122658240795,1370251.22,1277959.42,1348649.6275,25.0
11,2012-05-18,1352442.31,0,72.53,3.63,225.2512024,6.664,False,2012,20,5,0.49999999999999994,-0.8660254037844387,0.6631226582407952,-0.7485107481711012,1300147.07,1239466.97,1305498.3925,24.0
11,2012-05-25,1297335.87,0,78.44,3.561,225.2515168,6.664,False,2012,21,5,0.49999999999999994,-0.8660254037844387,0.5680647467311558,-0.8229838658936564,1352442.31,1216876.52,1314769.7225000001,23.0
11,2012-06-01,1361595.33,0,81.67,3.501,225.2518313,6.664,False,2012,22,6,1.2246467991473532e-16,-1.0,0.46472317204376906,-0.8854560256532096,1297335.87,1343637.0,1330044.1175000002,22.0
11,2012-06-08,1414343.53,0,82.1,3.452,225.2521458,6.664,False,2012,23,6,1.2246467991473532e-16,-1.0,0.35460488704253584,-0.9350162426854147,1361595.33,1314626.75,1327880.145,21.0
11,2012-06-15,1417875.42,0,84.97,3.393,225.2644795,6.664,False,2012,24,6,1.2246467991473532e-16,-1.0,0.23931566428755768,-0.970941817426052,1414343.53,1337506.74,1356429.26,20.0
11,2012-06-22,1355680.3,0,83.26,3.346,225.3068615,6.664,False,2012,25,6,1.2246467991473532e-16,-1.0,0.12053668025532308,-0.992708874098054,1417875.42,1254587.84,1372787.5375,19.0
11,2012-06-29,1297028.6,0,87.86,3.286,225.3492435,6.664,False,2012,26,6,1.2246467991473532e-16,-1.0,-3.216245299353273e-16,-1.0,1355680.3,1297472.06,1387373.645,18.0
11,2012-07-06,1461129.94,0,83.44,3.227,225.3916254,6.334,False,2012,27,7,-0.4999999999999997,-0.8660254037844388,-0.12053668025532283,-0.992708874098054,1297028.6,1334627.96,1371231.9625,17.0
11,2012-07-13,1320239.51,0,82.46,3.256,225.4340074,6.334,False,2012,28,7,-0.4999999999999997,-0.8660254037844388,-0.23931566428755743,-0.9709418174260521,1461129.94,1266546.73,1382928.565,16.0
11,2012-07-20,1344483.81,0,82.41,3.311,225.4438827,6.334,False,2012,29,7,-0.4999999999999997,-0.8660254037844388,-0.3546048870425356,-0.9350162426854148,1320239.51,1290576.44,1358519.5875,15.0
11,2012-07-27,1272395.02,0,85.43,3.407,225.4537579,6.334,False,2012,30,7,-0.4999999999999997,-0.8660254037844388,-0.46472317204376806,-0.8854560256532101,1344483.81,1212938.67,1355720.465,14.0
11,2012-08-03,1399341.07,0,86.94,3.417,225.4636332,6.334,False,2012,31,8,-0.8660254037844384,-0.5000000000000004,-0.5680647467311556,-0.8229838658936565,1272395.02,1403198.94,1349562.07,13.0
11,2012-08-10,1388973.65,0,86.21,3.494,225.4735085,6.334,False,2012,32,8,-0.8660254037844384,-0.5000000000000004,-0.663122658240795,-0.7485107481711013,1399341.07,1354188.43,1334114.8525,12.0
11,2012-08-17,1421307.2,0,87.73,3.571,225.5558664,6.334,False,2012,33,8,-0.8660254037844384,-0.5000000000000004,-0.7485107481711011,-0.6631226582407952,1388973.65,1484169.74,1351298.3875000002,11.0
11,2012-08-24,1409515.73,0,83.17,3.62,225.6925864,6.334,False,2012,34,8,-0.8660254037844384,-0.5000000000000004,-0.8229838658936564,-0.5680647467311559,1421307.2,1304706.75,1370504.2349999999,10.0
11,2012-08-31,1372872.35,0,86.49,3.638,225.8293063,6.334,False,2012,35,8,-0.8660254037844384,-0.5000000000000004,-0.8854560256532096,-0.4647231720437691,1409515.73,1297792.41,1404784.4125,9.0
11,2012-09-07,1304584.4,1,85.17,3.73,225.9660263,6.334,False,2012,36,9,-1.0,-1.8369701987210297e-16,-0.9350162426854147,-0.3546048870425359,1372872.35,1249439.95,1398167.2325,8.0
11,2012-09-14,1267675.05,0,79.61,3.717,226.1122067,6.334,False,2012,37,9,-1.0,-1.8369701987210297e-16,-0.970941817426052,-0.23931566428755774,1304584.4,1270816.01,1377069.92,7.0
11,2012-09-21,1326132.98,0,73.64,3.721,226.3151496,6.334,False,2012,38,9,-1.0,-1.8369701987210297e-16,-0.992708874098054,-0.12053668025532357,1267675.05,1235775.15,1338661.8825,6.0
11,2012-09-28,1227430.73,0,77.67,3.666,226.5180926,6.334,False,2012,39,9,-1.0,-1.8369701987210297e-16,-1.0,-1.8369701987210297e-16,1326132.98,1190515.83,1317816.1949999998,5.0
11,2012-10-05,1422794.26,0,73.37,3.617,226.7210356,6.034,False,2012,40,10,-0.8660254037844386,0.5000000000000001,-0.992708874098054,0.1205366802553232,1227430.73,1346271.06,1281455.79,4.0
11,2012-10-12,1311965.09,0,69.94,3.601,226.9239785,6.034,False,2012,41,10,-0.8660254037844386,0.5000000000000001,-0.9709418174260521,0.23931566428755738,1422794.26,1286388.96,1311008.255,3.0
11,2012-10-19,1232073.18,0,73.77,3.594,226.9688442,6.034,False,2012,42,10,-0.8660254037844386,0.5000000000000001,-0.9350162426854148,0.35460488704253557,1311965.09,1325107.53,1322080.7650000001,2.0
11,2012-10-26,1200729.45,0,74.26,3.506,226.9873637,6.034,False,2012,43,10,-0.8660254037844386,0.5000000000000001,-0.8854560256532101,0.464723172043768,1232073.18,1310684.1,1298565.815,1.0
12,2011-02-04,1046068.17,0,45.14,3.348,127.7195806,14.021,False,2011,5,2,0.8660254037844386,0.5000000000000001,0.5680647467311558,0.8229838658936564,873119.06,1100046.37,849336.65,91.0
12,2011-02-11,1086421.57,1,51.3,3.381,127.859129,14.021,False,2011,6,2,0.8660254037844386,0.5000000000000001,0.6631226582407952,0.7485107481711011,1046068.17,1117863.33,883326.1325000001,90.0
12,2011-02-18,1128485.1,0,53.35,3.43,127.99525,14.021,False,2011,7,2,0.8660254037844386,0.5000000000000001,0.7485107481711011,0.6631226582407953,1086421.57,1095421.65,951928.575,89.0
12,2011-02-25,1046203.72,0,48.45,3.53,128.13,14.021,False,2011,8,2,0.8660254037844386,0.5000000000000001,0.8229838658936564,0.5680647467311559,1128485.1,1048617.17,1033523.4750000001,88.0
12,2011-03-04,1085248.21,0,51.72,3.674,128.26475,14.021,False,2011,9,3,1.0,6.123233995736766e-17,0.8854560256532099,0.4647231720437686,1046203.72,1077018.27,1076794.6400000001,87.0
12,2011-03-11,997672.62,0,57.75,3.818,128.3995,14.021,False,2011,10,3,1.0,6.123233995736766e-17,0.9350162426854148,0.35460488704253557,1085248.21,985594.23,1086589.65,86.0
12,2011-03-18,1009502.01,0,64.21,3.692,128.5121935,14.021,False,2011,11,3,1.0,6.123233995736766e-17,0.970941817426052,0.23931566428755804,997672.62,972088.34,1064402.4124999999,85.0
12,2011-03-25,954107.32,0,54.4,3.909,128.6160645,14.021,False,2011,12,3,1.0,6.123233995736766e-17,0.992708874098054,0.120536680255323,1009502.01,981615.81,1034656.64,84.0
12,2011-04-01,1005463.49,0,63.63,3.772,128.7199355,13.736,False,2011,13,4,0.8660254037844387,-0.4999999999999998,1.0,-1.6081226496766364e-16,954107.32,1011822.3,1011632.54,83.0
12,2011-04-08,998362.05,0,64.47,4.003,128.8238065,13.736,False,2011,14,4,0.8660254037844387,-0.4999999999999998,0.992708874098054,-0.12053668025532288,1005463.49,1041238.87,991686.36,82.0
12,2011-04-15,990951.77,0,57.63,3.868,128.9107333,13.736,False,2011,15,4,0.8660254037844387,-0.4999999999999998,0.9709418174260521,-0.2393156642875575,998362.05,957997.52,991858.7175,81.0
12,2011-04-22,1016019.47,0,72.12,4.134,128.9553,13.736,False,2011,16,4,0.8660254037844387,-0.4999999999999998,0.9350162426854148,-0.35460488704253545,990951.77,993833.44,987221.1575,80.0
12,2011-04-29,994966.1,0,68.27,4.151,128.9998667,13.736,False,2011,17,4,0.8660254037844387,-0.4999999999999998,0.8854560256532099,-0.4647231720437685,1016019.47,954220.22,1002699.195,79.0
12,2011-05-06,1021154.48,0,68.4,4.193,129.0444333,13.736,False,2011,18,5,0.49999999999999994,-0.8660254037844387,0.8229838658936565,-0.5680647467311557,994966.1,1043240.27,1000074.8475,78.0
12,2011-05-13,977033.5,0,70.93,4.202,129.089,13.736,False,2011,19,5,0.49999999999999994,-0.8660254037844387,0.7485107481711013,-0.663122658240795,1021154.48,966054.97,1005772.955,77.0
12,2011-05-20,924134.99,0,66.59,4.169,129.0756774,13.736,False,2011,20,5,0.49999999999999994,-0.8660254037844387,0.6631226582407952,-0.7485107481711012,977033.5,958374.56,1002293.3875,76.0
12,2011-05-27,964332.51,0,76.67,4.087,129.0623548,13.736,False,2011,21,5,0.49999999999999994,-0.8660254037844387,0.5680647467311558,-0.8229838658936564,924134.99,955451.16,979322.2675,75.0
12,2011-06-03,970328.68,0,71.81,4.031,129.0490323,13.736,False,2011,22,6,1.2246467991473532e-16,-1.0,0.46472317204376906,-0.8854560256532096,964332.51,1049357.36,971663.87,74.0
12,2011-06-10,996937.95,0,78.72,3.981,129.0357097,13.736,False,2011,23,6,1.2246467991473532e-16,-1.0,0.35460488704253584,-0.9350162426854147,970328.68,1016039.71,958957.4199999999,73.0
12,2011-06-17,986504.93,0,86.84,3.935,129.0432,13.736,False,2011,24,6,1.2246467991473532e-16,-1.0,0.23931566428755768,-0.970941817426052,996937.95,956211.2,963933.5325,72.0
12,2011-06-24,997282.75,0,88.95,3.898,129.0663,13.736,False,2011,25,6,1.2246467991473532e-16,-1.0,0.12053668025532308,-0.992708874098054,986504.93,958007.69,979526.0175000001,71.0
12,2011-07-01,961993.34,0,89.85,3.842,129.0894,13.503,False,2011,26,7,-0.4999999999999997,-0.8660254037844388,-3.216245299353273e-16,-1.0,997282.75,951957.31,987763.5775,70.0
12,2011-07-08,943717.38,0,89.9,3.705,129.1125,13.503,False,2011,27,7,-0.4999999999999997,-0.8660254037844388,-0.12053668025532283,-0.992708874098054,961993.34,943506.28,985679.7424999999,69.0
12,2011-07-15,936001.98,0,88.1,3.692,129.1338387,13.503,False,2011,28,7,-0.4999999999999997,-0.8660254037844388,-0.23931566428755743,-0.9709418174260521,943717.38,916402.76,972374.6,68.0
12,2011-07-22,922231.92,0,91.17,3.794,129.1507742,13.503,False,2011,29,7,-0.4999999999999997,-0.8660254037844388,-0.3546048870425356,-0.9350162426854148,936001.98,912403.67,959748.8624999999,67.0
12,2011-07-29,890547.07,0,93.29,3.805,129.1677097,13.503,False,2011,30,7,-0.4999999999999997,-0.8660254037844388,-0.46472317204376806,-0.8854560256532101,922231.92,913548.25,940986.155,66.0
12,2011-08-05,988712.52,0,90.61,3.803,129.1846452,13.503,False,2011,31,8,-0.8660254037844384,-0.5000000000000004,-0.5680647467311556,-0.8229838658936565,890547.07,967576.95,923124.5875,65.0
12,2011-08-12,955913.68,0,91.04,3.701,129.2015806,13.503,False,2011,32,8,-0.8660254037844384,-0.5000000000000004,-0.663122658240795,-0.7485107481711013,988712.52,928264.4,934373.3725,64.0
12,2011-08-19,966817.24,0,91.74,3.743,129.2405806,13.503,False,2011,33,8,-0.8660254037844384,-0.5000000000000004,-0.7485107481711011,-0.6631226582407952,955913.68,948447.34,939351.2975000001,63.0
12,2011-08-26,1017593.47,0,94.61,3.74,129.2832581,13.503,False,2011,34,8,-0.8660254037844384,-0.5000000000000004,-0.8229838658936564,-0.5680647467311559,966817.24,1004516.46,950497.6275000001,62.0
12,2011-09-02,1052051.45,0,93.66,3.798,129.3259355,13.503,False,2011,35,9,-1.0,-1.8369701987210297e-16,-0.8854560256532096,-0.4647231720437691,1017593.47,1075758.55,982259.2275,61.0
12,2011-09-09,922850.57,1,88.0,3.913,129.3686129,13.503,False,2011,36,9,-1.0,-1.8369701987210297e-16,-0.9350162426854147,-0.3546048870425359,1052051.45,903119.03,998093.96,60.0
12,2011-09-16,889290.23,0,76.36,3.918,129.4306,13.503,False,2011,37,9,-1.0,-1.8369701987210297e-16,-0.970941817426052,-0.23931566428755774,922850.57,852882.61,989828.1825,59.0
12,2011-09-23,871692.74,0,82.95,3.789,129.5183333,13.503,False,2011,38,9,-1.0,-1.8369701987210297e-16,-0.992708874098054,-0.12053668025532357,889290.23,851919.34,970446.4299999999,58.0
12,2011-09-30,866401.45,0,83.26,3.877,129.6060667,13.503,False,2011,39,9,-1.0,-1.8369701987210297e-16,-1.0,-1.8369701987210297e-16,871692.74,850936.26,933971.2475,57.0
12,2011-10-07,951244.66,0,70.44,3.827,129.6938,12.89,False,2011,40,10,-0.8660254037844386,0.5000000000000001,-0.992708874098054,0.1205366802553232,866401.45,918335.68,887558.7474999999,56.0
12,2011-10-14,927600.01,0,67.31,3.805,129.7706452,12.89,False,2011,41,10,-0.8660254037844386,0.5000000000000001,-0.9709418174260521,0.23931566428755738,951244.66,862419.84,894657.27,55.0
12,2011-10-21,938604.58,0,73.05,3.842,129.7821613,12.89,False,2011,42,10,-0.8660254037844386,0.5000000000000001,-0.9350162426854148,0.35460488704253557,927600.01,857883.46,904234.7150000001,54.0
12,2011-10-28,990926.38,0,67.41,3.727,129.7936774,12.89,False,2011,43,10,-0.8660254037844386,0.5000000000000001,-0.8854560256532101,0.464723172043768,938604.58,955294.7,920962.6749999999,53.0
12,2011-11-04,1051944.79,0,59.77,3.828,129.8051935,12.89,False,2011,44,11,-0.5000000000000004,0.8660254037844384,-0.822983865893657,0.5680647467311548,990926.38,929690.71,952093.9075,52.0
12,2011-11-11,1095091.53,0,48.76,3.824,129.8167097,12.89,False,2011,45,11,-0.5000000000000004,0.8660254037844384,-0.7485107481711011,0.6631226582407952,1051944.79,942475.24,977268.94,51.0
12,2011-11-18,970641.34,0,54.2,3.813,129.8268333,12.89,False,2011,46,11,-0.5000000000000004,0.8660254037844384,-0.6631226582407955,0.7485107481711007,1095091.53,894493.7,1019141.8200000001,50.0
12,2011-11-25,1591920.42,1,53.25,3.622,129.8364,12.89,True,2011,47,11,-0.5000000000000004,0.8660254037844384,-0.5680647467311559,0.8229838658936564,970641.34,1601377.41,1027151.01,49.0
12,2011-12-02,1071383.1,0,52.5,3.701,129.8459667,12.89,False,2011,48,12,-2.4492935982947064e-16,1.0,-0.4647231720437684,0.88545602565321,1591920.42,1069533.17,1177399.52,48.0
12,2011-12-09,1189646.45,0,42.17,3.644,129.8555333,12.89,False,2011,49,12,-2.4492935982947064e-16,1.0,-0.35460488704253595,0.9350162426854147,1071383.1,1121934.15,1182259.0975000001,47.0
12,2011-12-16,1293404.18,0,43.29,3.6,129.8980645,12.89,True,2011,50,12,-2.4492935982947064e-16,1.0,-0.2393156642875578,0.970941817426052,1189646.45,1295605.35,1205897.8275,46.0
12,2011-12-23,1617612.03,0,45.4,3.541,129.9845484,12.89,True,2011,51,12,-2.4492935982947064e-16,1.0,-0.12053668025532363,0.992708874098054,1293404.18,1768249.89,1286588.5375,45.0
12,2011-12-30,1111638.07,1,44.64,3.428,130.0710323,12.89,False,2011,52,12,-2.4492935982947064e-16,1.0,6.432490598706546e-16,1.0,1617612.03,891736.91,1293011.44,44.0
12,2012-01-06,945823.65,0,50.43,3.599,130.1575161,12.187,False,2012,1,1,0.49999999999999994,0.8660254037844387,0.12053668025532305,0.992708874098054,1111638.07,910110.24,1303075.1825,43.0
12,2012-01-13,865467.86,0,48.07,3.657,130.244,12.187,False,2012,2,1,0.49999999999999994,0.8660254037844387,0.23931566428755774,0.970941817426052,945823.65,812011.8,1242119.4825,42.0
12,2012-01-20,855922.64,0,46.2,3.66,130.2792258,12.187,False,2012,3,1,0.49999999999999994,0.8660254037844387,0.3546048870425356,0.9350162426854148,865467.86,802105.5,1135135.4025,41.0
12,2012-01-27,888203.69,0,50.43,3.675,130.3144516,12.187,False,2012,4,1,0.49999999999999994,0.8660254037844387,0.4647231720437685,0.8854560256532099,855922.64,873119.06,944713.0549999999,40.0
12,2012-02-03,1058767.95,0,50.58,3.702,130.3496774,12.187,False,2012,5,2,0.8660254037844386,0.5000000000000001,0.5680647467311558,0.8229838658936564,888203.69,1046068.17,888854.46,39.0
12,2012-02-10,1199330.85,1,52.27,3.722,130.3849032,12.187,False,2012,6,2,0.8660254037844386,0.5000000000000001,0.6631226582407952,0.7485107481711011,1058767.95,1086421.57,917090.535,38.0
12,2012-02-17,1240048.85,0,51.8,3.781,130.4546207,12.187,True,2012,7,2,0.8660254037844386,0.5000000000000001,0.7485107481711011,0.6631226582407953,1199330.85,1128485.1,1000556.2825000001,37.0
12,2012-02-24,1112034.72,0,53.13,3.95,130.5502069,12.187,False,2012,8,2,0.8660254037844386,0.5000000000000001,0.8229838658936564,0.5680647467311559,1240048.85,1046203.72,1096587.835,36.0
12,2012-03-02,1147636.96,0,52.27,4.178,130.6457931,12.187,False,2012,9,3,1.0,6.123233995736766e-17,0.8854560256532099,0.4647231720437686,1112034.72,1085248.21,1152545.5925,35.0
12,2012-03-09,1113208.57,0,54.54,4.25,130.7413793,12.187,False,2012,10,3,1.0,6.123233995736766e-17,0.9350162426854148,0.35460488704253557,1147636.96,997672.62,1174762.845,34.0
12,2012-03-16,1088498.52,0,64.44,4.273,130.8261935,12.187,False,2012,11,3,1.0,6.123233995736766e-17,0.970941817426052,0.23931566428755804,1113208.57,1009502.01,1153232.275,33.0
12,2012-03-23,1045419.87,0,56.26,4.038,130.8966452,12.187,False,2012,12,3,1.0,6.123233995736766e-17,0.992708874098054,0.120536680255323,1088498.52,954107.32,1115344.6925,32.0
12,2012-03-30,1025382.22,0,64.36,4.294,130.9670968,12.187,False,2012,13,3,1.0,6.123233995736766e-17,1.0,-1.6081226496766364e-16,1045419.87,1005463.49,1098690.98,31.0
12,2012-04-06,1128765.71,0,64.05,4.121,131.0375484,11.627,False,2012,14,4,0.8660254037844387,-0.4999999999999998,0.992708874098054,-0.12053668025532288,1025382.22,998362.05,1068127.2950000002,30.0
12,2012-04-13,1083811.19,0,64.28,4.254,131.108,11.627,False,2012,15,4,0.8660254037844387,-0.4999999999999998,0.9709418174260521,-0.2393156642875575,1128765.71,990951.77,1072016.58,29.0
12,2012-04-20,1006486.96,0,66.73,4.222,131.1173333,11.627,False,2012,16,4,0.8660254037844387,-0.4999999999999998,0.9350162426854148,-0.35460488704253545,1083811.19,1016019.47,1070844.7475,28.0
12,2012-04-27,1004252.38,0,77.99,4.193,131.1266667,11.627,False,2012,17,4,0.8660254037844387,-0.4999999999999998,0.8854560256532099,-0.4647231720437685,1006486.96,994966.1,1061111.52,27.0
12,2012-05-04,1073433.69,0,76.03,4.171,131.136,11.627,False,2012,18,5,0.49999999999999994,-0.8660254037844387,0.8229838658936565,-0.5680647467311557,1004252.38,1021154.48,1055829.06,26.0
12,2012-05-11,1041995.22,0,77.27,4.186,131.1453333,11.627,False,2012,19,5,0.49999999999999994,-0.8660254037844387,0.7485107481711013,-0.663122658240795,1073433.69,977033.5,1041996.0549999999,25.0
12,2012-05-18,1020486.05,0,84.51,4.11,131.0983226,11.627,False,2012,20,5,0.49999999999999994,-0.8660254037844387,0.6631226582407952,-0.7485107481711012,1041995.22,924134.99,1031542.0625,24.0
12,2012-05-25,991514.21,0,83.84,4.293,131.0287742,11.627,False,2012,21,5,0.49999999999999994,-0.8660254037844387,0.5680647467311558,-0.8229838658936564,1020486.05,964332.51,1035041.835,23.0
12,2012-06-01,981345.2,0,78.11,4.277,130.9592258,11.627,False,2012,22,6,1.2246467991473532e-16,-1.0,0.46472317204376906,-0.8854560256532096,991514.21,970328.68,1031857.2925,22.0
12,2012-06-08,1086231.47,0,84.83,4.103,130.8896774,11.627,False,2012,23,6,1.2246467991473532e-16,-1.0,0.35460488704253584,-0.9350162426854147,981345.2,996937.95,1008835.1699999999,21.0
12,2012-06-15,1019555.51,0,85.94,4.144,130.8295333,11.627,False,2012,24,6,1.2246467991473532e-16,-1.0,0.23931566428755768,-0.970941817426052,1086231.47,986504.93,1019894.2325,20.0
12,2012-06-22,981386.25,0,91.61,4.014,130.7929,11.627,False,2012,25,6,1.2246467991473532e-16,-1.0,0.12053668025532308,-0.992708874098054,1019555.51,997282.75,1019661.5974999999,19.0
12,2012-06-29,943124.74,0,90.47,3.875,130.7562667,11.627,False,2012,26,6,1.2246467991473532e-16,-1.0,-3.216245299353273e-16,-1.0,981386.25,961993.34,1017129.6074999999,18.0
12,2012-07-06,1014898.78,0,89.13,3.765,130.7196333,10.926,False,2012,27,7,-0.4999999999999997,-0.8660254037844388,-0.12053668025532283,-0.992708874098054,943124.74,943717.38,1007574.4924999999,17.0
12,2012-07-13,960312.75,0,95.61,3.723,130.683,10.926,False,2012,28,7,-0.4999999999999997,-0.8660254037844388,-0.23931566428755743,-0.9709418174260521,1014898.78,936001.98,989741.3200000001,16.0
12,2012-07-20,941550.34,0,85.53,3.726,130.7012903,10.926,False,2012,29,7,-0.4999999999999997,-0.8660254037844388,-0.3546048870425356,-0.9350162426854148,960312.75,922231.92,974930.6300000001,15.0
12,2012-07-27,916967.92,0,93.47,3.769,130.7195806,10.926,False,2012,30,7,-0.4999999999999997,-0.8660254037844388,-0.46472317204376806,-0.8854560256532101,941550.34,890547.07,964971.6525000001,14.0
12,2012-08-03,958667.23,0,88.16,3.76,130.737871,10.926,False,2012,31,8,-0.8660254037844384,-0.5000000000000004,-0.5680647467311556,-0.8229838658936565,916967.92,988712.52,958432.4475,13.0
12,2012-08-10,984689.9,0,95.91,3.811,130.7561613,10.926,False,2012,32,8,-0.8660254037844384,-0.5000000000000004,-0.663122658240795,-0.7485107481711013,958667.23,955913.68,944374.5599999999,12.0
12,2012-08-17,1005003.12,0,94.87,4.002,130.7909677,10.926,False,2012,33,8,-0.8660254037844384,-0.5000000000000004,-0.7485107481711011,-0.6631226582407952,984689.9,966817.24,950468.8475,11.0
12,2012-08-24,1048101.39,0,85.32,4.055,130.8381613,10.926,False,2012,34,8,-0.8660254037844384,-0.5000000000000004,-0.8229838658936564,-0.5680647467311559,1005003.12,1017593.47,966332.0425,10.0
12,2012-08-31,1061943.49,0,89.78,4.093,130.8853548,10.926,False,2012,35,8,-0.8660254037844384,-0.5000000000000004,-0.8854560256532096,-0.4647231720437691,1048101.39,1052051.45,999115.41,9.0
12,2012-09-07,955146.04,1,88.52,4.124,130.9325484,10.926,False,2012,36,9,-1.0,-1.8369701987210297e-16,-0.9350162426854147,-0.3546048870425359,1061943.49,922850.57,1024934.475,8.0
12,2012-09-14,885892.37,0,83.64,4.133,130.9776667,10.926,False,2012,37,9,-1.0,-1.8369701987210297e-16,-0.970941817426052,-0.23931566428755774,955146.04,889290.23,1017548.51,7.0
12,2012-09-21,922735.37,0,82.97,4.125,131.0103333,10.926,False,2012,38,9,-1.0,-1.8369701987210297e-16,-0.992708874098054,-0.12053668025532357,885892.37,871692.74,987770.8225,6.0
12,2012-09-28,880415.67,0,81.22,3.966,131.043,10.926,False,2012,39,9,-1.0,-1.8369701987210297e-16,-1.0,-1.8369701987210297e-16,922735.37,866401.45,956429.3174999999,5.0
12,2012-10-05,979825.92,0,81.61,3.966,131.0756667,10.199,False,2012,40,10,-0.8660254037844386,0.5000000000000001,-0.992708874098054,0.1205366802553232,880415.67,951244.66,911047.3625,4.0
12,2012-10-12,934917.47,0,71.74,4.468,131.1083333,10.199,False,2012,41,10,-0.8660254037844386,0.5000000000000001,-0.9709418174260521,0.23931566428755738,979825.92,927600.01,917217.3325,3.0
12,2012-10-19,960945.43,0,68.66,4.449,131.1499677,10.199,False,2012,42,10,-0.8660254037844386,0.5000000000000001,-0.9350162426854148,0.35460488704253557,934917.47,938604.58,929473.6074999999,2.0
12,2012-10-26,974697.6,0,65.95,4.301,131.1930968,10.199,False,2012,43,10,-0.8660254037844386,0.5000000000000001,-0.8854560256532101,0.464723172043768,960945.43,990926.38,939026.1224999999,1.0
13,2011-02-04,1848186.58,0,23.35,2.974,127.7195806,7.47,False,2011,5,2,0.8660254037844386,0.5000000000000001,0.5680647467311558,0.8229838658936564,1633663.12,1967220.53,1707675.2975,91.0
13,2011-02-11,1944438.9,1,30.83,3.034,127.859129,7.47,False,2011,6,2,0.8660254037844386,0.5000000000000001,0.6631226582407952,0.7485107481711011,1848186.58,2030933.46,1733585.845,90.0
13,2011-02-18,2003480.59,0,40.85,3.062,127.99525,7.47,False,2011,7,2,0.8660254037844386,0.5000000000000001,0.7485107481711011,0.6631226582407953,1944438.9,1970274.64,1799116.4925000002,89.0
13,2011-02-25,1831933.95,0,33.17,3.12,128.13,7.47,False,2011,8,2,0.8660254037844386,0.5000000000000001,0.8229838658936564,0.5680647467311559,2003480.59,1817850.32,1857442.2975,88.0
13,2011-03-04,1894960.68,0,34.23,3.23,128.26475,7.47,False,2011,9,3,1.0,6.123233995736766e-17,0.8854560256532099,0.4647231720437686,1831933.95,1939980.43,1907010.0050000001,87.0
13,2011-03-11,1852432.58,0,41.28,3.346,128.3995,7.47,False,2011,10,3,1.0,6.123233995736766e-17,0.9350162426854148,0.35460488704253557,1894960.68,1840686.94,1918703.53,86.0
13,2011-03-18,1852443.78,0,44.69,3.407,128.5121935,7.47,False,2011,11,3,1.0,6.123233995736766e-17,0.970941817426052,0.23931566428755804,1852432.58,1879794.89,1895701.95,85.0
13,2011-03-25,1807545.43,0,42.38,3.435,128.6160645,7.47,False,2011,12,3,1.0,6.123233995736766e-17,0.992708874098054,0.120536680255323,1852443.78,1882095.98,1857942.7475,84.0
13,2011-04-01,1864238.64,0,42.49,3.487,128.7199355,7.193,False,2011,13,4,0.8660254037844387,-0.4999999999999998,1.0,-1.6081226496766364e-16,1807545.43,2142482.14,1851845.6175,83.0
13,2011-04-08,1887465.04,0,42.75,3.547,128.8238065,7.193,False,2011,14,4,0.8660254037844387,-0.4999999999999998,0.992708874098054,-0.12053668025532288,1864238.64,1898321.33,1844165.1075,82.0
13,2011-04-15,1950994.04,0,41.72,3.616,128.9107333,7.193,False,2011,15,4,0.8660254037844387,-0.4999999999999998,0.9709418174260521,-0.2393156642875575,1887465.04,1819660.44,1852923.2225,81.0
13,2011-04-22,2124316.34,0,47.55,3.655,128.9553,7.193,False,2011,16,4,0.8660254037844387,-0.4999999999999998,0.9350162426854148,-0.35460488704253545,1950994.04,1909330.77,1877560.7874999999,80.0
13,2011-04-29,1895583.12,0,43.85,3.683,128.9998667,7.193,False,2011,17,4,0.8660254037844387,-0.4999999999999998,0.8854560256532099,-0.4647231720437685,2124316.34,1785823.37,1956753.515,79.0
13,2011-05-06,1986380.4,0,47.75,3.744,129.0444333,7.193,False,2011,18,5,0.49999999999999994,-0.8660254037844387,0.8229838658936565,-0.5680647467311557,1895583.12,2005478.46,1964589.635,78.0
13,2011-05-13,1958823.56,0,52.4,3.77,129.089,7.193,False,2011,19,5,0.49999999999999994,-0.8660254037844387,0.7485107481711013,-0.663122658240795,1986380.4,1890273.44,1989318.475,77.0
13,2011-05-20,1860923.55,0,52.12,3.802,129.0756774,7.193,False,2011,20,5,0.49999999999999994,-0.8660254037844387,0.6631226582407952,-0.7485107481711012,1958823.56,1853657.6,1991275.855,76.0
13,2011-05-27,1866369.93,0,54.62,3.778,129.0623548,7.193,False,2011,21,5,0.49999999999999994,-0.8660254037844387,0.5680647467311558,-0.8229838658936564,1860923.55,1877358.86,1925427.6575,75.0
13,2011-06-03,1935593.87,0,52.76,3.752,129.0490323,7.193,False,2011,22,6,1.2246467991473532e-16,-1.0,0.46472317204376906,-0.8854560256532096,1866369.93,2022705.22,1918124.3599999999,74.0
13,2011-06-10,1997816.98,0,61.39,3.732,129.0357097,7.193,False,2011,23,6,1.2246467991473532e-16,-1.0,0.35460488704253584,-0.9350162426854147,1935593.87,2037880.96,1905427.7275,73.0
13,2011-06-17,2086433.49,0,63.35,3.704,129.0432,7.193,False,2011,24,6,1.2246467991473532e-16,-1.0,0.23931566428755768,-0.970941817426052,1997816.98,2003435.31,1915176.0825,72.0
13,2011-06-24,2009163.08,0,66.38,3.668,129.0663,7.193,False,2011,25,6,1.2246467991473532e-16,-1.0,0.12053668025532308,-0.992708874098054,2086433.49,1970340.25,1971553.5675000001,71.0
13,2011-07-01,2048035.74,0,74.29,3.613,129.0894,6.877,False,2011,26,7,-0.4999999999999997,-0.8660254037844388,-3.216245299353273e-16,-1.0,2009163.08,2018314.71,2007251.855,70.0
13,2011-07-08,2021699.38,0,77.3,3.563,129.1125,6.877,False,2011,27,7,-0.4999999999999997,-0.8660254037844388,-0.12053668025532283,-0.992708874098054,2048035.74,1870843.9,2035362.3225000002,69.0
13,2011-07-15,1956813.31,0,75.59,3.553,129.1338387,6.877,False,2011,28,7,-0.4999999999999997,-0.8660254037844388,-0.23931566428755743,-0.9709418174260521,2021699.38,1932231.05,2041332.9224999999,68.0
13,2011-07-22,1987089.36,0,78.5,3.563,129.1507742,6.877,False,2011,29,7,-0.4999999999999997,-0.8660254037844388,-0.3546048870425356,-0.9350162426854148,1956813.31,1907351.2,2008927.8775,67.0
13,2011-07-29,1880785.69,0,77.62,3.574,129.1677097,6.877,False,2011,30,7,-0.4999999999999997,-0.8660254037844388,-0.46472317204376806,-0.8854560256532101,1987089.36,1817887.23,2003409.4475,66.0
13,2011-08-05,2076231.8,0,75.56,3.595,129.1846452,6.877,False,2011,31,8,-0.8660254037844384,-0.5000000000000004,-0.5680647467311556,-0.8229838658936565,1880785.69,1969121.45,1961596.935,65.0
13,2011-08-12,1970341.38,0,75.95,3.606,129.2015806,6.877,False,2011,32,8,-0.8660254037844384,-0.5000000000000004,-0.663122658240795,-0.7485107481711013,2076231.8,1877592.55,1975230.04,64.0
13,2011-08-19,2090340.98,0,76.68,3.578,129.2405806,6.877,False,2011,33,8,-0.8660254037844384,-0.5000000000000004,-0.7485107481711011,-0.6631226582407952,1970341.38,1997397.63,1978612.0575,63.0
13,2011-08-26,2035244.54,0,81.53,3.57,129.2832581,6.877,False,2011,34,8,-0.8660254037844384,-0.5000000000000004,-0.8229838658936564,-0.5680647467311559,2090340.98,1908278.27,2004424.9625,62.0
13,2011-09-02,1953628.82,0,77.0,3.58,129.3259355,6.877,False,2011,35,9,-1.0,-1.8369701987210297e-16,-0.8854560256532096,-0.4647231720437691,2035244.54,1911852.58,2043039.675,61.0
13,2011-09-09,1872921.31,1,70.19,3.619,129.3686129,6.877,False,2011,36,9,-1.0,-1.8369701987210297e-16,-0.9350162426854147,-0.3546048870425359,1953628.82,1772143.94,2012388.9300000002,60.0
13,2011-09-16,1923223.82,0,67.54,3.641,129.4306,6.877,False,2011,37,9,-1.0,-1.8369701987210297e-16,-0.970941817426052,-0.23931566428755774,1872921.31,1790279.74,1988033.9124999999,59.0
13,2011-09-23,1847430.96,0,63.6,3.648,129.5183333,6.877,False,2011,38,9,-1.0,-1.8369701987210297e-16,-0.992708874098054,-0.12053668025532357,1923223.82,1705655.09,1946254.6225,58.0
13,2011-09-30,1835662.69,0,68.28,3.623,129.6060667,6.877,False,2011,39,9,-1.0,-1.8369701987210297e-16,-1.0,-1.8369701987210297e-16,1847430.96,1765584.48,1899301.2275,57.0
13,2011-10-07,2067232.56,0,60.62,3.592,129.6938,6.392,False,2011,40,10,-0.8660254037844386,0.5000000000000001,-0.992708874098054,0.1205366802553232,1835662.69,1871924.07,1869809.6949999998,56.0
13,2011-10-14,1929659.07,0,51.74,3.567,129.7706452,6.392,False,2011,41,10,-0.8660254037844386,0.5000000000000001,-0.9709418174260521,0.23931566428755738,2067232.56,1851431.06,1918387.5075,55.0
13,2011-10-21,1973544.27,0,54.66,3.579,129.7821613,6.392,False,2011,42,10,-0.8660254037844386,0.5000000000000001,-0.9350162426854148,0.35460488704253557,1929659.07,1796949.59,1919996.32,54.0
13,2011-10-28,1948733.81,0,47.41,3.567,129.7936774,6.392,False,2011,43,10,-0.8660254037844386,0.5000000000000001,-0.8854560256532101,0.464723172043768,1973544.27,1887895.07,1951524.6475,53.0
13,2011-11-04,2036317.54,0,43.51,3.538,129.8051935,6.392,False,2011,44,11,-0.5000000000000004,0.8660254037844384,-0.822983865893657,0.5680647467311548,1948733.81,1854967.66,1979792.4275000002,52.0
13,2011-11-11,2111592.09,0,33.8,3.513,129.8167097,6.392,False,2011,45,11,-0.5000000000000004,0.8660254037844384,-0.7485107481711011,0.6631226582407952,2036317.54,1939964.63,1972063.6725,51.0
13,2011-11-18,2016323.51,0,40.65,3.489,129.8268333,6.392,False,2011,46,11,-0.5000000000000004,0.8660254037844384,-0.6631226582407955,0.7485107481711007,2111592.09,1925393.91,2017546.9275,50.0
13,2011-11-25,2864170.61,1,38.89,3.445,129.8364,6.392,True,2011,47,11,-0.5000000000000004,0.8660254037844384,-0.5680647467311559,0.8229838658936564,2016323.51,2766400.05,2028241.7375,49.0
13,2011-12-02,2051315.66,0,33.94,3.389,129.8459667,6.392,False,2011,48,12,-2.4492935982947064e-16,1.0,-0.4647231720437684,0.88545602565321,2864170.61,2083379.89,2257100.9375,48.0
13,2011-12-09,2462779.06,0,24.82,3.341,129.8555333,6.392,True,2011,49,12,-2.4492935982947064e-16,1.0,-0.35460488704253595,0.9350162426854147,2051315.66,2461468.35,2260850.4675,47.0
13,2011-12-16,2760346.71,0,27.85,3.282,129.8980645,6.392,True,2011,50,12,-2.4492935982947064e-16,1.0,-0.2393156642875578,0.970941817426052,2462779.06,2771646.81,2348647.21,46.0
13,2011-12-23,3556766.03,0,24.76,3.186,129.9845484,6.392,True,2011,51,12,-2.4492935982947064e-16,1.0,-0.12053668025532363,0.992708874098054,2760346.71,3595903.2,2534653.01,45.0
13,2011-12-30,1969056.91,1,31.53,3.119,130.0710323,6.392,False,2011,52,12,-2.4492935982947064e-16,1.0,6.432490598706546e-16,1.0,3556766.03,1675292.0,2707801.8649999998,44.0
13,2012-01-06,1865752.78,0,33.8,3.08,130.1575161,6.104,False,2012,1,1,0.49999999999999994,0.8660254037844387,0.12053668025532305,0.992708874098054,1969056.91,1744544.39,2687237.1774999998,43.0
13,2012-01-13,1794962.64,0,25.61,3.056,130.244,6.104,False,2012,2,1,0.49999999999999994,0.8660254037844387,0.23931566428755774,0.970941817426052,1865752.78,1682316.31,2537980.6075,42.0
13,2012-01-20,1811606.21,0,32.71,3.047,130.2792258,6.104,False,2012,3,1,0.49999999999999994,0.8660254037844387,0.3546048870425356,0.9350162426854148,1794962.64,1770177.37,2296634.59,41.0
13,2012-01-27,1733983.09,0,34.32,3.058,130.3144516,6.104,False,2012,4,1,0.49999999999999994,0.8660254037844387,0.4647231720437685,0.8854560256532099,1811606.21,1633663.12,1860344.635,40.0
13,2012-02-03,1927780.74,0,31.39,3.077,130.3496774,6.104,False,2012,5,2,0.8660254037844386,0.5000000000000001,0.5680647467311558,0.8229838658936564,1733983.09,1848186.58,1801576.1800000002,39.0
13,2012-02-10,2069284.57,1,33.73,3.116,130.3849032,6.104,False,2012,6,2,0.8660254037844386,0.5000000000000001,0.6631226582407952,0.7485107481711011,1927780.74,1944438.9,1817083.17,38.0
13,2012-02-17,2214477.06,0,36.57,3.119,130.4546207,6.104,False,2012,7,2,0.8660254037844386,0.5000000000000001,0.7485107481711011,0.6631226582407953,2069284.57,2003480.59,1885663.6525,37.0
13,2012-02-24,1929768.03,0,35.38,3.145,130.5502069,6.104,False,2012,8,2,0.8660254037844386,0.5000000000000001,0.8229838658936564,0.5680647467311559,2214477.06,1831933.95,1986381.3650000002,36.0
13,2012-03-02,1969742.76,0,32.36,3.242,130.6457931,6.104,False,2012,9,3,1.0,6.123233995736766e-17,0.8854560256532099,0.4647231720437686,1929768.03,1894960.68,2035327.6,35.0
13,2012-03-09,1986445.65,0,38.24,3.38,130.7413793,6.104,False,2012,10,3,1.0,6.123233995736766e-17,0.9350162426854148,0.35460488704253557,1969742.76,1852432.58,2045818.105,34.0
13,2012-03-16,2025582.62,0,52.5,3.529,130.8261935,6.104,False,2012,11,3,1.0,6.123233995736766e-17,0.970941817426052,0.23931566428755804,1986445.65,1852443.78,2025108.375,33.0
13,2012-03-23,1904421.74,0,47.83,3.671,130.8966452,6.104,False,2012,12,3,1.0,6.123233995736766e-17,0.992708874098054,0.120536680255323,2025582.62,1807545.43,1977884.765,32.0
13,2012-03-30,1948982.7,0,53.2,3.734,130.9670968,6.104,False,2012,13,3,1.0,6.123233995736766e-17,1.0,-1.6081226496766364e-16,1904421.74,1864238.64,1971548.1925000001,31.0
13,2012-04-06,2271614.76,0,48.85,3.793,131.0375484,5.965,False,2012,14,4,0.8660254037844387,-0.4999999999999998,0.992708874098054,-0.12053668025532288,1948982.7,1887465.04,1966358.1774999998,30.0
13,2012-04-13,2057637.86,0,51.7,3.833,131.108,5.965,False,2012,15,4,0.8660254037844387,-0.4999999999999998,0.9709418174260521,-0.2393156642875575,2271614.76,1950994.04,2037650.455,29.0
13,2012-04-20,1955689.12,0,50.24,3.845,131.1173333,5.965,False,2012,16,4,0.8660254037844387,-0.4999999999999998,0.9350162426854148,-0.35460488704253545,2057637.86,2124316.34,2045664.265,28.0
13,2012-04-27,1970121.65,0,64.8,3.842,131.1266667,5.965,False,2012,17,4,0.8660254037844387,-0.4999999999999998,0.8854560256532099,-0.4647231720437685,1955689.12,1895583.12,2058481.1099999999,27.0
13,2012-05-04,1995994.51,0,54.41,3.831,131.136,5.965,False,2012,18,5,0.49999999999999994,-0.8660254037844387,0.8229838658936565,-0.5680647467311557,1970121.65,1986380.4,2063765.8475000001,26.0
13,2012-05-11,2080764.17,0,56.47,3.809,131.1453333,5.965,False,2012,19,5,0.49999999999999994,-0.8660254037844387,0.7485107481711013,-0.663122658240795,1995994.51,1958823.56,1994860.7850000001,25.0
13,2012-05-18,2131900.55,0,65.17,3.808,131.0983226,5.965,False,2012,20,5,0.49999999999999994,-0.8660254037844387,0.6631226582407952,-0.7485107481711012,2080764.17,1860923.55,2000642.3625,24.0
13,2012-05-25,2043349.41,0,62.39,3.801,131.0287742,5.965,False,2012,21,5,0.49999999999999994,-0.8660254037844387,0.5680647467311558,-0.8229838658936564,2131900.55,1866369.93,2044695.22,23.0
13,2012-06-01,2035431.39,0,61.11,3.788,130.9592258,5.965,False,2012,22,6,1.2246467991473532e-16,-1.0,0.46472317204376906,-0.8854560256532096,2043349.41,1935593.87,2063002.16,22.0
13,2012-06-08,2182437.9,0,68.4,3.776,130.8896774,5.965,False,2012,23,6,1.2246467991473532e-16,-1.0,0.35460488704253584,-0.9350162426854147,2035431.39,1997816.98,2072861.38,21.0
13,2012-06-15,2152229.11,0,65.97,3.756,130.8295333,5.965,False,2012,24,6,1.2246467991473532e-16,-1.0,0.23931566428755768,-0.970941817426052,2182437.9,2086433.49,2098279.8125,20.0
13,2012-06-22,2094373.0,0,72.89,3.737,130.7929,5.965,False,2012,25,6,1.2246467991473532e-16,-1.0,0.12053668025532308,-0.992708874098054,2152229.11,2009163.08,2103361.9524999997,19.0
13,2012-06-29,2037663.71,0,82.0,3.681,130.7562667,5.965,False,2012,26,6,1.2246467991473532e-16,-1.0,-3.216245299353273e-16,-1.0,2094373.0,2048035.74,2116117.8499999996,18.0
13,2012-07-06,2184980.35,0,79.23,3.63,130.7196333,5.765,False,2012,27,7,-0.4999999999999997,-0.8660254037844388,-0.12053668025532283,-0.992708874098054,2037663.71,2021699.38,2116675.9299999997,17.0
13,2012-07-13,2002750.99,0,83.68,3.595,130.683,5.765,False,2012,28,7,-0.4999999999999997,-0.8660254037844388,-0.23931566428755743,-0.9709418174260521,2184980.35,1956813.31,2117311.5425,16.0
13,2012-07-20,2053089.32,0,75.69,3.556,130.7012903,5.765,False,2012,29,7,-0.4999999999999997,-0.8660254037844388,-0.3546048870425356,-0.9350162426854148,2002750.99,1987089.36,2079942.0125,15.0
13,2012-07-27,1914430.53,0,80.42,3.537,130.7195806,5.765,False,2012,30,7,-0.4999999999999997,-0.8660254037844388,-0.46472317204376806,-0.8854560256532101,2053089.32,1880785.69,2069621.0925,14.0
13,2012-08-03,2044148.23,0,81.99,3.512,130.737871,5.765,False,2012,31,8,-0.8660254037844384,-0.5000000000000004,-0.5680647467311556,-0.8229838658936565,1914430.53,2076231.8,2038812.7975,13.0
13,2012-08-10,2041019.92,0,81.69,3.509,130.7561613,5.765,False,2012,32,8,-0.8660254037844384,-0.5000000000000004,-0.663122658240795,-0.7485107481711013,2044148.23,1970341.38,2003604.7674999998,12.0
13,2012-08-17,2095769.18,0,79.4,3.545,130.7909677,5.765,False,2012,33,8,-0.8660254037844384,-0.5000000000000004,-0.7485107481711011,-0.6631226582407952,2041019.92,2090340.98,2013172.0,11.0
13,2012-08-24,2059458.25,0,77.37,3.582,130.8381613,5.765,False,2012,34,8,-0.8660254037844384,-0.5000000000000004,-0.8229838658936564,-0.5680647467311559,2095769.18,2035244.54,2023841.9649999999,10.0
13,2012-08-31,2073855.42,0,79.18,3.624,130.8853548,5.765,False,2012,35,8,-0.8660254037844384,-0.5000000000000004,-0.8854560256532096,-0.4647231720437691,2059458.25,1953628.82,2060098.895,9.0
13,2012-09-07,2165796.31,1,70.65,3.689,130.9325484,5.765,False,2012,36,9,-1.0,-1.8369701987210297e-16,-0.9350162426854147,-0.3546048870425359,2073855.42,1872921.31,2067525.6925,8.0
13,2012-09-14,1919917.03,0,68.55,3.749,130.9776667,5.765,False,2012,37,9,-1.0,-1.8369701987210297e-16,-0.970941817426052,-0.23931566428755774,2165796.31,1923223.82,2098719.79,7.0
13,2012-09-21,1938379.66,0,67.96,3.821,131.0103333,5.765,False,2012,38,9,-1.0,-1.8369701987210297e-16,-0.992708874098054,-0.12053668025532357,1919917.03,1847430.96,2054756.7525000002,6.0
13,2012-09-28,1927664.11,0,64.8,3.821,131.043,5.765,False,2012,39,9,-1.0,-1.8369701987210297e-16,-1.0,-1.8369701987210297e-16,1938379.66,1835662.69,2024487.105,5.0
13,2012-10-05,2041918.74,0,61.79,3.815,131.0756667,5.621,False,2012,40,10,-0.8660254037844386,0.5000000000000001,-0.992708874098054,0.1205366802553232,1927664.11,2067232.56,1987939.2774999999,4.0
13,2012-10-12,1999079.44,0,55.1,3.797,131.1083333,5.621,False,2012,41,10,-0.8660254037844386,0.5000000000000001,-0.9709418174260521,0.23931566428755738,2041918.74,1929659.07,1956969.885,3.0
13,2012-10-19,2018010.15,0,52.06,3.781,131.1499677,5.621,False,2012,42,10,-0.8660254037844386,0.5000000000000001,-0.9350162426854148,0.35460488704253557,1999079.44,1973544.27,1976760.4874999998,2.0
13,2012-10-26,2035189.66,0,46.97,3.755,131.1930968,5.621,False,2012,43,10,-0.8660254037844386,0.5000000000000001,-0.8854560256532101,0.464723172043768,2018010.15,1948733.81,1996668.1099999999,1.0
14,2011-02-04,1995891.87,0,28.73,3.231,183.4408542,8.549,False,2011,5,2,0.8660254037844386,0.5000000000000001,0.5680647467311558,0.8229838658936564,1613718.38,2623469.95,1730187.3125,91.0
14,2011-02-11,1980405.03,1,30.3,3.239,183.7016129,8.549,False,2011,6,2,0.8660254037844386,0.5000000000000001,0.6631226582407952,0.7485107481711011,1995891.87,1704218.84,1762973.7550000001,90.0
14,2011-02-18,2019031.67,0,40.7,3.245,183.9371353,8.549,False,2011,7,2,0.8660254037844386,0.5000000000000001,0.7485107481711011,0.6631226582407953,1980405.03,2204556.7,1833301.0375,89.0
14,2011-02-25,1875708.88,0,35.78,3.274,184.1625632,8.549,False,2011,8,2,0.8660254037844386,0.5000000000000001,0.8229838658936564,0.5680647467311559,2019031.67,2095591.63,1902261.7375,88.0
14,2011-03-04,2041215.61,0,38.65,3.433,184.3879911,8.549,False,2011,9,3,1.0,6.123233995736766e-17,0.8854560256532099,0.4647231720437686,1875708.88,2237544.75,1967759.3625,87.0
14,2011-03-11,1931104.67,0,45.01,3.582,184.613419,8.549,False,2011,10,3,1.0,6.123233995736766e-17,0.9350162426854148,0.35460488704253557,2041215.61,2156035.06,1979090.2974999999,86.0
14,2011-03-18,1932491.42,0,46.66,3.631,184.809719,8.549,False,2011,11,3,1.0,6.123233995736766e-17,0.970941817426052,0.23931566428755804,1931104.67,2066219.3,1966765.2075,85.0
14,2011-03-25,1879451.23,0,41.76,3.625,184.9943679,8.549,False,2011,12,3,1.0,6.123233995736766e-17,0.992708874098054,0.120536680255323,1932491.42,2050396.27,1945130.145,84.0
14,2011-04-01,1869110.55,0,37.27,3.638,185.1790167,8.521,False,2011,13,4,0.8660254037844387,-0.4999999999999998,1.0,-1.6081226496766364e-16,1879451.23,2495630.51,1946065.7325,83.0
14,2011-04-08,2037798.88,0,48.71,3.72,185.3636656,8.521,False,2011,14,4,0.8660254037844387,-0.4999999999999998,0.992708874098054,-0.12053668025532288,1869110.55,2258781.28,1903039.4675,82.0
14,2011-04-15,1974960.86,0,53.69,3.821,185.5339821,8.521,False,2011,15,4,0.8660254037844387,-0.4999999999999998,0.9709418174260521,-0.2393156642875575,2037798.88,2121788.61,1929713.0199999998,81.0
14,2011-04-22,2256461.39,0,53.04,3.892,185.6684673,8.521,False,2011,16,4,0.8660254037844387,-0.4999999999999998,0.9350162426854148,-0.35460488704253545,1974960.86,2138144.91,1940330.3800000001,80.0
14,2011-04-29,1930617.64,0,66.18,3.962,185.8029526,8.521,False,2011,17,4,0.8660254037844387,-0.4999999999999998,0.8854560256532099,-0.4647231720437685,2256461.39,2082355.12,2034582.92,79.0
14,2011-05-06,2095599.93,0,58.21,4.046,185.9374378,8.521,False,2011,18,5,0.49999999999999994,-0.8660254037844387,0.8229838658936565,-0.5680647467311557,1930617.64,2370116.52,2049959.6925000001,78.0
14,2011-05-13,2004330.3,0,60.38,4.066,186.0719231,8.521,False,2011,19,5,0.49999999999999994,-0.8660254037844387,0.7485107481711013,-0.663122658240795,2095599.93,2129771.13,2064409.955,77.0
14,2011-05-20,1959967.8,0,62.28,4.062,185.9661154,8.521,False,2011,20,5,0.49999999999999994,-0.8660254037844387,0.6631226582407952,-0.7485107481711012,2004330.3,2108187.1,2071752.315,76.0
14,2011-05-27,2080694.24,0,69.7,3.985,185.8603077,8.521,False,2011,21,5,0.49999999999999994,-0.8660254037844387,0.5680647467311558,-0.8229838658936564,1959967.8,2227152.16,1997628.9175,75.0
14,2011-06-03,2079899.47,0,76.38,3.922,185.7545,8.521,False,2011,22,6,1.2246467991473532e-16,-1.0,0.46472317204376906,-0.8854560256532096,2080694.24,2363601.47,2035148.0675,74.0
14,2011-06-10,2132446.0,0,73.88,3.881,185.6486923,8.521,False,2011,23,6,1.2246467991473532e-16,-1.0,0.35460488704253584,-0.9350162426854147,2079899.47,2249570.04,2031222.9525000001,73.0
14,2011-06-17,2082083.34,0,69.32,3.842,185.6719333,8.521,False,2011,24,6,1.2246467991473532e-16,-1.0,0.23931566428755768,-0.970941817426052,2132446.0,2248645.59,2063251.8775,72.0
14,2011-06-24,2069523.52,0,74.85,3.804,185.7919609,8.521,False,2011,25,6,1.2246467991473532e-16,-1.0,0.12053668025532308,-0.992708874098054,2082083.34,2246179.91,2093780.7625,71.0
14,2011-07-01,2074668.19,0,74.04,3.748,185.9119885,8.625,False,2011,26,7,-0.4999999999999997,-0.8660254037844388,-3.216245299353273e-16,-1.0,2069523.52,2334788.42,2090988.0825,70.0
14,2011-07-08,2063401.06,0,77.49,3.711,186.032016,8.625,False,2011,27,7,-0.4999999999999997,-0.8660254037844388,-0.12053668025532283,-0.992708874098054,2074668.19,2236209.13,2089680.2625,69.0
14,2011-07-15,1953544.76,0,78.47,3.76,186.1399808,8.625,False,2011,28,7,-0.4999999999999997,-0.8660254037844388,-0.23931566428755743,-0.9709418174260521,2063401.06,2130287.27,2072419.0275,68.0
14,2011-07-22,1882070.88,0,82.33,3.811,186.2177885,8.625,False,2011,29,7,-0.4999999999999997,-0.8660254037844388,-0.3546048870425356,-0.9350162426854148,1953544.76,2044155.39,2040284.3824999998,67.0
14,2011-07-29,1871021.01,0,81.31,3.829,186.2955962,8.625,False,2011,30,7,-0.4999999999999997,-0.8660254037844388,-0.46472317204376806,-0.8854560256532101,1882070.88,2054843.28,1993421.2225000001,66.0
14,2011-08-05,2066020.69,0,78.22,3.842,186.3734038,8.625,False,2011,31,8,-0.8660254037844384,-0.5000000000000004,-0.5680647467311556,-0.8229838658936565,1871021.01,2219813.5,1942509.4275,65.0
14,2011-08-12,1928773.82,0,77.0,3.812,186.4512115,8.625,False,2011,32,8,-0.8660254037844384,-0.5000000000000004,-0.663122658240795,-0.7485107481711013,2066020.69,2052984.81,1943164.335,64.0
14,2011-08-19,1896873.99,0,72.98,3.747,186.5093071,8.625,False,2011,33,8,-0.8660254037844384,-0.5000000000000004,-0.7485107481711011,-0.6631226582407952,1928773.82,2057138.31,1936971.6,63.0
14,2011-08-26,2273470.62,0,72.55,3.704,186.5641172,8.625,False,2011,34,8,-0.8660254037844384,-0.5000000000000004,-0.8229838658936564,-0.5680647467311559,1896873.99,2020332.07,1940672.3775,62.0
14,2011-09-02,1750891.47,0,70.63,3.703,186.6189274,8.625,False,2011,35,9,-1.0,-1.8369701987210297e-16,-0.8854560256532096,-0.4647231720437691,2273470.62,2182563.66,2041284.78,61.0
14,2011-09-09,2202742.9,1,71.48,3.738,186.6737376,8.625,False,2011,36,9,-1.0,-1.8369701987210297e-16,-0.9350162426854147,-0.3546048870425359,1750891.47,2191767.76,1962502.475,60.0
14,2011-09-16,1864637.89,0,69.17,3.742,186.8024,8.625,False,2011,37,9,-1.0,-1.8369701987210297e-16,-0.970941817426052,-0.23931566428755774,2202742.9,1953539.85,2030994.745,59.0
14,2011-09-23,1871555.64,0,63.75,3.711,187.0295321,8.625,False,2011,38,9,-1.0,-1.8369701987210297e-16,-0.992708874098054,-0.12053668025532357,1864637.89,1879891.13,2022935.72,58.0
14,2011-09-30,1809989.29,0,70.66,3.645,187.2566641,8.625,False,2011,39,9,-1.0,-1.8369701987210297e-16,-1.0,-1.8369701987210297e-16,1871555.64,1855703.66,1922456.975,57.0
14,2011-10-07,2078796.76,0,55.82,3.583,187.4837962,8.523,False,2011,40,10,-0.8660254037844386,0.5000000000000001,-0.992708874098054,0.1205366802553232,1809989.29,2091663.2,1937231.4300000002,56.0
14,2011-10-14,1890870.75,0,63.82,3.541,187.6917481,8.523,False,2011,41,10,-0.8660254037844386,0.5000000000000001,-0.9709418174260521,0.23931566428755738,2078796.76,1932162.63,1906244.895,55.0
14,2011-10-21,2009004.59,0,59.6,3.57,187.7846197,8.523,False,2011,42,10,-0.8660254037844386,0.5000000000000001,-0.9350162426854148,0.35460488704253557,1890870.75,1936621.09,1912803.11,54.0
14,2011-10-28,2056846.12,0,51.78,3.569,187.8774913,8.523,False,2011,43,10,-0.8660254037844386,0.5000000000000001,-0.8854560256532101,0.464723172043768,2009004.59,1984768.34,1947165.3475000001,53.0
14,2011-11-04,2174056.71,0,43.92,3.551,187.9703629,8.523,False,2011,44,11,-0.5000000000000004,0.8660254037844384,-0.822983865893657,0.5680647467311548,2056846.12,2078417.47,2008879.555,52.0
14,2011-11-11,2081534.65,0,47.65,3.53,188.0632345,8.523,False,2011,45,11,-0.5000000000000004,0.8660254037844384,-0.7485107481711011,0.6631226582407952,2174056.71,2092189.06,2032694.5425,51.0
14,2011-11-18,1969360.72,0,51.34,3.53,188.1983654,8.523,False,2011,46,11,-0.5000000000000004,0.8660254037844384,-0.6631226582407955,0.7485107481711007,2081534.65,1968462.58,2080360.5175,50.0
14,2011-11-25,2685351.81,1,48.71,3.492,188.3504,8.523,True,2011,47,11,-0.5000000000000004,0.8660254037844384,-0.5680647467311559,0.8229838658936564,1969360.72,2921709.71,2070449.55,49.0
14,2011-12-02,2143080.57,0,50.19,3.452,188.5024346,8.523,False,2011,48,12,-2.4492935982947064e-16,1.0,-0.4647231720437684,0.88545602565321,2685351.81,2258489.63,2227575.9725,48.0
14,2011-12-09,2470581.29,0,46.57,3.415,188.6544692,8.523,False,2011,49,12,-2.4492935982947064e-16,1.0,-0.35460488704253595,0.9350162426854147,2143080.57,2600519.26,2219831.9375,47.0
14,2011-12-16,2594363.09,0,39.93,3.413,188.7979349,8.523,True,2011,50,12,-2.4492935982947064e-16,1.0,-0.2393156642875578,0.970941817426052,2470581.29,2762861.41,2317093.5974999997,46.0
14,2011-12-23,3369068.99,0,42.27,3.389,188.9299752,8.523,True,2011,51,12,-2.4492935982947064e-16,1.0,-0.12053668025532363,0.992708874098054,2594363.09,3818686.45,2473344.19,45.0
14,2011-12-30,1914148.89,1,37.79,3.389,189.0620155,8.523,False,2011,52,12,-2.4492935982947064e-16,1.0,6.432490598706546e-16,1.0,3369068.99,1623716.46,2644273.485,44.0
14,2012-01-06,1859144.96,0,35.88,3.422,189.1940558,8.424,False,2012,1,1,0.49999999999999994,0.8660254037844387,0.12053668025532305,0.992708874098054,1914148.89,1864746.1,2587040.565,43.0
14,2012-01-13,1696248.27,0,41.18,3.513,189.3260962,8.424,False,2012,2,1,0.49999999999999994,0.8660254037844387,0.23931566428755774,0.970941817426052,1859144.96,1699095.9,2434181.4825,42.0
14,2012-01-20,1789113.32,0,31.85,3.533,189.4214733,8.424,False,2012,3,1,0.49999999999999994,0.8660254037844387,0.3546048870425356,0.9350162426854148,1696248.27,1743188.87,2209652.7775000003,41.0
14,2012-01-27,1595362.27,0,37.93,3.567,189.5168505,8.424,False,2012,4,1,0.49999999999999994,0.8660254037844387,0.4647231720437685,0.8854560256532099,1789113.32,1613718.38,1814663.86,40.0
14,2012-02-03,1877410.36,0,42.96,3.617,189.6122277,8.424,False,2012,5,2,0.8660254037844386,0.5000000000000001,0.5680647467311558,0.8229838658936564,1595362.27,1995891.87,1734967.205,39.0
14,2012-02-10,2077256.24,1,37.0,3.64,189.7076048,8.424,False,2012,6,2,0.8660254037844386,0.5000000000000001,0.6631226582407952,0.7485107481711011,1877410.36,1980405.03,1739533.555,38.0
14,2012-02-17,2020550.99,0,36.85,3.695,189.8424834,8.424,False,2012,7,2,0.8660254037844386,0.5000000000000001,0.7485107481711011,0.6631226582407953,2077256.24,2019031.67,1834785.5475,37.0
14,2012-02-24,1875040.16,0,42.86,3.739,190.0069881,8.424,False,2012,8,2,0.8660254037844386,0.5000000000000001,0.8229838658936564,0.5680647467311559,2020550.99,1875708.88,1892644.965,36.0
14,2012-03-02,1926004.99,0,41.55,3.816,190.1714927,8.424,False,2012,9,3,1.0,6.123233995736766e-17,0.8854560256532099,0.4647231720437686,1875040.16,2041215.61,1962564.4375,35.0
14,2012-03-09,2020839.31,0,45.52,3.848,190.3359973,8.424,False,2012,10,3,1.0,6.123233995736766e-17,0.9350162426854148,0.35460488704253557,1926004.99,1931104.67,1974713.095,34.0
14,2012-03-16,1941040.5,0,50.56,3.862,190.4618964,8.424,False,2012,11,3,1.0,6.123233995736766e-17,0.970941817426052,0.23931566428755804,2020839.31,1932491.42,1960608.8625,33.0
14,2012-03-23,1893447.71,0,59.45,3.9,190.5363213,8.424,False,2012,12,3,1.0,6.123233995736766e-17,0.992708874098054,0.120536680255323,1941040.5,1879451.23,1940731.24,32.0
14,2012-03-30,1905033.01,0,50.04,3.953,190.6107463,8.424,False,2012,13,3,1.0,6.123233995736766e-17,1.0,-1.6081226496766364e-16,1893447.71,1869110.55,1945333.1275000002,31.0
14,2012-04-06,2376022.26,0,49.73,3.996,190.6851712,8.567,False,2012,14,4,0.8660254037844387,-0.4999999999999998,0.992708874098054,-0.12053668025532288,1905033.01,2037798.88,1940090.1325,30.0
14,2012-04-13,1912909.69,0,51.83,4.044,190.7595962,8.567,False,2012,15,4,0.8660254037844387,-0.4999999999999998,0.9709418174260521,-0.2393156642875575,2376022.26,1974960.86,2028885.8699999999,29.0
14,2012-04-20,1875686.44,0,63.13,4.027,190.8138013,8.567,False,2012,16,4,0.8660254037844387,-0.4999999999999998,0.9350162426854148,-0.35460488704253545,1912909.69,2256461.39,2021853.1675,28.0
14,2012-04-27,1784029.95,0,53.2,4.004,190.8680064,8.567,False,2012,17,4,0.8660254037844387,-0.4999999999999998,0.8854560256532099,-0.4647231720437685,1875686.44,1930617.64,2017412.8499999999,27.0
14,2012-05-04,1949354.29,0,55.21,3.951,190.9222115,8.567,False,2012,18,5,0.49999999999999994,-0.8660254037844387,0.8229838658936565,-0.5680647467311557,1784029.95,2095599.93,1987162.085,26.0
14,2012-05-11,1987531.05,0,61.24,3.889,190.9764167,8.567,False,2012,19,5,0.49999999999999994,-0.8660254037844387,0.7485107481711013,-0.663122658240795,1949354.29,2004330.3,1880495.0925,25.0
14,2012-05-18,1932233.17,0,66.3,3.848,190.9964479,8.567,False,2012,20,5,0.49999999999999994,-0.8660254037844387,0.6631226582407952,-0.7485107481711012,1987531.05,1959967.8,1899150.4324999999,24.0
14,2012-05-25,2030869.61,0,67.21,3.798,191.0028096,8.567,False,2012,21,5,0.49999999999999994,-0.8660254037844387,0.5680647467311558,-0.8229838658936564,1932233.17,2080694.24,1913287.115,23.0
14,2012-06-01,2049485.49,0,74.48,3.742,191.0091712,8.567,False,2012,22,6,1.2246467991473532e-16,-1.0,0.46472317204376906,-0.8854560256532096,2030869.61,2079899.47,1974997.03,22.0
14,2012-06-08,2099615.88,0,64.3,3.689,191.0155329,8.567,False,2012,23,6,1.2246467991473532e-16,-1.0,0.35460488704253584,-0.9350162426854147,2049485.49,2132446.0,2000029.83,21.0
14,2012-06-15,1905733.68,0,71.93,3.62,191.0299731,8.567,False,2012,24,6,1.2246467991473532e-16,-1.0,0.23931566428755768,-0.970941817426052,2099615.88,2082083.34,2028051.0375,20.0
14,2012-06-22,1660228.88,0,74.22,3.564,191.0646096,8.567,False,2012,25,6,1.2246467991473532e-16,-1.0,0.12053668025532308,-0.992708874098054,1905733.68,2069523.52,2021426.165,19.0
14,2012-06-29,1591835.02,0,75.22,3.506,191.0992462,8.567,False,2012,26,6,1.2246467991473532e-16,-1.0,-3.216245299353273e-16,-1.0,1660228.88,2074668.19,1928765.9825,18.0
14,2012-07-06,1862128.95,0,82.99,3.475,191.1338827,8.684,False,2012,27,7,-0.4999999999999997,-0.8660254037844388,-0.12053668025532283,-0.992708874098054,1591835.02,2063401.06,1814353.3649999998,17.0
14,2012-07-13,1544422.35,0,79.97,3.523,191.1685192,8.684,False,2012,28,7,-0.4999999999999997,-0.8660254037844388,-0.23931566428755743,-0.9709418174260521,1862128.95,1953544.76,1754981.6325,16.0
14,2012-07-20,1553250.16,0,78.89,3.567,191.1670428,8.684,False,2012,29,7,-0.4999999999999997,-0.8660254037844388,-0.3546048870425356,-0.9350162426854148,1544422.35,1882070.88,1664653.7999999998,15.0
14,2012-07-27,1479514.66,0,77.2,3.647,191.1655664,8.684,True,2012,30,7,-0.4999999999999997,-0.8660254037844388,-0.46472317204376806,-0.8854560256532101,1553250.16,1871021.01,1637909.1199999999,14.0
14,2012-08-03,1656886.46,0,76.58,3.654,191.16409,8.684,False,2012,31,8,-0.8660254037844384,-0.5000000000000004,-0.5680647467311556,-0.8229838658936565,1479514.66,2066020.69,1609829.03,13.0
14,2012-08-10,1648570.03,0,78.65,3.722,191.1626135,8.684,False,2012,32,8,-0.8660254037844384,-0.5000000000000004,-0.663122658240795,-0.7485107481711013,1656886.46,1928773.82,1558518.4075,12.0
14,2012-08-17,1660433.3,0,75.71,3.807,191.2284919,8.684,False,2012,33,8,-0.8660254037844384,-0.5000000000000004,-0.7485107481711011,-0.6631226582407952,1648570.03,1896873.99,1584555.3275,11.0
14,2012-08-24,1621841.33,0,72.62,3.834,191.3448865,8.684,False,2012,34,8,-0.8660254037844384,-0.5000000000000004,-0.8229838658936564,-0.5680647467311559,1660433.3,2273470.62,1611351.1125,10.0
14,2012-08-31,1613342.19,0,75.09,3.867,191.461281,8.684,False,2012,35,8,-0.8660254037844384,-0.5000000000000004,-0.8854560256532096,-0.4647231720437691,1621841.33,1750891.47,1646932.78,9.0
14,2012-09-07,1904512.34,1,75.7,3.911,191.5776756,8.684,False,2012,36,9,-1.0,-1.8369701987210297e-16,-0.9350162426854147,-0.3546048870425359,1613342.19,2202742.9,1636046.7125,8.0
14,2012-09-14,1554794.22,0,67.87,3.948,191.69985,8.684,False,2012,37,9,-1.0,-1.8369701987210297e-16,-0.970941817426052,-0.23931566428755774,1904512.34,1864637.89,1700032.29,7.0
14,2012-09-21,1565352.46,0,65.32,4.038,191.8567038,8.684,False,2012,38,9,-1.0,-1.8369701987210297e-16,-0.992708874098054,-0.12053668025532357,1554794.22,1871555.64,1673622.52,6.0
14,2012-09-28,1522512.2,0,64.88,3.997,192.0135577,8.684,False,2012,39,9,-1.0,-1.8369701987210297e-16,-1.0,-1.8369701987210297e-16,1565352.46,1809989.29,1659500.3025,5.0
14,2012-10-05,1687592.16,0,64.89,3.985,192.1704115,8.667,False,2012,40,10,-0.8660254037844386,0.5000000000000001,-0.992708874098054,0.1205366802553232,1522512.2,2078796.76,1636792.805,4.0
14,2012-10-12,1639585.61,0,54.47,4.0,192.3272654,8.667,False,2012,41,10,-0.8660254037844386,0.5000000000000001,-0.9709418174260521,0.23931566428755738,1687592.16,1890870.75,1582562.7599999998,3.0
14,2012-10-19,1590274.72,0,56.47,3.969,192.3308542,8.667,False,2012,42,10,-0.8660254037844386,0.5000000000000001,-0.9350162426854148,0.35460488704253557,1639585.61,2009004.59,1603760.6075,2.0
14,2012-10-26,1704357.62,0,58.85,3.882,192.3088989,8.667,False,2012,43,10,-0.8660254037844386,0.5000000000000001,-0.8854560256532101,0.464723172043768,1590274.72,2056846.12,1609991.1724999999,1.0
15,2011-02-04,556550.85,0,20.69,3.4,133.1834194,7.771,False,2011,5,2,0.8660254037844386,0.5000000000000001,0.5680647467311558,0.8229838658936564,481119.6,652122.44,489373.89999999997,91.0
15,2011-02-11,582864.35,1,21.64,3.416,133.260871,7.771,False,2011,6,2,0.8660254037844386,0.5000000000000001,0.6631226582407952,0.7485107481711011,556550.85,682447.1,501101.42000000004,90.0
15,2011-02-18,649993.5,0,33.06,3.42,133.3701429,7.771,False,2011,7,2,0.8660254037844386,0.5000000000000001,0.7485107481711011,0.6631226582407953,582864.35,660838.75,526961.4575,89.0
15,2011-02-25,547564.09,0,20.87,3.452,133.4921429,7.771,False,2011,8,2,0.8660254037844386,0.5000000000000001,0.8229838658936564,0.5680647467311559,649993.5,564883.2,567632.075,88.0
15,2011-03-04,573374.49,0,28.16,3.605,133.6141429,7.771,False,2011,9,3,1.0,6.123233995736766e-17,0.8854560256532099,0.4647231720437686,547564.09,605325.43,584243.1975,87.0
15,2011-03-11,537035.28,0,34.27,3.752,133.7361429,7.771,False,2011,10,3,1.0,6.123233995736766e-17,0.9350162426854148,0.35460488704253557,573374.49,604173.59,588449.1074999999,86.0
15,2011-03-18,551553.99,0,40.23,3.796,133.8492258,7.771,False,2011,11,3,1.0,6.123233995736766e-17,0.970941817426052,0.23931566428755804,537035.28,593710.67,576991.84,85.0
15,2011-03-25,527389.28,0,32.63,3.789,133.9587419,7.771,False,2011,12,3,1.0,6.123233995736766e-17,0.992708874098054,0.120536680255323,551553.99,592111.49,552381.9624999999,84.0
15,2011-04-01,542556.05,0,30.34,3.811,134.0682581,7.658,False,2011,13,4,0.8660254037844387,-0.4999999999999998,1.0,-1.6081226496766364e-16,527389.28,718470.71,547338.26,83.0
15,2011-04-08,587370.81,0,40.94,3.895,134.1777742,7.658,False,2011,14,4,0.8660254037844387,-0.4999999999999998,0.992708874098054,-0.12053668025532288,542556.05,634605.77,539633.65,82.0
15,2011-04-15,607691.36,0,48.63,3.981,134.2784667,7.658,False,2011,15,4,0.8660254037844387,-0.4999999999999998,0.9709418174260521,-0.2393156642875575,587370.81,641208.65,552217.5325,81.0
15,2011-04-22,655318.26,0,41.37,4.061,134.3571,7.658,False,2011,16,4,0.8660254037844387,-0.4999999999999998,0.9350162426854148,-0.35460488704253545,607691.36,643097.6,566251.875,80.0
15,2011-04-29,560764.41,0,55.46,4.117,134.4357333,7.658,False,2011,17,4,0.8660254037844387,-0.4999999999999998,0.8854560256532099,-0.4647231720437685,655318.26,570791.11,598234.12,79.0
15,2011-05-06,630522.67,0,49.87,4.192,134.5143667,7.658,False,2011,18,5,0.49999999999999994,-0.8660254037844387,0.8229838658936565,-0.5680647467311557,560764.41,661348.88,602786.21,78.0
15,2011-05-13,630482.91,0,57.07,4.211,134.593,7.658,False,2011,19,5,0.49999999999999994,-0.8660254037844387,0.7485107481711013,-0.663122658240795,630522.67,594385.2,613574.175,77.0
15,2011-05-20,593941.9,0,57.19,4.202,134.6803871,7.658,False,2011,20,5,0.49999999999999994,-0.8660254037844387,0.6631226582407952,-0.7485107481711012,630482.91,616598.1,619272.0625,76.0
15,2011-05-27,636193.24,0,65.87,4.134,134.7677742,7.658,False,2011,21,5,0.49999999999999994,-0.8660254037844387,0.5680647467311558,-0.8229838658936564,593941.9,744772.88,603927.9725,75.0
15,2011-06-03,695396.19,0,69.8,4.069,134.8551613,7.658,False,2011,22,6,1.2246467991473532e-16,-1.0,0.46472317204376906,-0.8854560256532096,636193.24,693192.5,622785.18,74.0
15,2011-06-10,642679.81,0,69.86,4.025,134.9425484,7.658,False,2011,23,6,1.2246467991473532e-16,-1.0,0.35460488704253584,-0.9350162426854147,695396.19,619337.29,639003.56,73.0
15,2011-06-17,639928.85,0,63.9,3.989,135.0837333,7.658,False,2011,24,6,1.2246467991473532e-16,-1.0,0.23931566428755768,-0.970941817426052,642679.81,652329.53,642052.785,72.0
15,2011-06-24,656594.95,0,69.96,3.964,135.2652667,7.658,False,2011,25,6,1.2246467991473532e-16,-1.0,0.12053668025532308,-0.992708874098054,639928.85,672194.03,653549.5225,71.0
15,2011-07-01,674669.16,0,67.43,3.916,135.4468,7.806,False,2011,26,7,-0.4999999999999997,-0.8660254037844388,-3.216245299353273e-16,-1.0,656594.95,709337.11,658649.95,70.0
15,2011-07-08,635118.48,0,73.47,3.886,135.6283333,7.806,False,2011,27,7,-0.4999999999999997,-0.8660254037844388,-0.12053668025532283,-0.992708874098054,674669.16,691497.62,653468.1925,69.0
15,2011-07-15,624114.56,0,73.34,3.915,135.7837419,7.806,False,2011,28,7,-0.4999999999999997,-0.8660254037844388,-0.23931566428755743,-0.9709418174260521,635118.48,633203.69,651577.86,68.0
15,2011-07-22,607475.44,0,79.97,3.972,135.8738387,7.806,False,2011,29,7,-0.4999999999999997,-0.8660254037844388,-0.3546048870425356,-0.9350162426854148,624114.56,598553.43,647624.2875,67.0
15,2011-07-29,577511.02,0,74.67,4.004,135.9639355,7.806,False,2011,30,7,-0.4999999999999997,-0.8660254037844388,-0.46472317204376806,-0.8854560256532101,607475.44,619224.06,635344.41,66.0
15,2011-08-05,607961.21,0,73.63,4.02,136.0540323,7.806,False,2011,31,8,-0.8660254037844384,-0.5000000000000004,-0.5680647467311556,-0.8229838658936565,577511.02,639651.24,611054.875,65.0
15,2011-08-12,590836.37,0,70.63,3.995,136.144129,7.806,False,2011,32,8,-0.8660254037844384,-0.5000000000000004,-0.663122658240795,-0.7485107481711013,607961.21,622437.08,604265.5575,64.0
15,2011-08-19,599488.98,0,70.41,3.942,136.183129,7.806,False,2011,33,8,-0.8660254037844384,-0.5000000000000004,-0.7485107481711011,-0.6631226582407952,590836.37,637090.44,595946.01,63.0
15,2011-08-26,605413.17,0,69.19,3.906,136.2136129,7.806,False,2011,34,8,-0.8660254037844384,-0.5000000000000004,-0.8229838658936564,-0.5680647467311559,599488.98,649791.15,593949.395,62.0
15,2011-09-02,649159.68,0,67.63,3.879,136.2440968,7.806,False,2011,35,9,-1.0,-1.8369701987210297e-16,-0.8854560256532096,-0.4647231720437691,605413.17,638647.21,600924.9325,61.0
15,2011-09-09,607593.51,1,67.59,3.93,136.2745806,7.806,False,2011,36,9,-1.0,-1.8369701987210297e-16,-0.9350162426854147,-0.3546048870425359,649159.68,641965.2,611224.55,60.0
15,2011-09-16,545052.34,0,62.1,3.937,136.3145,7.806,False,2011,37,9,-1.0,-1.8369701987210297e-16,-0.970941817426052,-0.23931566428755774,607593.51,583210.87,615413.835,59.0
15,2011-09-23,545570.86,0,59.0,3.899,136.367,7.806,False,2011,38,9,-1.0,-1.8369701987210297e-16,-0.992708874098054,-0.12053668025532357,545052.34,548542.47,601804.675,58.0
15,2011-09-30,521297.31,0,64.87,3.858,136.4195,7.806,False,2011,39,9,-1.0,-1.8369701987210297e-16,-1.0,-1.8369701987210297e-16,545570.86,566945.95,586844.0975,57.0
15,2011-10-07,579068.88,0,51.24,3.775,136.472,7.866,False,2011,40,10,-0.8660254037844386,0.5000000000000001,-0.992708874098054,0.1205366802553232,521297.31,591603.79,554878.505,56.0
15,2011-10-14,537300.94,0,61.3,3.744,136.5150968,7.866,False,2011,41,10,-0.8660254037844386,0.5000000000000001,-0.9709418174260521,0.23931566428755738,579068.88,577011.26,547747.3474999999,55.0
15,2011-10-21,603318.89,0,51.67,3.757,136.5017742,7.866,False,2011,42,10,-0.8660254037844386,0.5000000000000001,-0.9350162426854148,0.35460488704253557,537300.94,600395.73,545809.4975,54.0
15,2011-10-28,589842.69,0,45.54,3.757,136.4884516,7.866,False,2011,43,10,-0.8660254037844386,0.5000000000000001,-0.8854560256532101,0.464723172043768,603318.89,598301.5,560246.505,53.0
15,2011-11-04,615121.78,0,43.39,3.738,136.475129,7.866,False,2011,44,11,-0.5000000000000004,0.8660254037844384,-0.822983865893657,0.5680647467311548,589842.69,612987.64,577382.85,52.0
15,2011-11-11,618949.82,0,47.13,3.719,136.4618065,7.866,False,2011,45,11,-0.5000000000000004,0.8660254037844384,-0.7485107481711011,0.6631226582407952,615121.78,619639.74,586396.075,51.0
15,2011-11-18,597856.51,0,46.53,3.717,136.4666667,7.866,False,2011,46,11,-0.5000000000000004,0.8660254037844384,-0.6631226582407955,0.7485107481711007,618949.82,608200.81,606808.2949999999,50.0
15,2011-11-25,1066478.1,1,41.1,3.689,136.4788,7.866,True,2011,47,11,-0.5000000000000004,0.8660254037844384,-0.5680647467311559,0.8229838658936564,597856.51,1120018.92,605442.7,49.0
15,2011-12-02,699028.66,0,45.67,3.666,136.4909333,7.866,False,2011,48,12,-2.4492935982947064e-16,1.0,-0.4647231720437684,0.88545602565321,1066478.1,754134.95,724601.5525,48.0
15,2011-12-09,764565.55,0,38.53,3.627,136.5030667,7.866,True,2011,49,12,-2.4492935982947064e-16,1.0,-0.35460488704253595,0.9350162426854147,699028.66,847294.04,745578.2725000001,47.0
15,2011-12-16,870415.49,0,35.49,3.611,136.5335161,7.866,True,2011,50,12,-2.4492935982947064e-16,1.0,-0.2393156642875578,0.970941817426052,764565.55,983825.15,781982.2050000001,46.0
15,2011-12-23,1182691.87,0,34.93,3.587,136.5883871,7.866,True,2011,51,12,-2.4492935982947064e-16,1.0,-0.12053668025532363,0.992708874098054,870415.49,1368318.17,850121.9500000001,45.0
15,2011-12-30,603460.79,1,31.44,3.566,136.6432581,7.866,False,2011,52,12,-2.4492935982947064e-16,1.0,6.432490598706546e-16,1.0,1182691.87,543754.17,879175.3925000001,44.0
15,2012-01-06,516087.65,0,30.24,3.585,136.698129,7.943,False,2012,1,1,0.49999999999999994,0.8660254037844387,0.12053668025532305,0.992708874098054,603460.79,509640.77,855283.425,43.0
15,2012-01-13,454183.42,0,36.26,3.666,136.753,7.943,False,2012,2,1,0.49999999999999994,0.8660254037844387,0.23931566428755774,0.970941817426052,516087.65,479424.2,793163.9500000001,42.0
15,2012-01-20,492721.85,0,21.39,3.705,136.8564194,7.943,False,2012,3,1,0.49999999999999994,0.8660254037844387,0.3546048870425356,0.9350162426854148,454183.42,487311.03,689105.9325,41.0
15,2012-01-27,466045.63,0,30.87,3.737,136.9598387,7.943,False,2012,4,1,0.49999999999999994,0.8660254037844387,0.4647231720437685,0.8854560256532099,492721.85,481119.6,516613.4275,40.0
15,2012-02-03,523831.64,0,35.3,3.796,137.0632581,7.943,False,2012,5,2,0.8660254037844386,0.5000000000000001,0.5680647467311558,0.8229838658936564,466045.63,556550.85,482259.6375,39.0
15,2012-02-10,628218.22,1,31.91,3.826,137.1666774,7.943,False,2012,6,2,0.8660254037844386,0.5000000000000001,0.6631226582407952,0.7485107481711011,523831.64,582864.35,484195.63499999995,38.0
15,2012-02-17,598502.83,0,30.26,3.874,137.2583103,7.943,False,2012,7,2,0.8660254037844386,0.5000000000000001,0.7485107481711011,0.6631226582407953,628218.22,649993.5,527704.335,37.0
15,2012-02-24,561137.06,0,33.18,3.917,137.3411034,7.943,False,2012,8,2,0.8660254037844386,0.5000000000000001,0.8229838658936564,0.5680647467311559,598502.83,547564.09,554149.58,36.0
15,2012-03-02,541292.64,0,33.24,3.983,137.4238966,7.943,False,2012,9,3,1.0,6.123233995736766e-17,0.8854560256532099,0.4647231720437686,561137.06,573374.49,577922.4375,35.0
15,2012-03-09,545120.67,0,36.97,4.021,137.5066897,7.943,False,2012,10,3,1.0,6.123233995736766e-17,0.9350162426854148,0.35460488704253557,541292.64,537035.28,582287.6875,34.0
15,2012-03-16,570611.23,0,47.42,4.021,137.5843871,7.943,False,2012,11,3,1.0,6.123233995736766e-17,0.970941817426052,0.23931566428755804,545120.67,551553.99,561513.3,33.0
15,2012-03-23,565481.88,0,58.92,4.054,137.6552903,7.943,False,2012,12,3,1.0,6.123233995736766e-17,0.992708874098054,0.120536680255323,570611.23,527389.28,554540.4,32.0
15,2012-03-30,557547.25,0,42.65,4.098,137.7261935,7.943,False,2012,13,3,1.0,6.123233995736766e-17,1.0,-1.6081226496766364e-16,565481.88,542556.05,555626.605,31.0
15,2012-04-06,659950.36,0,40.01,4.143,137.7970968,8.15,False,2012,14,4,0.8660254037844387,-0.4999999999999998,0.992708874098054,-0.12053668025532288,557547.25,587370.81,559690.2575000001,30.0
15,2012-04-13,558585.13,0,43.52,4.187,137.868,8.15,False,2012,15,4,0.8660254037844387,-0.4999999999999998,0.9709418174260521,-0.2393156642875575,659950.36,607691.36,588397.68,29.0
15,2012-04-20,534780.57,0,54.47,4.17,137.9230667,8.15,False,2012,16,4,0.8660254037844387,-0.4999999999999998,0.9350162426854148,-0.35460488704253545,558585.13,655318.26,585391.155,28.0
15,2012-04-27,527402.62,0,41.57,4.163,137.9781333,8.15,False,2012,17,4,0.8660254037844387,-0.4999999999999998,0.8854560256532099,-0.4647231720437685,534780.57,560764.41,577715.8275,27.0
15,2012-05-04,577868.38,0,51.04,4.124,138.0332,8.15,False,2012,18,5,0.49999999999999994,-0.8660254037844387,0.8229838658936565,-0.5680647467311557,527402.62,630522.67,570179.6699999999,26.0
15,2012-05-11,579539.95,0,54.23,4.055,138.0882667,8.15,False,2012,19,5,0.49999999999999994,-0.8660254037844387,0.7485107481711013,-0.663122658240795,577868.38,630482.91,549659.175,25.0
15,2012-05-18,600050.98,0,58.84,4.029,138.1065806,8.15,False,2012,20,5,0.49999999999999994,-0.8660254037844387,0.6631226582407952,-0.7485107481711012,579539.95,593941.9,554897.88,24.0
15,2012-05-25,693780.42,0,67.97,3.979,138.1101935,8.15,False,2012,21,5,0.49999999999999994,-0.8660254037844387,0.5680647467311558,-0.8229838658936564,600050.98,636193.24,571215.4825,23.0
15,2012-06-01,663971.26,0,67.61,3.915,138.1138065,8.15,False,2012,22,6,1.2246467991473532e-16,-1.0,0.46472317204376906,-0.8854560256532096,693780.42,695396.19,612809.9325,22.0
15,2012-06-08,611390.67,0,59.35,3.871,138.1174194,8.15,False,2012,23,6,1.2246467991473532e-16,-1.0,0.35460488704253584,-0.9350162426854147,663971.26,642679.81,634335.6525000001,21.0
15,2012-06-15,636737.65,0,67.7,3.786,138.1295333,8.15,False,2012,24,6,1.2246467991473532e-16,-1.0,0.23931566428755768,-0.970941817426052,611390.67,639928.85,642298.3325,20.0
15,2012-06-22,687085.6,0,74.28,3.722,138.1629,8.15,False,2012,25,6,1.2246467991473532e-16,-1.0,0.12053668025532308,-0.992708874098054,636737.65,656594.95,651470.0,19.0
15,2012-06-29,624099.48,0,68.91,3.667,138.1962667,8.15,False,2012,26,6,1.2246467991473532e-16,-1.0,-3.216245299353273e-16,-1.0,687085.6,674669.16,649796.295,18.0
15,2012-07-06,678024.75,0,74.64,3.646,138.2296333,8.193,False,2012,27,7,-0.4999999999999997,-0.8660254037844388,-0.12053668025532283,-0.992708874098054,624099.48,635118.48,639828.35,17.0
15,2012-07-13,591335.5,0,72.62,3.689,138.263,8.193,False,2012,28,7,-0.4999999999999997,-0.8660254037844388,-0.23931566428755743,-0.9709418174260521,678024.75,624114.56,656486.87,16.0
15,2012-07-20,592369.22,0,75.31,3.732,138.2331935,8.193,False,2012,29,7,-0.4999999999999997,-0.8660254037844388,-0.3546048870425356,-0.9350162426854148,591335.5,607475.44,645136.3325,15.0
15,2012-07-27,571190.83,0,73.9,3.82,138.2033871,8.193,False,2012,30,7,-0.4999999999999997,-0.8660254037844388,-0.46472317204376806,-0.8854560256532101,592369.22,577511.02,621457.2374999999,14.0
15,2012-08-03,590739.62,0,73.13,3.819,138.1735806,8.193,False,2012,31,8,-0.8660254037844384,-0.5000000000000004,-0.5680647467311556,-0.8229838658936565,571190.83,607961.21,608230.075,13.0
15,2012-08-10,590453.63,0,73.99,3.863,138.1437742,8.193,False,2012,32,8,-0.8660254037844384,-0.5000000000000004,-0.663122658240795,-0.7485107481711013,590739.62,590836.37,586408.7925,12.0
15,2012-08-17,579738.2,0,70.29,3.963,138.1857097,8.193,False,2012,33,8,-0.8660254037844384,-0.5000000000000004,-0.7485107481711011,-0.6631226582407952,590453.63,599488.98,586188.325,11.0
15,2012-08-24,606210.77,0,66.98,3.997,138.2814516,8.193,False,2012,34,8,-0.8660254037844384,-0.5000000000000004,-0.8229838658936564,-0.5680647467311559,579738.2,605413.17,583030.5700000001,10.0
15,2012-08-31,610185.32,0,71.42,4.026,138.3771935,8.193,False,2012,35,8,-0.8660254037844384,-0.5000000000000004,-0.8854560256532096,-0.4647231720437691,606210.77,649159.68,591785.5549999999,9.0
15,2012-09-07,587259.82,1,71.61,4.076,138.4729355,8.193,False,2012,36,9,-1.0,-1.8369701987210297e-16,-0.9350162426854147,-0.3546048870425359,610185.32,607593.51,596646.98,8.0
15,2012-09-14,527509.76,0,65.44,4.088,138.5673,8.193,False,2012,37,9,-1.0,-1.8369701987210297e-16,-0.970941817426052,-0.23931566428755774,587259.82,545052.34,595848.5275,7.0
15,2012-09-21,533161.64,0,60.34,4.203,138.6534,8.193,False,2012,38,9,-1.0,-1.8369701987210297e-16,-0.992708874098054,-0.12053668025532357,527509.76,545570.86,582791.4175,6.0
15,2012-09-28,553901.97,0,57.13,4.158,138.7395,8.193,False,2012,39,9,-1.0,-1.8369701987210297e-16,-1.0,-1.8369701987210297e-16,533161.64,521297.31,564529.135,5.0
15,2012-10-05,573498.64,0,59.57,4.151,138.8256,7.992,False,2012,40,10,-0.8660254037844386,0.5000000000000001,-0.992708874098054,0.1205366802553232,553901.97,579068.88,550458.2975,4.0
15,2012-10-12,551799.63,0,49.12,4.186,138.9117,7.992,False,2012,41,10,-0.8660254037844386,0.5000000000000001,-0.9709418174260521,0.23931566428755738,573498.64,537300.94,547018.0025,3.0
15,2012-10-19,555652.77,0,52.89,4.153,138.8336129,7.992,False,2012,42,10,-0.8660254037844386,0.5000000000000001,-0.9350162426854148,0.35460488704253557,551799.63,603318.89,553090.47,2.0
15,2012-10-26,558473.6,0,55.75,4.071,138.7281613,7.992,False,2012,43,10,-0.8660254037844386,0.5000000000000001,-0.8854560256532101,0.464723172043768,555652.77,589842.69,558713.2525,1.0
16,2011-02-04,479263.15,0,13.64,3.011,191.7625895,6.614,False,2011,5,2,0.8660254037844386,0.5000000000000001,0.5680647467311558,0.8229838658936564,448391.99,477409.3,488797.91750000004,91.0
16,2011-02-11,466806.89,1,15.02,3.037,191.8572881,6.614,False,2011,6,2,0.8660254037844386,0.5000000000000001,0.6631226582407952,0.7485107481711011,479263.15,472044.28,465227.21499999997,90.0
16,2011-02-18,491179.79,0,27.18,3.051,191.9178331,6.614,False,2011,7,2,0.8660254037844386,0.5000000000000001,0.7485107481711011,0.6631226582407953,466806.89,469868.7,464337.54000000004,89.0
16,2011-02-25,475201.64,0,26.15,3.101,191.9647167,6.614,False,2011,8,2,0.8660254037844386,0.5000000000000001,0.8229838658936564,0.5680647467311559,491179.79,443242.17,471410.45499999996,88.0
16,2011-03-04,484829.07,0,31.77,3.232,192.0116004,6.614,False,2011,9,3,1.0,6.123233995736766e-17,0.8854560256532099,0.4647231720437686,475201.64,444181.85,478112.8675,87.0
16,2011-03-11,457504.35,0,29.36,3.372,192.058484,6.614,False,2011,10,3,1.0,6.123233995736766e-17,0.9350162426854148,0.35460488704253557,484829.07,445393.74,479504.34750000003,86.0
16,2011-03-18,497373.49,0,36.5,3.406,192.1237981,6.614,False,2011,11,3,1.0,6.123233995736766e-17,0.970941817426052,0.23931566428755804,457504.35,504307.35,477178.71249999997,85.0
16,2011-03-25,465279.68,0,32.61,3.414,192.1964844,6.614,False,2011,12,3,1.0,6.123233995736766e-17,0.992708874098054,0.120536680255323,497373.49,483177.2,478727.1375,84.0
16,2011-04-01,459756.11,0,35.75,3.461,192.2691707,6.339,False,2011,13,4,0.8660254037844387,-0.4999999999999998,1.0,-1.6081226496766364e-16,465279.68,490503.69,476246.64749999996,83.0
16,2011-04-08,439276.5,0,38.04,3.532,192.3418571,6.339,False,2011,14,4,0.8660254037844387,-0.4999999999999998,0.992708874098054,-0.12053668025532288,459756.11,424083.99,469978.4075,82.0
16,2011-04-15,427855.24,0,34.59,3.611,192.4225954,6.339,False,2011,15,4,0.8660254037844387,-0.4999999999999998,0.9709418174260521,-0.2393156642875575,439276.5,436312.41,465421.445,81.0
16,2011-04-22,368600.0,0,40.74,3.636,192.5234638,6.339,False,2011,16,4,0.8660254037844387,-0.4999999999999998,0.9350162426854148,-0.35460488704253545,427855.24,370230.94,448041.8825,80.0
16,2011-04-29,378100.31,0,37.77,3.663,192.6243322,6.339,False,2011,17,4,0.8660254037844387,-0.4999999999999998,0.8854560256532099,-0.4647231720437685,368600.0,383550.93,423871.9625,79.0
16,2011-05-06,423805.22,0,38.64,3.735,192.7252006,6.339,False,2011,18,5,0.49999999999999994,-0.8660254037844387,0.8229838658936565,-0.5680647467311557,378100.31,403217.22,403458.0125,78.0
16,2011-05-13,410406.95,0,43.29,3.767,192.826069,6.339,False,2011,19,5,0.49999999999999994,-0.8660254037844387,0.7485107481711013,-0.663122658240795,423805.22,401770.9,399590.1925,77.0
16,2011-05-20,435397.19,0,43.95,3.828,192.831317,6.339,False,2011,20,5,0.49999999999999994,-0.8660254037844387,0.6631226582407952,-0.7485107481711012,410406.95,435300.51,395228.12,76.0
16,2011-05-27,444718.68,0,45.17,3.795,192.8365651,6.339,False,2011,21,5,0.49999999999999994,-0.8660254037844387,0.5680647467311558,-0.8229838658936564,435397.19,479430.0,411927.4175,75.0
16,2011-06-03,531080.31,0,54.08,3.763,192.8418131,6.339,False,2011,22,6,1.2246467991473532e-16,-1.0,0.46472317204376906,-0.8854560256532096,444718.68,516295.81,428582.01,74.0
16,2011-06-10,600952.06,0,55.78,3.735,192.8470612,6.339,False,2011,23,6,1.2246467991473532e-16,-1.0,0.35460488704253584,-0.9350162426854147,531080.31,535587.31,455400.7825,73.0
16,2011-06-17,581546.23,0,58.34,3.697,192.9034759,6.339,False,2011,24,6,1.2246467991473532e-16,-1.0,0.23931566428755768,-0.970941817426052,600952.06,540149.85,503037.06000000006,72.0
16,2011-06-24,569105.03,0,54.36,3.661,192.9982655,6.339,False,2011,25,6,1.2246467991473532e-16,-1.0,0.12053668025532308,-0.992708874098054,581546.23,546554.96,539574.3200000001,71.0
16,2011-07-01,608737.56,0,63.59,3.597,193.0930552,6.338,False,2011,26,7,-0.4999999999999997,-0.8660254037844388,-3.216245299353273e-16,-1.0,569105.03,610641.42,570670.9075,70.0
16,2011-07-08,634634.66,0,65.0,3.54,193.1878448,6.338,False,2011,27,7,-0.4999999999999997,-0.8660254037844388,-0.12053668025532283,-0.992708874098054,608737.56,614253.33,590085.22,69.0
16,2011-07-15,586841.77,0,65.16,3.532,193.3125484,6.338,False,2011,28,7,-0.4999999999999997,-0.8660254037844388,-0.23931566428755743,-0.9709418174260521,634634.66,586583.69,598505.87,68.0
16,2011-07-22,581758.22,0,65.36,3.545,193.5120367,6.338,False,2011,29,7,-0.4999999999999997,-0.8660254037844388,-0.3546048870425356,-0.9350162426854148,586841.77,588344.18,599829.755,67.0
16,2011-07-29,582381.95,0,66.84,3.547,193.711525,6.338,False,2011,30,7,-0.4999999999999997,-0.8660254037844388,-0.46472317204376806,-0.8854560256532101,581758.22,562633.67,602993.0525,66.0
16,2011-08-05,592981.33,0,63.96,3.554,193.9110133,6.338,False,2011,31,8,-0.8660254037844384,-0.5000000000000004,-0.5680647467311556,-0.8229838658936565,582381.95,586936.45,596404.15,65.0
16,2011-08-12,563884.47,0,67.09,3.542,194.1105017,6.338,False,2011,32,8,-0.8660254037844384,-0.5000000000000004,-0.663122658240795,-0.7485107481711013,592981.33,543757.97,585990.8175,64.0
16,2011-08-19,554630.42,0,68.83,3.499,194.2500634,6.338,False,2011,33,8,-0.8660254037844384,-0.5000000000000004,-0.7485107481711011,-0.6631226582407952,563884.47,521516.96,580251.4924999999,63.0
16,2011-08-26,557312.01,0,67.51,3.485,194.3796374,6.338,False,2011,34,8,-0.8660254037844384,-0.5000000000000004,-0.8229838658936564,-0.5680647467311559,554630.42,581010.52,573469.5425,62.0
16,2011-09-02,580805.33,0,63.44,3.511,194.5092113,6.338,False,2011,35,9,-1.0,-1.8369701987210297e-16,-0.8854560256532096,-0.4647231720437691,557312.01,542087.89,567202.0575,61.0
16,2011-09-09,574622.56,1,56.99,3.566,194.6387853,6.338,False,2011,36,9,-1.0,-1.8369701987210297e-16,-0.9350162426854147,-0.3546048870425359,580805.33,537518.57,564158.0575,60.0
16,2011-09-16,539081.09,0,53.68,3.596,194.7419707,6.338,False,2011,37,9,-1.0,-1.8369701987210297e-16,-0.970941817426052,-0.23931566428755774,574622.56,522049.52,566842.5800000001,59.0
16,2011-09-23,504856.97,0,50.39,3.581,194.8099713,6.338,False,2011,38,9,-1.0,-1.8369701987210297e-16,-0.992708874098054,-0.12053668025532357,539081.09,511330.32,562955.2475,58.0
16,2011-09-30,450075.31,0,57.61,3.538,194.8779718,6.338,False,2011,39,9,-1.0,-1.8369701987210297e-16,-1.0,-1.8369701987210297e-16,504856.97,463977.54,549841.4875,57.0
16,2011-10-07,482926.93,0,48.91,3.498,194.9459724,6.232,False,2011,40,10,-0.8660254037844386,0.5000000000000001,-0.992708874098054,0.1205366802553232,450075.31,442894.2,517158.9825,56.0
16,2011-10-14,498241.06,0,39.97,3.491,195.0261012,6.232,False,2011,41,10,-0.8660254037844386,0.5000000000000001,-0.9709418174260521,0.23931566428755738,482926.93,452169.28,494235.075,55.0
16,2011-10-21,560104.16,0,46.99,3.548,195.1789994,6.232,False,2011,42,10,-0.8660254037844386,0.5000000000000001,-0.9350162426854148,0.35460488704253557,498241.06,541216.92,484025.0675,54.0
16,2011-10-28,505918.21,0,41.97,3.55,195.3318977,6.232,False,2011,43,10,-0.8660254037844386,0.5000000000000001,-0.8854560256532101,0.464723172043768,560104.16,495022.51,497836.865,53.0
16,2011-11-04,511059.95,0,33.43,3.527,195.4847959,6.232,False,2011,44,11,-0.5000000000000004,0.8660254037844384,-0.822983865893657,0.5680647467311548,505918.21,446905.02,511797.58999999997,52.0
16,2011-11-11,513181.31,0,29.56,3.505,195.6376941,6.232,False,2011,45,11,-0.5000000000000004,0.8660254037844384,-0.7485107481711011,0.6631226582407952,511059.95,453632.76,518830.845,51.0
16,2011-11-18,480353.64,0,31.73,3.479,195.7184713,6.232,False,2011,46,11,-0.5000000000000004,0.8660254037844384,-0.6631226582407955,0.7485107481711007,513181.31,458634.68,522565.9075,50.0
16,2011-11-25,712422.4,1,31.39,3.424,195.7704,6.232,False,2011,47,11,-0.5000000000000004,0.8660254037844384,-0.5680647467311559,0.8229838658936564,480353.64,651837.77,502628.2775,49.0
16,2011-12-02,530492.84,0,27.83,3.378,195.8223287,6.232,False,2011,48,12,-2.4492935982947064e-16,1.0,-0.4647231720437684,0.88545602565321,712422.4,512260.59,554254.325,48.0
16,2011-12-09,574798.86,0,14.44,3.331,195.8742575,6.232,False,2011,49,12,-2.4492935982947064e-16,1.0,-0.35460488704253595,0.9350162426854147,530492.84,570103.64,559112.5475,47.0
16,2011-12-16,679481.9,0,22.5,3.266,195.9841685,6.232,False,2011,50,12,-2.4492935982947064e-16,1.0,-0.2393156642875578,0.970941817426052,574798.86,648652.01,574516.935,46.0
16,2011-12-23,950691.96,0,20.79,3.173,196.1713893,6.232,True,2011,51,12,-2.4492935982947064e-16,1.0,-0.12053668025532363,0.992708874098054,679481.9,1004730.69,624299.0,45.0
16,2011-12-30,665861.06,1,23.91,3.119,196.3586101,6.232,False,2011,52,12,-2.4492935982947064e-16,1.0,6.432490598706546e-16,1.0,950691.96,575317.38,683866.39,44.0
16,2012-01-06,564538.07,0,26.49,3.095,196.5458309,6.162,False,2012,1,1,0.49999999999999994,0.8660254037844387,0.12053668025532305,0.992708874098054,665861.06,573545.96,717708.4450000001,43.0
16,2012-01-13,508520.09,0,19.55,3.077,196.7330517,6.162,False,2012,2,1,0.49999999999999994,0.8660254037844387,0.23931566428755774,0.970941817426052,564538.07,470365.59,715143.2474999999,42.0
16,2012-01-20,474389.75,0,29.3,3.055,196.7796652,6.162,False,2012,3,1,0.49999999999999994,0.8660254037844387,0.3546048870425356,0.9350162426854148,508520.09,462888.13,672402.7949999999,41.0
16,2012-01-27,453979.19,0,28.17,3.038,196.8262786,6.162,False,2012,4,1,0.49999999999999994,0.8660254037844387,0.4647231720437685,0.8854560256532099,474389.75,448391.99,553327.2424999999,40.0
16,2012-02-03,475905.1,0,25.53,3.031,196.8728921,6.162,False,2012,5,2,0.8660254037844386,0.5000000000000001,0.5680647467311558,0.8229838658936564,453979.19,479263.15,500356.77499999997,39.0
16,2012-02-10,473766.97,1,23.69,3.103,196.9195056,6.162,False,2012,6,2,0.8660254037844386,0.5000000000000001,0.6631226582407952,0.7485107481711011,475905.1,466806.89,478198.5325,38.0
16,2012-02-17,494069.49,0,31.19,3.113,196.9432711,6.162,False,2012,7,2,0.8660254037844386,0.5000000000000001,0.7485107481711011,0.6631226582407953,473766.97,491179.79,469510.25249999994,37.0
16,2012-02-24,495720.3,0,26.21,3.129,196.9499007,6.162,False,2012,8,2,0.8660254037844386,0.5000000000000001,0.8229838658936564,0.5680647467311559,494069.49,475201.64,474430.1875,36.0
16,2012-03-02,464189.09,0,23.4,3.191,196.9565303,6.162,False,2012,9,3,1.0,6.123233995736766e-17,0.8854560256532099,0.4647231720437686,495720.3,484829.07,484865.46499999997,35.0
16,2012-03-09,495951.66,0,28.16,3.286,196.9631599,6.162,False,2012,10,3,1.0,6.123233995736766e-17,0.9350162426854148,0.35460488704253557,464189.09,457504.35,481936.46249999997,34.0
16,2012-03-16,520850.71,0,38.02,3.486,197.0457208,6.162,False,2012,11,3,1.0,6.123233995736766e-17,0.970941817426052,0.23931566428755804,495951.66,497373.49,487482.63499999995,33.0
16,2012-03-23,493503.89,0,38.7,3.664,197.2295234,6.162,False,2012,12,3,1.0,6.123233995736766e-17,0.992708874098054,0.120536680255323,520850.71,465279.68,494177.93999999994,32.0
16,2012-03-30,485095.41,0,48.29,3.75,197.4133259,6.162,False,2012,13,3,1.0,6.123233995736766e-17,1.0,-1.6081226496766364e-16,493503.89,459756.11,493623.8375,31.0
16,2012-04-06,502662.07,0,48.93,3.854,197.5971285,6.169,False,2012,14,4,0.8660254037844387,-0.4999999999999998,0.992708874098054,-0.12053668025532288,485095.41,439276.5,498850.4175,30.0
16,2012-04-13,450756.71,0,45.83,3.901,197.780931,6.169,False,2012,15,4,0.8660254037844387,-0.4999999999999998,0.9709418174260521,-0.2393156642875575,502662.07,427855.24,500528.02,29.0
16,2012-04-20,436221.26,0,43.61,3.936,197.7227385,6.169,False,2012,16,4,0.8660254037844387,-0.4999999999999998,0.9350162426854148,-0.35460488704253545,450756.71,368600.0,483004.52,28.0
16,2012-04-27,398445.15,0,59.69,3.927,197.664546,6.169,False,2012,17,4,0.8660254037844387,-0.4999999999999998,0.8854560256532099,-0.4647231720437685,436221.26,378100.31,468683.8625,27.0
16,2012-05-04,426959.62,0,51.34,3.903,197.6063534,6.169,False,2012,18,5,0.49999999999999994,-0.8660254037844387,0.8229838658936565,-0.5680647467311557,398445.15,423805.22,447021.29750000004,26.0
16,2012-05-11,479855.0,0,53.57,3.87,197.5481609,6.169,False,2012,19,5,0.49999999999999994,-0.8660254037844387,0.7485107481711013,-0.663122658240795,426959.62,410406.95,428095.685,25.0
16,2012-05-18,493506.47,0,56.74,3.837,197.5553137,6.169,False,2012,20,5,0.49999999999999994,-0.8660254037844387,0.6631226582407952,-0.7485107481711012,479855.0,435397.19,435370.2575,24.0
16,2012-05-25,518045.09,0,57.36,3.804,197.5886046,6.169,False,2012,21,5,0.49999999999999994,-0.8660254037844387,0.5680647467311558,-0.8229838658936564,493506.47,444718.68,449691.56,23.0
16,2012-06-01,532311.93,0,58.97,3.764,197.6218954,6.169,False,2012,22,6,1.2246467991473532e-16,-1.0,0.46472317204376906,-0.8854560256532096,518045.09,531080.31,479591.545,22.0
16,2012-06-08,603618.89,0,65.43,3.741,197.6551863,6.169,False,2012,23,6,1.2246467991473532e-16,-1.0,0.35460488704253584,-0.9350162426854147,532311.93,600952.06,505929.62250000006,21.0
16,2012-06-15,570045.79,0,65.36,3.723,197.692292,6.169,False,2012,24,6,1.2246467991473532e-16,-1.0,0.23931566428755768,-0.970941817426052,603618.89,581546.23,536870.595,20.0
16,2012-06-22,581745.72,0,70.41,3.735,197.7389345,6.169,False,2012,25,6,1.2246467991473532e-16,-1.0,0.12053668025532308,-0.992708874098054,570045.79,569105.03,556005.425,19.0
16,2012-06-29,570162.28,0,77.31,3.693,197.785577,6.169,False,2012,26,6,1.2246467991473532e-16,-1.0,-3.216245299353273e-16,-1.0,581745.72,608737.56,571930.5825,18.0
16,2012-07-06,641763.53,0,70.49,3.646,197.8322195,6.061,False,2012,27,7,-0.4999999999999997,-0.8660254037844388,-0.12053668025532283,-0.992708874098054,570162.28,634634.66,581393.1699999999,17.0
16,2012-07-13,569005.06,0,70.29,3.613,197.8788621,6.061,False,2012,28,7,-0.4999999999999997,-0.8660254037844388,-0.23931566428755743,-0.9709418174260521,641763.53,586841.77,590929.3300000001,16.0
16,2012-07-20,565297.54,0,68.43,3.585,197.9290378,6.061,False,2012,29,7,-0.4999999999999997,-0.8660254037844388,-0.3546048870425356,-0.9350162426854148,569005.06,581758.22,590669.1475,15.0
16,2012-07-27,539337.87,0,69.0,3.57,197.9792136,6.061,False,2012,30,7,-0.4999999999999997,-0.8660254037844388,-0.46472317204376806,-0.8854560256532101,565297.54,582381.95,586557.1025,14.0
16,2012-08-03,584000.71,0,68.59,3.528,198.0293893,6.061,False,2012,31,8,-0.8660254037844384,-0.5000000000000004,-0.5680647467311556,-0.8229838658936565,539337.87,592981.33,578851.0,13.0
16,2012-08-10,554036.84,0,70.24,3.509,198.0795651,6.061,False,2012,32,8,-0.8660254037844384,-0.5000000000000004,-0.663122658240795,-0.7485107481711013,584000.71,563884.47,564410.295,12.0
16,2012-08-17,521896.6,0,62.07,3.545,198.1001057,6.061,False,2012,33,8,-0.8660254037844384,-0.5000000000000004,-0.7485107481711011,-0.6631226582407952,554036.84,554630.42,560668.24,11.0
16,2012-08-24,551152.15,0,61.44,3.558,198.0984199,6.061,False,2012,34,8,-0.8660254037844384,-0.5000000000000004,-0.8229838658936564,-0.5680647467311559,521896.6,557312.01,549818.005,10.0
16,2012-08-31,551837.31,0,64.19,3.556,198.0967341,6.061,False,2012,35,8,-0.8660254037844384,-0.5000000000000004,-0.8854560256532096,-0.4647231720437691,551152.15,580805.33,552771.575,9.0
16,2012-09-07,537138.58,1,60.09,3.596,198.0950484,6.061,False,2012,36,9,-1.0,-1.8369701987210297e-16,-0.9350162426854147,-0.3546048870425359,551837.31,574622.56,544730.725,8.0
16,2012-09-14,526525.16,0,56.69,3.659,198.1267184,6.061,False,2012,37,9,-1.0,-1.8369701987210297e-16,-0.970941817426052,-0.23931566428755774,537138.58,539081.09,540506.16,7.0
16,2012-09-21,509942.56,0,56.48,3.765,198.358523,6.061,False,2012,38,9,-1.0,-1.8369701987210297e-16,-0.992708874098054,-0.12053668025532357,526525.16,504856.97,541663.3,6.0
16,2012-09-28,469607.73,0,51.4,3.789,198.5903276,6.061,False,2012,39,9,-1.0,-1.8369701987210297e-16,-1.0,-1.8369701987210297e-16,509942.56,450075.31,531360.9025,5.0
16,2012-10-05,471281.68,0,50.46,3.779,198.8221322,5.847,False,2012,40,10,-0.8660254037844386,0.5000000000000001,-0.992708874098054,0.1205366802553232,469607.73,482926.93,510803.5075,4.0
16,2012-10-12,491817.19,0,43.26,3.76,199.0539368,5.847,False,2012,41,10,-0.8660254037844386,0.5000000000000001,-0.9709418174260521,0.23931566428755738,471281.68,498241.06,494339.28250000003,3.0
16,2012-10-19,577198.97,0,40.59,3.75,199.1481963,5.847,False,2012,42,10,-0.8660254037844386,0.5000000000000001,-0.9350162426854148,0.35460488704253557,491817.19,560104.16,485662.29,2.0
16,2012-10-26,475770.14,0,40.99,3.686,199.2195317,5.847,False,2012,43,10,-0.8660254037844386,0.5000000000000001,-0.8854560256532101,0.464723172043768,577198.97,505918.21,502476.39249999996,1.0
17,2011-02-04,816603.05,0,11.29,2.974,127.7195806,6.866,False,2011,5,2,0.8660254037844386,0.5000000000000001,0.5680647467311558,0.8229838658936564,736335.69,789036.02,833430.39,91.0
17,2011-02-11,813211.46,1,14.19,3.034,127.859129,6.866,False,2011,6,2,0.8660254037844386,0.5000000000000001,0.6631226582407952,0.7485107481711011,816603.05,841951.91,766813.3674999999,90.0
17,2011-02-18,860962.91,0,26.86,3.062,127.99525,6.866,False,2011,7,2,0.8660254037844386,0.5000000000000001,0.7485107481711011,0.6631226582407953,813211.46,800714.0,780488.6425000001,89.0
17,2011-02-25,767256.53,0,24.36,3.12,128.13,6.866,False,2011,8,2,0.8660254037844386,0.5000000000000001,0.8229838658936564,0.5680647467311559,860962.91,749549.55,806778.2775,88.0
17,2011-03-04,816138.33,0,24.21,3.23,128.26475,6.866,False,2011,9,3,1.0,6.123233995736766e-17,0.8854560256532099,0.4647231720437686,767256.53,783300.05,814508.4875,87.0
17,2011-03-11,779602.36,0,32.42,3.346,128.3995,6.866,False,2011,10,3,1.0,6.123233995736766e-17,0.9350162426854148,0.35460488704253557,816138.33,763961.82,814392.3075000001,86.0
17,2011-03-18,778436.81,0,34.48,3.407,128.5121935,6.866,False,2011,11,3,1.0,6.123233995736766e-17,0.970941817426052,0.23931566428755804,779602.36,752034.52,805990.0325000001,85.0
17,2011-03-25,781267.76,0,36.71,3.435,128.6160645,6.866,False,2011,12,3,1.0,6.123233995736766e-17,0.992708874098054,0.120536680255323,778436.81,793097.64,785358.5075000001,84.0
17,2011-04-01,795859.23,0,39.38,3.487,128.7199355,6.774,False,2011,13,4,0.8660254037844387,-0.4999999999999998,1.0,-1.6081226496766364e-16,781267.76,848521.17,788861.315,83.0
17,2011-04-08,811855.72,0,39.16,3.547,128.8238065,6.774,False,2011,14,4,0.8660254037844387,-0.4999999999999998,0.992708874098054,-0.12053668025532288,795859.23,770228.02,783791.5399999999,82.0
17,2011-04-15,825283.43,0,39.98,3.616,128.9107333,6.774,False,2011,15,4,0.8660254037844387,-0.4999999999999998,0.9709418174260521,-0.2393156642875575,811855.72,757738.76,791854.88,81.0
17,2011-04-22,1060770.11,0,42.24,3.655,128.9553,6.774,False,2011,16,4,0.8660254037844387,-0.4999999999999998,0.9350162426854148,-0.35460488704253545,825283.43,977790.83,803566.5349999999,80.0
17,2011-04-29,806979.15,0,40.14,3.683,128.9998667,6.774,False,2011,17,4,0.8660254037844387,-0.4999999999999998,0.8854560256532099,-0.4647231720437685,1060770.11,807798.73,873442.1225,79.0
17,2011-05-06,882132.28,0,45.66,3.744,129.0444333,6.774,False,2011,18,5,0.49999999999999994,-0.8660254037844387,0.8229838658936565,-0.5680647467311557,806979.15,843848.65,876222.1025,78.0
17,2011-05-13,870625.49,0,49.26,3.77,129.089,6.774,False,2011,19,5,0.49999999999999994,-0.8660254037844387,0.7485107481711013,-0.663122658240795,882132.28,813756.09,893791.2425,77.0
17,2011-05-20,844443.35,0,51.93,3.802,129.0756774,6.774,False,2011,20,5,0.49999999999999994,-0.8660254037844387,0.6631226582407952,-0.7485107481711012,870625.49,826626.5,905126.7575,76.0
17,2011-05-27,892056.64,0,51.04,3.778,129.0623548,6.774,False,2011,21,5,0.49999999999999994,-0.8660254037844387,0.5680647467311558,-0.8229838658936564,844443.35,872817.62,851045.0675,75.0
17,2011-06-03,895020.48,0,49.61,3.752,129.0490323,6.774,False,2011,22,6,1.2246467991473532e-16,-1.0,0.46472317204376906,-0.8854560256532096,892056.64,876902.87,872314.4400000001,74.0
17,2011-06-10,881190.46,0,54.57,3.732,129.0357097,6.774,False,2011,23,6,1.2246467991473532e-16,-1.0,0.35460488704253584,-0.9350162426854147,895020.48,845252.21,875536.49,73.0
17,2011-06-17,894686.67,0,56.61,3.704,129.0432,6.774,False,2011,24,6,1.2246467991473532e-16,-1.0,0.23931566428755768,-0.970941817426052,881190.46,877996.27,878177.7325,72.0
17,2011-06-24,920719.98,0,60.99,3.668,129.0663,6.774,False,2011,25,6,1.2246467991473532e-16,-1.0,0.12053668025532308,-0.992708874098054,894686.67,893995.44,890738.5625,71.0
17,2011-07-01,940554.34,0,67.39,3.613,129.0894,6.745,False,2011,26,7,-0.4999999999999997,-0.8660254037844388,-3.216245299353273e-16,-1.0,920719.98,958875.37,897904.3975,70.0
17,2011-07-08,915064.22,0,70.6,3.563,129.1125,6.745,False,2011,27,7,-0.4999999999999997,-0.8660254037844388,-0.12053668025532283,-0.992708874098054,940554.34,836915.92,909287.8624999999,69.0
17,2011-07-15,902727.76,0,67.93,3.553,129.1338387,6.745,False,2011,28,7,-0.4999999999999997,-0.8660254037844388,-0.23931566428755743,-0.9709418174260521,915064.22,876591.41,917756.3025,68.0
17,2011-07-22,899044.34,0,69.82,3.563,129.1507742,6.745,False,2011,29,7,-0.4999999999999997,-0.8660254037844388,-0.3546048870425356,-0.9350162426854148,902727.76,893504.87,919766.575,67.0
17,2011-07-29,861894.77,0,68.59,3.574,129.1677097,6.745,False,2011,30,7,-0.4999999999999997,-0.8660254037844388,-0.46472317204376806,-0.8854560256532101,899044.34,833517.19,914347.665,66.0
17,2011-08-05,866184.92,0,65.71,3.595,129.1846452,6.745,False,2011,31,8,-0.8660254037844384,-0.5000000000000004,-0.5680647467311556,-0.8229838658936565,861894.77,795301.17,894682.7725,65.0
17,2011-08-12,800819.79,0,64.79,3.606,129.2015806,6.745,False,2011,32,8,-0.8660254037844384,-0.5000000000000004,-0.663122658240795,-0.7485107481711013,866184.92,759995.18,882462.9475,64.0
17,2011-08-19,797523.04,0,67.59,3.578,129.2405806,6.745,False,2011,33,8,-0.8660254037844384,-0.5000000000000004,-0.7485107481711011,-0.6631226582407952,800819.79,783929.7,856985.9550000001,63.0
17,2011-08-26,837390.79,0,72.04,3.57,129.2832581,6.745,False,2011,34,8,-0.8660254037844384,-0.5000000000000004,-0.8229838658936564,-0.5680647467311559,797523.04,802583.89,831605.6300000001,62.0
17,2011-09-02,847380.07,0,69.31,3.58,129.3259355,6.745,False,2011,35,9,-1.0,-1.8369701987210297e-16,-0.8854560256532096,-0.4647231720437691,837390.79,834373.73,825479.635,61.0
17,2011-09-09,1161900.18,1,61.94,3.619,129.3686129,6.745,True,2011,36,9,-1.0,-1.8369701987210297e-16,-0.9350162426854147,-0.3546048870425359,847380.07,1200888.28,820778.4225,60.0
17,2011-09-16,1051116.95,0,61.48,3.641,129.4306,6.745,False,2011,37,9,-1.0,-1.8369701987210297e-16,-0.970941817426052,-0.23931566428755774,1161900.18,871264.25,911048.52,59.0
17,2011-09-23,895535.31,0,56.96,3.648,129.5183333,6.745,False,2011,38,9,-1.0,-1.8369701987210297e-16,-0.992708874098054,-0.12053668025532357,1051116.95,852876.29,974446.9974999999,58.0
17,2011-09-30,868191.05,0,61.4,3.623,129.6060667,6.745,False,2011,39,9,-1.0,-1.8369701987210297e-16,-1.0,-1.8369701987210297e-16,895535.31,829207.27,988983.1275,57.0
17,2011-10-07,918006.9,0,54.4,3.592,129.6938,6.617,False,2011,40,10,-0.8660254037844386,0.5000000000000001,-0.992708874098054,0.1205366802553232,868191.05,827738.06,994185.8725,56.0
17,2011-10-14,884042.63,0,47.69,3.567,129.7706452,6.617,False,2011,41,10,-0.8660254037844386,0.5000000000000001,-0.9709418174260521,0.23931566428755738,918006.9,838297.32,933212.5525000001,55.0
17,2011-10-21,877380.22,0,47.27,3.579,129.7821613,6.617,False,2011,42,10,-0.8660254037844386,0.5000000000000001,-0.9350162426854148,0.35460488704253557,884042.63,815093.76,891443.9725,54.0
17,2011-10-28,936508.43,0,41.89,3.567,129.7936774,6.617,False,2011,43,10,-0.8660254037844386,0.5000000000000001,-0.8854560256532101,0.464723172043768,877380.22,861941.25,886905.2,53.0
17,2011-11-04,927657.63,0,37.52,3.538,129.8051935,6.617,False,2011,44,11,-0.5000000000000004,0.8660254037844384,-0.822983865893657,0.5680647467311548,936508.43,818434.49,903984.545,52.0
17,2011-11-11,914759.2,0,27.61,3.513,129.8167097,6.617,False,2011,45,11,-0.5000000000000004,0.8660254037844384,-0.7485107481711011,0.6631226582407952,927657.63,855459.96,906397.2275,51.0
17,2011-11-18,877724.31,0,32.93,3.489,129.8268333,6.617,False,2011,46,11,-0.5000000000000004,0.8660254037844384,-0.6631226582407955,0.7485107481711007,914759.2,782252.57,914076.37,50.0
17,2011-11-25,1225700.28,1,32.81,3.445,129.8364,6.617,True,2011,47,11,-0.5000000000000004,0.8660254037844384,-0.5680647467311559,0.8229838658936564,877724.31,1005448.76,914162.3925,49.0
17,2011-12-02,945267.68,0,26.47,3.389,129.8459667,6.617,False,2011,48,12,-2.4492935982947064e-16,1.0,-0.4647231720437684,0.88545602565321,1225700.28,926573.81,986460.355,48.0
17,2011-12-09,976522.93,0,17.56,3.341,129.8555333,6.617,False,2011,49,12,-2.4492935982947064e-16,1.0,-0.35460488704253595,0.9350162426854147,945267.68,962475.55,990862.8675,47.0
17,2011-12-16,1067754.06,0,21.07,3.282,129.8980645,6.617,False,2011,50,12,-2.4492935982947064e-16,1.0,-0.2393156642875578,0.970941817426052,976522.93,1049372.38,1006303.8,46.0
17,2011-12-23,1289156.9,0,18.76,3.186,129.9845484,6.617,True,2011,51,12,-2.4492935982947064e-16,1.0,-0.12053668025532363,0.992708874098054,1067754.06,1309226.79,1053811.2375,45.0
17,2011-12-30,777207.3,1,26.73,3.119,130.0710323,6.617,False,2011,52,12,-2.4492935982947064e-16,1.0,6.432490598706546e-16,1.0,1289156.9,635862.55,1069675.3925,44.0
17,2012-01-06,1198104.22,0,27.64,3.08,130.1575161,6.403,True,2012,1,1,0.49999999999999994,0.8660254037844387,0.12053668025532305,0.992708874098054,777207.3,1083071.14,1027660.2975000001,43.0
17,2012-01-13,873576.96,0,20.28,3.056,130.244,6.403,False,2012,2,1,0.49999999999999994,0.8660254037844387,0.23931566428755774,0.970941817426052,1198104.22,758510.36,1083055.62,42.0
17,2012-01-20,809272.65,0,27.26,3.047,130.2792258,6.403,False,2012,3,1,0.49999999999999994,0.8660254037844387,0.3546048870425356,0.9350162426854148,873576.96,755804.37,1034511.345,41.0
17,2012-01-27,769522.33,0,29.99,3.058,130.3144516,6.403,False,2012,4,1,0.49999999999999994,0.8660254037844387,0.4647231720437685,0.8854560256532099,809272.65,736335.69,914540.2825,40.0
17,2012-02-03,864852.85,0,26.26,3.077,130.3496774,6.403,False,2012,5,2,0.8660254037844386,0.5000000000000001,0.5680647467311558,0.8229838658936564,769522.33,816603.05,912619.04,39.0
17,2012-02-10,880165.7,1,23.63,3.116,130.3849032,6.403,False,2012,6,2,0.8660254037844386,0.5000000000000001,0.6631226582407952,0.7485107481711011,864852.85,813211.46,829306.1975,38.0
17,2012-02-17,927084.65,0,30.76,3.119,130.4546207,6.403,False,2012,7,2,0.8660254037844386,0.5000000000000001,0.7485107481711011,0.6631226582407953,880165.7,860962.91,830953.3825,37.0
17,2012-02-24,843864.43,0,30.01,3.145,130.5502069,6.403,False,2012,8,2,0.8660254037844386,0.5000000000000001,0.8229838658936564,0.5680647467311559,927084.65,767256.53,860406.3825000001,36.0
17,2012-03-02,856178.47,0,26.28,3.242,130.6457931,6.403,False,2012,9,3,1.0,6.123233995736766e-17,0.8854560256532099,0.4647231720437686,843864.43,816138.33,878991.9075,35.0
17,2012-03-09,860224.98,0,32.02,3.38,130.7413793,6.403,False,2012,10,3,1.0,6.123233995736766e-17,0.9350162426854148,0.35460488704253557,856178.47,779602.36,876823.3125,34.0
17,2012-03-16,853136.46,0,43.69,3.529,130.8261935,6.403,False,2012,11,3,1.0,6.123233995736766e-17,0.970941817426052,0.23931566428755804,860224.98,778436.81,871838.1325000001,33.0
17,2012-03-23,851762.28,0,40.69,3.671,130.8966452,6.403,False,2012,12,3,1.0,6.123233995736766e-17,0.992708874098054,0.120536680255323,853136.46,781267.76,853351.085,32.0
17,2012-03-30,872469.03,0,45.29,3.734,130.9670968,6.403,False,2012,13,3,1.0,6.123233995736766e-17,1.0,-1.6081226496766364e-16,851762.28,795859.23,855325.5475,31.0
17,2012-04-06,986922.62,0,43.92,3.793,131.0375484,6.235,False,2012,14,4,0.8660254037844387,-0.4999999999999998,0.992708874098054,-0.12053668025532288,872469.03,811855.72,859398.1875,30.0
17,2012-04-13,877055.32,0,46.94,3.833,131.108,6.235,False,2012,15,4,0.8660254037844387,-0.4999999999999998,0.9709418174260521,-0.2393156642875575,986922.62,825283.43,891072.5974999999,29.0
17,2012-04-20,1119979.98,0,47.69,3.845,131.1173333,6.235,False,2012,16,4,0.8660254037844387,-0.4999999999999998,0.9350162426854148,-0.35460488704253545,877055.32,1060770.11,897052.3125,28.0
17,2012-04-27,925916.65,0,59.11,3.842,131.1266667,6.235,False,2012,17,4,0.8660254037844387,-0.4999999999999998,0.8854560256532099,-0.4647231720437685,1119979.98,806979.15,964106.7375,27.0
17,2012-05-04,930121.14,0,48.86,3.831,131.136,6.235,False,2012,18,5,0.49999999999999994,-0.8660254037844387,0.8229838658936565,-0.5680647467311557,925916.65,882132.28,977468.6425,26.0
17,2012-05-11,944100.3,0,49.96,3.809,131.1453333,6.235,False,2012,19,5,0.49999999999999994,-0.8660254037844387,0.7485107481711013,-0.663122658240795,930121.14,870625.49,963268.2725000001,25.0
17,2012-05-18,968816.33,0,59.67,3.808,131.0983226,6.235,False,2012,20,5,0.49999999999999994,-0.8660254037844387,0.6631226582407952,-0.7485107481711012,944100.3,844443.35,980029.5175000001,24.0
17,2012-05-25,984881.59,0,55.69,3.801,131.0287742,6.235,False,2012,21,5,0.49999999999999994,-0.8660254037844387,0.5680647467311558,-0.8229838658936564,968816.33,892056.64,942238.605,23.0
17,2012-06-01,938914.28,0,54.13,3.788,130.9592258,6.235,False,2012,22,6,1.2246467991473532e-16,-1.0,0.46472317204376906,-0.8854560256532096,984881.59,895020.48,956979.8400000001,22.0
17,2012-06-08,987990.24,0,60.51,3.776,130.8896774,6.235,False,2012,23,6,1.2246467991473532e-16,-1.0,0.35460488704253584,-0.9350162426854147,938914.28,881190.46,959178.125,21.0
17,2012-06-15,964169.67,0,56.67,3.756,130.8295333,6.235,False,2012,24,6,1.2246467991473532e-16,-1.0,0.23931566428755768,-0.970941817426052,987990.24,894686.67,970150.6100000001,20.0
17,2012-06-22,981210.57,0,62.9,3.737,130.7929,6.235,False,2012,25,6,1.2246467991473532e-16,-1.0,0.12053668025532308,-0.992708874098054,964169.67,920719.98,968988.9450000001,19.0
17,2012-06-29,982322.24,0,71.14,3.681,130.7562667,6.235,False,2012,26,6,1.2246467991473532e-16,-1.0,-3.216245299353273e-16,-1.0,981210.57,940554.34,968071.1900000001,18.0
17,2012-07-06,1046782.52,0,68.91,3.63,130.7196333,5.936,False,2012,27,7,-0.4999999999999997,-0.8660254037844388,-0.12053668025532283,-0.992708874098054,982322.24,915064.22,978923.1799999999,17.0
17,2012-07-13,960746.04,0,72.94,3.595,130.683,5.936,False,2012,28,7,-0.4999999999999997,-0.8660254037844388,-0.23931566428755743,-0.9709418174260521,1046782.52,902727.76,993621.25,16.0
17,2012-07-20,944698.7,0,70.59,3.556,130.7012903,5.936,False,2012,29,7,-0.4999999999999997,-0.8660254037844388,-0.3546048870425356,-0.9350162426854148,960746.04,899044.34,992765.3425,15.0
17,2012-07-27,907493.24,0,74.2,3.537,130.7195806,5.936,False,2012,30,7,-0.4999999999999997,-0.8660254037844388,-0.46472317204376806,-0.8854560256532101,944698.7,861894.77,983637.375,14.0
17,2012-08-03,877813.33,0,72.94,3.512,130.737871,5.936,False,2012,31,8,-0.8660254037844384,-0.5000000000000004,-0.5680647467311556,-0.8229838658936565,907493.24,866184.92,964930.125,13.0
17,2012-08-10,849074.04,0,73.29,3.509,130.7561613,5.936,False,2012,32,8,-0.8660254037844384,-0.5000000000000004,-0.663122658240795,-0.7485107481711013,877813.33,800819.79,922687.8275,12.0
17,2012-08-17,844928.17,0,70.98,3.545,130.7909677,5.936,False,2012,33,8,-0.8660254037844384,-0.5000000000000004,-0.7485107481711011,-0.6631226582407952,849074.04,797523.04,894769.8274999999,11.0
17,2012-08-24,924299.78,0,68.89,3.582,130.8381613,5.936,False,2012,34,8,-0.8660254037844384,-0.5000000000000004,-0.8229838658936564,-0.5680647467311559,844928.17,837390.79,869827.1950000001,10.0
17,2012-08-31,865924.2,0,68.07,3.624,130.8853548,5.936,False,2012,35,8,-0.8660254037844384,-0.5000000000000004,-0.8854560256532096,-0.4647231720437691,924299.78,847380.07,874028.83,9.0
17,2012-09-07,1255633.29,1,61.99,3.689,130.9325484,5.936,True,2012,36,9,-1.0,-1.8369701987210297e-16,-0.9350162426854147,-0.3546048870425359,865924.2,1161900.18,871056.5475000001,8.0
17,2012-09-14,1071040.22,0,59.64,3.749,130.9776667,5.936,False,2012,37,9,-1.0,-1.8369701987210297e-16,-0.970941817426052,-0.23931566428755774,1255633.29,1051116.95,972696.3600000001,7.0
17,2012-09-21,938303.28,0,58.43,3.821,131.0103333,5.936,False,2012,38,9,-1.0,-1.8369701987210297e-16,-0.992708874098054,-0.12053668025532357,1071040.22,895535.31,1029224.3725,6.0
17,2012-09-28,972716.24,0,57.77,3.821,131.043,5.936,False,2012,39,9,-1.0,-1.8369701987210297e-16,-1.0,-1.8369701987210297e-16,938303.28,868191.05,1032725.2475,5.0
17,2012-10-05,952609.17,0,52.81,3.815,131.0756667,5.527,False,2012,40,10,-0.8660254037844386,0.5000000000000001,-0.992708874098054,0.1205366802553232,972716.24,918006.9,1059423.2574999998,4.0
17,2012-10-12,919878.34,0,44.82,3.797,131.1083333,5.527,False,2012,41,10,-0.8660254037844386,0.5000000000000001,-0.9709418174260521,0.23931566428755738,952609.17,884042.63,983667.2274999999,3.0
17,2012-10-19,957356.84,0,48.16,3.781,131.1499677,5.527,False,2012,42,10,-0.8660254037844386,0.5000000000000001,-0.9350162426854148,0.35460488704253557,919878.34,877380.22,945876.7575000001,2.0
17,2012-10-26,943465.29,0,39.94,3.755,131.1930968,5.527,False,2012,43,10,-0.8660254037844386,0.5000000000000001,-0.8854560256532101,0.464723172043768,957356.84,936508.43,950640.1475,1.0
18,2011-02-04,1055841.24,0,20.79,3.24,133.1834194,9.131,False,2011,5,2,0.8660254037844386,0.5000000000000001,0.5680647467311558,0.8229838658936564,849540.85,1205307.5,862956.245,91.0
18,2011-02-11,1122053.58,1,24.3,3.255,133.260871,9.131,False,2011,6,2,0.8660254037844386,0.5000000000000001,0.6631226582407952,0.7485107481711011,1055841.24,1187880.7,893426.48,90.0
18,2011-02-18,1095058.57,0,31.59,3.263,133.3701429,9.131,False,2011,7,2,0.8660254037844386,0.5000000000000001,0.7485107481711011,0.6631226582407953,1122053.58,1150663.42,979646.0549999999,89.0
18,2011-02-25,1005983.31,0,26.15,3.281,133.4921429,9.131,False,2011,8,2,0.8660254037844386,0.5000000000000001,0.8229838658936564,0.5680647467311559,1095058.57,1068157.45,1030623.56,88.0
18,2011-03-04,1063310.62,0,28.49,3.437,133.6141429,9.131,False,2011,9,3,1.0,6.123233995736766e-17,0.8854560256532099,0.4647231720437686,1005983.31,1179738.5,1069734.175,87.0
18,2011-03-11,1002714.25,0,38.4,3.6,133.7361429,9.131,False,2011,10,3,1.0,6.123233995736766e-17,0.9350162426854148,0.35460488704253557,1063310.62,1138800.32,1071601.52,86.0
18,2011-03-18,945889.59,0,41.12,3.634,133.8492258,9.131,False,2011,11,3,1.0,6.123233995736766e-17,0.970941817426052,0.23931566428755804,1002714.25,1087507.47,1041766.6875,85.0
18,2011-03-25,944523.3,0,36.65,3.624,133.9587419,9.131,False,2011,12,3,1.0,6.123233995736766e-17,0.992708874098054,0.120536680255323,945889.59,1092704.09,1004474.4425,84.0
18,2011-04-01,938083.17,0,35.06,3.638,134.0682581,8.975,False,2011,13,4,0.8660254037844387,-0.4999999999999998,1.0,-1.6081226496766364e-16,944523.3,1254107.84,989109.44,83.0
18,2011-04-08,1018541.3,0,43.32,3.72,134.1777742,8.975,False,2011,14,4,0.8660254037844387,-0.4999999999999998,0.992708874098054,-0.12053668025532288,938083.17,1174447.55,957802.5774999999,82.0
18,2011-04-15,988157.72,0,49.91,3.823,134.2784667,8.975,False,2011,15,4,0.8660254037844387,-0.4999999999999998,0.9709418174260521,-0.2393156642875575,1018541.3,1135577.62,961759.34,81.0
18,2011-04-22,1105860.06,0,45.99,3.919,134.3571,8.975,False,2011,16,4,0.8660254037844387,-0.4999999999999998,0.9350162426854148,-0.35460488704253545,988157.72,1132433.55,972326.3725,80.0
18,2011-04-29,974114.39,0,58.82,3.988,134.4357333,8.975,False,2011,17,4,0.8660254037844387,-0.4999999999999998,0.8854560256532099,-0.4647231720437685,1105860.06,1060446.16,1012660.5625,79.0
18,2011-05-06,1065427.37,0,54.17,4.078,134.5143667,8.975,False,2011,18,5,0.49999999999999994,-0.8660254037844387,0.8229838658936565,-0.5680647467311557,974114.39,1222255.47,1021668.3675,78.0
18,2011-05-13,993172.98,0,58.48,4.095,134.593,8.975,False,2011,19,5,0.49999999999999994,-0.8660254037844387,0.7485107481711013,-0.663122658240795,1065427.37,1092616.49,1033389.885,77.0
18,2011-05-20,994610.43,0,57.55,4.101,134.6803871,8.975,False,2011,20,5,0.49999999999999994,-0.8660254037844387,0.6631226582407952,-0.7485107481711012,993172.98,1101621.36,1034643.7000000001,76.0
18,2011-05-27,1065214.14,0,64.6,4.034,134.7677742,8.975,False,2011,21,5,0.49999999999999994,-0.8660254037844387,0.5680647467311558,-0.8229838658936564,994610.43,1256282.79,1006831.2925000001,75.0
18,2011-06-03,1178039.0,0,70.9,3.973,134.8551613,8.975,False,2011,22,6,1.2246467991473532e-16,-1.0,0.46472317204376906,-0.8854560256532096,1065214.14,1271311.76,1029606.23,74.0
18,2011-06-10,1044079.2,0,69.49,3.924,134.9425484,8.975,False,2011,23,6,1.2246467991473532e-16,-1.0,0.35460488704253584,-0.9350162426854147,1178039.0,1173521.82,1057759.1375,73.0
18,2011-06-17,1045859.39,0,63.23,3.873,135.0837333,8.975,False,2011,24,6,1.2246467991473532e-16,-1.0,0.23931566428755768,-0.970941817426052,1044079.2,1183225.92,1070485.6925,72.0
18,2011-06-24,1056478.65,0,67.41,3.851,135.2652667,8.975,False,2011,25,6,1.2246467991473532e-16,-1.0,0.12053668025532308,-0.992708874098054,1045859.39,1220983.17,1083297.9324999999,71.0
18,2011-07-01,1087051.26,0,69.75,3.815,135.4468,8.89,False,2011,26,7,-0.4999999999999997,-0.8660254037844388,-3.216245299353273e-16,-1.0,1056478.65,1257928.35,1081114.06,70.0
18,2011-07-08,1048802.62,0,73.12,3.784,135.6283333,8.89,False,2011,27,7,-0.4999999999999997,-0.8660254037844388,-0.12053668025532283,-0.992708874098054,1087051.26,1171391.41,1058367.125,69.0
18,2011-07-15,974916.13,0,74.36,3.827,135.7837419,8.89,False,2011,28,7,-0.4999999999999997,-0.8660254037844388,-0.23931566428755743,-0.9709418174260521,1048802.62,1115514.61,1059547.98,68.0
18,2011-07-22,991262.46,0,78.68,3.882,135.8738387,8.89,False,2011,29,7,-0.4999999999999997,-0.8660254037844388,-0.3546048870425356,-0.9350162426854148,974916.13,1032908.23,1041812.165,67.0
18,2011-07-29,954148.64,0,73.85,3.898,135.9639355,8.89,False,2011,30,7,-0.4999999999999997,-0.8660254037844388,-0.46472317204376806,-0.8854560256532101,991262.46,1078557.62,1025508.1175,66.0
18,2011-08-05,1002806.39,0,74.58,3.903,136.0540323,8.89,False,2011,31,8,-0.8660254037844384,-0.5000000000000004,-0.5680647467311556,-0.8229838658936565,954148.64,1166117.85,992282.4624999999,65.0
18,2011-08-12,928470.83,0,73.57,3.88,136.144129,8.89,False,2011,32,8,-0.8660254037844384,-0.5000000000000004,-0.663122658240795,-0.7485107481711013,1002806.39,1084722.78,980783.4049999999,64.0
18,2011-08-19,932679.79,0,69.24,3.82,136.183129,8.89,False,2011,33,8,-0.8660254037844384,-0.5000000000000004,-0.7485107481711011,-0.6631226582407952,928470.83,1141860.67,969172.08,63.0
18,2011-08-26,1147906.46,0,70.32,3.796,136.2136129,8.89,False,2011,34,8,-0.8660254037844384,-0.5000000000000004,-0.8229838658936564,-0.5680647467311559,932679.79,1214302.76,954526.4125,62.0
18,2011-09-02,540922.94,0,68.23,3.784,136.2440968,8.89,True,2011,35,9,-1.0,-1.8369701987210297e-16,-0.8854560256532096,-0.4647231720437691,1147906.46,1187359.77,1002965.8674999999,61.0
18,2011-09-09,951549.61,1,68.11,3.809,136.2745806,8.89,False,2011,36,9,-1.0,-1.8369701987210297e-16,-0.9350162426854147,-0.3546048870425359,540922.94,1011201.12,887495.005,60.0
18,2011-09-16,845715.37,0,66.23,3.809,136.3145,8.89,False,2011,37,9,-1.0,-1.8369701987210297e-16,-0.970941817426052,-0.23931566428755774,951549.61,997998.21,893264.7,59.0
18,2011-09-23,853073.17,0,60.44,3.758,136.367,8.89,False,2011,38,9,-1.0,-1.8369701987210297e-16,-0.992708874098054,-0.12053668025532357,845715.37,950862.92,871523.595,58.0
18,2011-09-30,847348.08,0,69.01,3.684,136.4195,8.89,False,2011,39,9,-1.0,-1.8369701987210297e-16,-1.0,-1.8369701987210297e-16,853073.17,948977.5,797815.2725,57.0
18,2011-10-07,1019741.1,0,54.65,3.633,136.472,8.471,False,2011,40,10,-0.8660254037844386,0.5000000000000001,-0.992708874098054,0.1205366802553232,847348.08,1107432.71,874421.5575,56.0
18,2011-10-14,953533.95,0,60.26,3.583,136.5150968,8.471,False,2011,41,10,-0.8660254037844386,0.5000000000000001,-0.9709418174260521,0.23931566428755738,1019741.1,1029618.1,891469.43,55.0
18,2011-10-21,1048212.62,0,55.83,3.618,136.5017742,8.471,False,2011,42,10,-0.8660254037844386,0.5000000000000001,-0.9350162426854148,0.35460488704253557,953533.95,1052120.43,918424.075,54.0
18,2011-10-28,1106642.63,0,45.61,3.604,136.4884516,8.471,False,2011,43,10,-0.8660254037844386,0.5000000000000001,-0.8854560256532101,0.464723172043768,1048212.62,1038576.54,967208.9375,53.0
18,2011-11-04,1100625.06,0,38.29,3.586,136.475129,8.471,False,2011,44,11,-0.5000000000000004,0.8660254037844384,-0.822983865893657,0.5680647467311548,1106642.63,1089530.94,1032032.575,52.0
18,2011-11-11,1079931.63,0,45.69,3.57,136.4618065,8.471,False,2011,45,11,-0.5000000000000004,0.8660254037844384,-0.7485107481711011,0.6631226582407952,1100625.06,1081322.12,1052253.565,51.0
18,2011-11-18,1056992.18,0,47.88,3.571,136.4666667,8.471,False,2011,46,11,-0.5000000000000004,0.8660254037844384,-0.6631226582407955,0.7485107481711007,1079931.63,1045722.37,1083852.9849999999,50.0
18,2011-11-25,1624170.99,1,41.97,3.536,136.4788,8.471,True,2011,47,11,-0.5000000000000004,0.8660254037844384,-0.5680647467311559,0.8229838658936564,1056992.18,1653759.36,1086047.875,49.0
18,2011-12-02,1188047.61,0,46.25,3.501,136.4909333,8.471,False,2011,48,12,-2.4492935982947064e-16,1.0,-0.4647231720437684,0.88545602565321,1624170.99,1211026.13,1215429.9649999999,48.0
18,2011-12-09,1368471.23,0,42.36,3.47,136.5030667,8.471,True,2011,49,12,-2.4492935982947064e-16,1.0,-0.35460488704253595,0.9350162426854147,1188047.61,1416168.98,1237285.6025,47.0
18,2011-12-16,1516924.23,0,35.52,3.445,136.5335161,8.471,True,2011,50,12,-2.4492935982947064e-16,1.0,-0.2393156642875578,0.970941817426052,1368471.23,1588430.71,1309420.5025,46.0
18,2011-12-23,1882393.4,0,35.78,3.413,136.5883871,8.471,True,2011,51,12,-2.4492935982947064e-16,1.0,-0.12053668025532363,0.992708874098054,1516924.23,2027507.15,1424403.5150000001,45.0
18,2011-12-30,1010562.49,1,32.36,3.402,136.6432581,8.471,False,2011,52,12,-2.4492935982947064e-16,1.0,6.432490598706546e-16,1.0,1882393.4,887907.01,1488959.1175,44.0
18,2012-01-06,977286.07,0,31.27,3.439,136.698129,8.075,False,2012,1,1,0.49999999999999994,0.8660254037844387,0.12053668025532305,0.992708874098054,1010562.49,933960.3,1444587.8375,43.0
18,2012-01-13,890130.25,0,35.25,3.523,136.753,8.075,False,2012,2,1,0.49999999999999994,0.8660254037844387,0.23931566428755774,0.970941817426052,977286.07,777175.28,1346791.5475,42.0
18,2012-01-20,937522.77,0,24.2,3.542,136.8564194,8.075,False,2012,3,1,0.49999999999999994,0.8660254037844387,0.3546048870425356,0.9350162426854148,890130.25,891148.55,1190093.0525,41.0
18,2012-01-27,825584.22,0,30.44,3.568,136.9598387,8.075,False,2012,4,1,0.49999999999999994,0.8660254037844387,0.4647231720437685,0.8854560256532099,937522.77,849540.85,953875.395,40.0
18,2012-02-03,1049772.04,0,37.62,3.633,137.0632581,8.075,False,2012,5,2,0.8660254037844386,0.5000000000000001,0.5680647467311558,0.8229838658936564,825584.22,1055841.24,907630.8275,39.0
18,2012-02-10,1161615.51,1,32.83,3.655,137.1666774,8.075,False,2012,6,2,0.8660254037844386,0.5000000000000001,0.6631226582407952,0.7485107481711011,1049772.04,1122053.58,925752.3200000001,38.0
18,2012-02-17,1115985.81,0,32.87,3.703,137.2583103,8.075,False,2012,7,2,0.8660254037844386,0.5000000000000001,0.7485107481711011,0.6631226582407953,1161615.51,1095058.57,993623.635,37.0
18,2012-02-24,1037861.11,0,36.34,3.751,137.3411034,8.075,False,2012,8,2,0.8660254037844386,0.5000000000000001,0.8229838658936564,0.5680647467311559,1115985.81,1005983.31,1038239.395,36.0
18,2012-03-02,1047178.91,0,33.59,3.827,137.4238966,8.075,False,2012,9,3,1.0,6.123233995736766e-17,0.8854560256532099,0.4647231720437686,1037861.11,1063310.62,1091308.6175,35.0
18,2012-03-09,1084894.47,0,38.1,3.876,137.5066897,8.075,False,2012,10,3,1.0,6.123233995736766e-17,0.9350162426854148,0.35460488704253557,1047178.91,1002714.25,1090660.335,34.0
18,2012-03-16,1022018.43,0,45.84,3.867,137.5843871,8.075,False,2012,11,3,1.0,6.123233995736766e-17,0.970941817426052,0.23931566428755804,1084894.47,945889.59,1071480.0750000002,33.0
18,2012-03-23,1031139.3,0,58.06,3.889,137.6552903,8.075,False,2012,12,3,1.0,6.123233995736766e-17,0.992708874098054,0.120536680255323,1022018.43,944523.3,1047988.23,32.0
18,2012-03-30,1009121.2,0,45.35,3.921,137.7261935,8.075,False,2012,13,3,1.0,6.123233995736766e-17,1.0,-1.6081226496766364e-16,1031139.3,938083.17,1046307.7775,31.0
18,2012-04-06,1200815.3,0,43.8,3.957,137.7970968,8.304,False,2012,14,4,0.8660254037844387,-0.4999999999999998,0.992708874098054,-0.12053668025532288,1009121.2,1018541.3,1036793.3500000001,30.0
18,2012-04-13,998443.5,0,47.75,4.025,137.868,8.304,False,2012,15,4,0.8660254037844387,-0.4999999999999998,0.9709418174260521,-0.2393156642875575,1200815.3,988157.72,1065773.5575,29.0
18,2012-04-20,1025813.8,0,60.88,4.046,137.9230667,8.304,False,2012,16,4,0.8660254037844387,-0.4999999999999998,0.9350162426854148,-0.35460488704253545,998443.5,1105860.06,1059879.825,28.0
18,2012-04-27,961186.23,0,50.43,4.023,137.9781333,8.304,False,2012,17,4,0.8660254037844387,-0.4999999999999998,0.8854560256532099,-0.4647231720437685,1025813.8,974114.39,1058548.45,27.0
18,2012-05-04,1050027.89,0,49.66,3.991,138.0332,8.304,False,2012,18,5,0.49999999999999994,-0.8660254037844387,0.8229838658936565,-0.5680647467311557,961186.23,1065427.37,1046564.7075,26.0
18,2012-05-11,1060433.1,0,57.44,3.947,138.0882667,8.304,False,2012,19,5,0.49999999999999994,-0.8660254037844387,0.7485107481711013,-0.663122658240795,1050027.89,993172.98,1008867.855,25.0
18,2012-05-18,1047444.59,0,62.31,3.899,138.1065806,8.304,False,2012,20,5,0.49999999999999994,-0.8660254037844387,0.6631226582407952,-0.7485107481711012,1060433.1,994610.43,1024365.255,24.0
18,2012-05-25,1088446.58,0,65.48,3.85,138.1101935,8.304,False,2012,21,5,0.49999999999999994,-0.8660254037844387,0.5680647467311558,-0.8229838658936564,1047444.59,1065214.14,1029772.9524999999,23.0
18,2012-06-01,1118313.7,0,71.42,3.798,138.1138065,8.304,False,2012,22,6,1.2246467991473532e-16,-1.0,0.46472317204376906,-0.8854560256532096,1088446.58,1178039.0,1061588.04,22.0
18,2012-06-08,1110479.94,0,59.1,3.746,138.1174194,8.304,False,2012,23,6,1.2246467991473532e-16,-1.0,0.35460488704253584,-0.9350162426854147,1118313.7,1044079.2,1078659.4925,21.0
18,2012-06-15,1057425.83,0,66.58,3.683,138.1295333,8.304,False,2012,24,6,1.2246467991473532e-16,-1.0,0.23931566428755768,-0.970941817426052,1110479.94,1045859.39,1091171.2025,20.0
18,2012-06-22,1080357.89,0,70.92,3.629,138.1629,8.304,False,2012,25,6,1.2246467991473532e-16,-1.0,0.12053668025532308,-0.992708874098054,1057425.83,1056478.65,1093666.5125,19.0
18,2012-06-29,1097006.3,0,70.17,3.577,138.1962667,8.304,False,2012,26,6,1.2246467991473532e-16,-1.0,-3.216245299353273e-16,-1.0,1080357.89,1087051.26,1091644.3399999999,18.0
18,2012-07-06,1158247.31,0,76.08,3.538,138.2296333,8.535,False,2012,27,7,-0.4999999999999997,-0.8660254037844388,-0.12053668025532283,-0.992708874098054,1097006.3,1048802.62,1086317.49,17.0
18,2012-07-13,1024784.92,0,75.09,3.561,138.263,8.535,False,2012,28,7,-0.4999999999999997,-0.8660254037844388,-0.23931566428755743,-0.9709418174260521,1158247.31,974916.13,1098259.3325,16.0
18,2012-07-20,1033543.56,0,77.43,3.61,138.2331935,8.535,False,2012,29,7,-0.4999999999999997,-0.8660254037844388,-0.3546048870425356,-0.9350162426854148,1024784.92,991262.46,1090099.105,15.0
18,2012-07-27,924506.26,0,72.97,3.701,138.2033871,8.535,False,2012,30,7,-0.4999999999999997,-0.8660254037844388,-0.46472317204376806,-0.8854560256532101,1033543.56,954148.64,1078395.5225,14.0
18,2012-08-03,1052066.58,0,72.67,3.698,138.1735806,8.535,False,2012,31,8,-0.8660254037844384,-0.5000000000000004,-0.5680647467311556,-0.8229838658936565,924506.26,1002806.39,1035270.5125000001,13.0
18,2012-08-10,967304.07,0,75.7,3.772,138.1437742,8.535,False,2012,32,8,-0.8660254037844384,-0.5000000000000004,-0.663122658240795,-0.7485107481711013,1052066.58,928470.83,1008725.3300000001,12.0
18,2012-08-17,1048134.24,0,73.25,3.84,138.1857097,8.535,False,2012,33,8,-0.8660254037844384,-0.5000000000000004,-0.7485107481711011,-0.6631226582407952,967304.07,932679.79,994355.1174999999,11.0
18,2012-08-24,1145840.91,0,68.52,3.874,138.2814516,8.535,False,2012,34,8,-0.8660254037844384,-0.5000000000000004,-0.8229838658936564,-0.5680647467311559,1048134.24,1147906.46,998002.7875,10.0
18,2012-08-31,1117097.23,0,70.09,3.884,138.3771935,8.535,False,2012,35,8,-0.8660254037844384,-0.5000000000000004,-0.8854560256532096,-0.4647231720437691,1145840.91,540922.94,1053336.45,9.0
18,2012-09-07,1083521.24,1,71.85,3.921,138.4729355,8.535,False,2012,36,9,-1.0,-1.8369701987210297e-16,-0.9350162426854147,-0.3546048870425359,1117097.23,951549.61,1069594.1124999998,8.0
18,2012-09-14,960476.1,0,64.45,3.988,138.5673,8.535,False,2012,37,9,-1.0,-1.8369701987210297e-16,-0.970941817426052,-0.23931566428755774,1083521.24,845715.37,1098648.405,7.0
18,2012-09-21,971386.65,0,60.23,4.056,138.6534,8.535,False,2012,38,9,-1.0,-1.8369701987210297e-16,-0.992708874098054,-0.12053668025532357,960476.1,853073.17,1076733.8699999999,6.0
18,2012-09-28,1002856.2,0,58.24,4.018,138.7395,8.535,False,2012,39,9,-1.0,-1.8369701987210297e-16,-1.0,-1.8369701987210297e-16,971386.65,847348.08,1033120.3049999999,5.0
18,2012-10-05,1092204.79,0,59.68,4.027,138.8256,8.243,False,2012,40,10,-0.8660254037844386,0.5000000000000001,-0.992708874098054,0.1205366802553232,1002856.2,1019741.1,1004560.0475,4.0
18,2012-10-12,1074079.0,0,50.97,4.029,138.9117,8.243,False,2012,41,10,-0.8660254037844386,0.5000000000000001,-0.9709418174260521,0.23931566428755738,1092204.79,953533.95,1006730.935,3.0
18,2012-10-19,1048706.75,0,51.96,4.0,138.8336129,8.243,False,2012,42,10,-0.8660254037844386,0.5000000000000001,-0.9350162426854148,0.35460488704253557,1074079.0,1048212.62,1035131.66,2.0
18,2012-10-26,1127516.25,0,56.09,3.917,138.7281613,8.243,False,2012,43,10,-0.8660254037844386,0.5000000000000001,-0.8854560256532101,0.464723172043768,1048706.75,1106642.63,1054461.685,1.0
19,2011-02-04,1370562.11,0,21.02,3.4,133.1834194,7.771,False,2011,5,2,0.8660254037844386,0.5000000000000001,0.5680647467311558,0.8229838658936564,1284185.49,1507637.17,1225633.4625,91.0
19,2011-02-11,1430851.11,1,21.79,3.416,133.260871,7.771,False,2011,6,2,0.8660254037844386,0.5000000000000001,0.6631226582407952,0.7485107481711011,1370562.11,1536549.95,1262229.9925,90.0
19,2011-02-18,1457270.16,0,34.74,3.42,133.3701429,7.771,False,2011,7,2,0.8660254037844386,0.5000000000000001,0.7485107481711011,0.6631226582407953,1430851.11,1515976.11,1324641.6375000002,89.0
19,2011-02-25,1296658.47,0,23.24,3.452,133.4921429,7.771,False,2011,8,2,0.8660254037844386,0.5000000000000001,0.8229838658936564,0.5680647467311559,1457270.16,1373270.06,1385717.2175,88.0
19,2011-03-04,1433569.44,0,29.28,3.605,133.6141429,7.771,False,2011,9,3,1.0,6.123233995736766e-17,0.8854560256532099,0.4647231720437686,1296658.47,1495844.57,1388835.4625,87.0
19,2011-03-11,1351450.43,0,35.59,3.752,133.7361429,7.771,False,2011,10,3,1.0,6.123233995736766e-17,0.9350162426854148,0.35460488704253557,1433569.44,1467889.2,1404587.295,86.0
19,2011-03-18,1257972.37,0,40.32,3.796,133.8492258,7.771,False,2011,11,3,1.0,6.123233995736766e-17,0.970941817426052,0.23931566428755804,1351450.43,1332940.35,1384737.125,85.0
19,2011-03-25,1266564.94,0,33.26,3.789,133.9587419,7.771,False,2011,12,3,1.0,6.123233995736766e-17,0.992708874098054,0.120536680255323,1257972.37,1427023.45,1334912.6775,84.0
19,2011-04-01,1305950.22,0,30.68,3.811,134.0682581,7.658,False,2011,13,4,0.8660254037844387,-0.4999999999999998,1.0,-1.6081226496766364e-16,1266564.94,1642970.27,1327389.295,83.0
19,2011-04-08,1419911.91,0,41.26,3.895,134.1777742,7.658,False,2011,14,4,0.8660254037844387,-0.4999999999999998,0.992708874098054,-0.12053668025532288,1305950.22,1489613.32,1295484.49,82.0
19,2011-04-15,1392093.04,0,48.67,3.981,134.2784667,7.658,False,2011,15,4,0.8660254037844387,-0.4999999999999998,0.9709418174260521,-0.2393156642875575,1419911.91,1460354.67,1312599.86,81.0
19,2011-04-22,1514288.82,0,41.66,4.061,134.3571,7.658,False,2011,16,4,0.8660254037844387,-0.4999999999999998,0.9350162426854148,-0.35460488704253545,1392093.04,1456793.33,1346130.0275,80.0
19,2011-04-29,1297237.7,0,54.23,4.117,134.4357333,7.658,False,2011,17,4,0.8660254037844387,-0.4999999999999998,0.8854560256532099,-0.4647231720437685,1514288.82,1405065.57,1408060.9975,79.0
19,2011-05-06,1451953.95,0,50.43,4.192,134.5143667,7.658,False,2011,18,5,0.49999999999999994,-0.8660254037844387,0.8229838658936565,-0.5680647467311557,1297237.7,1566219.77,1405882.8675,78.0
19,2011-05-13,1429143.06,0,54.2,4.211,134.593,7.658,False,2011,19,5,0.49999999999999994,-0.8660254037844387,0.7485107481711013,-0.663122658240795,1451953.95,1437319.45,1413893.3775,77.0
19,2011-05-20,1355234.3,0,52.8,4.202,134.6803871,7.658,False,2011,20,5,0.49999999999999994,-0.8660254037844387,0.6631226582407952,-0.7485107481711012,1429143.06,1377716.17,1423155.8824999998,76.0
19,2011-05-27,1388553.11,0,63.2,4.134,134.7677742,7.658,False,2011,21,5,0.49999999999999994,-0.8660254037844387,0.5680647467311558,-0.8229838658936564,1355234.3,1648882.62,1383392.2525,75.0
19,2011-06-03,1457345.75,0,66.01,4.069,134.8551613,7.658,False,2011,22,6,1.2246467991473532e-16,-1.0,0.46472317204376906,-0.8854560256532096,1388553.11,1519013.49,1406221.105,74.0
19,2011-06-10,1467473.63,0,68.26,4.025,134.9425484,7.658,False,2011,23,6,1.2246467991473532e-16,-1.0,0.35460488704253584,-0.9350162426854147,1457345.75,1410683.94,1407569.0550000002,73.0
19,2011-06-17,1418973.62,0,64.02,3.989,135.0837333,7.658,False,2011,24,6,1.2246467991473532e-16,-1.0,0.23931566428755768,-0.970941817426052,1467473.63,1457314.39,1417151.6974999998,72.0
19,2011-06-24,1440785.7,0,68.4,3.964,135.2652667,7.658,False,2011,25,6,1.2246467991473532e-16,-1.0,0.12053668025532308,-0.992708874098054,1418973.62,1450407.32,1433086.5274999999,71.0
19,2011-07-01,1462731.93,0,67.64,3.916,135.4468,7.806,False,2011,26,7,-0.4999999999999997,-0.8660254037844388,-3.216245299353273e-16,-1.0,1440785.7,1549018.68,1446144.675,70.0
19,2011-07-08,1465489.75,0,73.2,3.886,135.6283333,7.806,False,2011,27,7,-0.4999999999999997,-0.8660254037844388,-0.12053668025532283,-0.992708874098054,1462731.93,1577541.24,1447491.2199999997,69.0
19,2011-07-15,1391580.41,0,73.7,3.915,135.7837419,7.806,False,2011,28,7,-0.4999999999999997,-0.8660254037844388,-0.23931566428755743,-0.9709418174260521,1465489.75,1412157.02,1446995.25,68.0
19,2011-07-22,1377119.45,0,79.37,3.972,135.8738387,7.806,False,2011,29,7,-0.4999999999999997,-0.8660254037844388,-0.3546048870425356,-0.9350162426854148,1391580.41,1372043.71,1440146.9474999998,67.0
19,2011-07-29,1298775.8,0,74.86,4.004,135.9639355,7.806,False,2011,30,7,-0.4999999999999997,-0.8660254037844388,-0.46472317204376806,-0.8854560256532101,1377119.45,1366395.96,1424230.385,66.0
19,2011-08-05,1408968.55,0,73.84,4.02,136.0540323,7.806,False,2011,31,8,-0.8660254037844384,-0.5000000000000004,-0.5680647467311556,-0.8229838658936565,1298775.8,1492060.89,1383241.3524999998,65.0
19,2011-08-12,1360969.45,0,70.92,3.995,136.144129,7.806,False,2011,32,8,-0.8660254037844384,-0.5000000000000004,-0.663122658240795,-0.7485107481711013,1408968.55,1418027.08,1369111.0525,64.0
19,2011-08-19,1391792.69,0,71.14,3.942,136.183129,7.806,False,2011,33,8,-0.8660254037844384,-0.5000000000000004,-0.7485107481711011,-0.6631226582407952,1360969.45,1419383.19,1361458.3125,63.0
19,2011-08-26,1547729.24,0,69.34,3.906,136.2136129,7.806,False,2011,34,8,-0.8660254037844384,-0.5000000000000004,-0.8229838658936564,-0.5680647467311559,1391792.69,1557888.16,1365126.6225,62.0
19,2011-09-02,1609951.02,0,69.27,3.879,136.2440968,7.806,False,2011,35,9,-1.0,-1.8369701987210297e-16,-0.8854560256532096,-0.4647231720437691,1547729.24,1623519.64,1427364.9825,61.0
19,2011-09-09,1566712.79,1,68.28,3.93,136.2745806,7.806,False,2011,36,9,-1.0,-1.8369701987210297e-16,-0.9350162426854147,-0.3546048870425359,1609951.02,1591453.39,1477610.5999999999,60.0
19,2011-09-16,1365633.53,0,62.76,3.937,136.3145,7.806,False,2011,37,9,-1.0,-1.8369701987210297e-16,-0.970941817426052,-0.23931566428755774,1566712.79,1386789.31,1529046.435,59.0
19,2011-09-23,1300375.76,0,61.32,3.899,136.367,7.806,False,2011,38,9,-1.0,-1.8369701987210297e-16,-0.992708874098054,-0.12053668025532357,1365633.53,1318343.58,1522506.645,58.0
19,2011-09-30,1330757.22,0,64.99,3.858,136.4195,7.806,False,2011,39,9,-1.0,-1.8369701987210297e-16,-1.0,-1.8369701987210297e-16,1300375.76,1379456.3,1460668.275,57.0
19,2011-10-07,1461718.87,0,53.1,3.775,136.472,7.866,False,2011,40,10,-0.8660254037844386,0.5000000000000001,-0.992708874098054,0.1205366802553232,1330757.22,1428960.72,1390869.825,56.0
19,2011-10-14,1318905.53,0,61.86,3.744,136.5150968,7.866,False,2011,41,10,-0.8660254037844386,0.5000000000000001,-0.9709418174260521,0.23931566428755738,1461718.87,1369317.63,1364621.345,55.0
19,2011-10-21,1374863.1,0,52.05,3.757,136.5017742,7.866,False,2011,42,10,-0.8660254037844386,0.5000000000000001,-0.9350162426854148,0.35460488704253557,1318905.53,1357154.71,1352939.345,54.0
19,2011-10-28,1396612.36,0,46.49,3.757,136.4884516,7.866,False,2011,43,10,-0.8660254037844386,0.5000000000000001,-0.8854560256532101,0.464723172043768,1374863.1,1404576.48,1371561.1800000002,53.0
19,2011-11-04,1480289.64,0,44.97,3.738,136.475129,7.866,False,2011,44,11,-0.5000000000000004,0.8660254037844384,-0.822983865893657,0.5680647467311548,1396612.36,1435379.25,1388024.965,52.0
19,2011-11-11,1502078.93,0,48.22,3.719,136.4618065,7.866,False,2011,45,11,-0.5000000000000004,0.8660254037844384,-0.7485107481711011,0.6631226582407952,1480289.64,1490235.86,1392667.6575000002,51.0
19,2011-11-18,1411835.57,0,48.21,3.717,136.4666667,7.866,False,2011,46,11,-0.5000000000000004,0.8660254037844384,-0.6631226582407955,0.7485107481711007,1502078.93,1377593.1,1438461.0075,50.0
19,2011-11-25,1974646.78,1,42.75,3.689,136.4788,7.866,True,2011,47,11,-0.5000000000000004,0.8660254037844384,-0.5680647467311559,0.8229838658936564,1411835.57,1993367.83,1447704.125,49.0
19,2011-12-02,1484708.38,0,45.67,3.666,136.4909333,7.866,False,2011,48,12,-2.4492935982947064e-16,1.0,-0.4647231720437684,0.88545602565321,1974646.78,1615987.96,1592212.73,48.0
19,2011-12-09,1713769.06,0,40.18,3.627,136.5030667,7.866,True,2011,49,12,-2.4492935982947064e-16,1.0,-0.35460488704253595,0.9350162426854147,1484708.38,1799070.98,1593317.4149999998,47.0
19,2011-12-16,1852179.15,0,37.07,3.611,136.5335161,7.866,True,2011,50,12,-2.4492935982947064e-16,1.0,-0.2393156642875578,0.970941817426052,1713769.06,1911967.44,1646239.9475,46.0
19,2011-12-23,2480159.47,0,36.09,3.587,136.5883871,7.866,True,2011,51,12,-2.4492935982947064e-16,1.0,-0.12053668025532363,0.992708874098054,1852179.15,2678206.42,1756325.8425,45.0
19,2011-12-30,1405168.06,1,31.65,3.566,136.6432581,7.866,False,2011,52,12,-2.4492935982947064e-16,1.0,6.432490598706546e-16,1.0,2480159.47,1275146.94,1882704.0150000001,44.0
19,2012-01-06,1266570.4,0,31.84,3.585,136.698129,7.943,False,2012,1,1,0.49999999999999994,0.8660254037844387,0.12053668025532305,0.992708874098054,1405168.06,1224175.99,1862818.935,43.0
19,2012-01-13,1182198.7,0,37.08,3.666,136.753,7.943,False,2012,2,1,0.49999999999999994,0.8660254037844387,0.23931566428755774,0.970941817426052,1266570.4,1181204.53,1751019.27,42.0
19,2012-01-20,1237104.73,0,23.44,3.705,136.8564194,7.943,False,2012,3,1,0.49999999999999994,0.8660254037844387,0.3546048870425356,0.9350162426854148,1182198.7,1212967.84,1583524.1575000002,41.0
19,2012-01-27,1279623.26,0,32.41,3.737,136.9598387,7.943,False,2012,4,1,0.49999999999999994,0.8660254037844387,0.4647231720437685,0.8854560256532099,1237104.73,1284185.49,1272760.4725,40.0
19,2012-02-03,1345311.65,0,36.22,3.796,137.0632581,7.943,False,2012,5,2,0.8660254037844386,0.5000000000000001,0.5680647467311558,0.8229838658936564,1279623.26,1370562.11,1241374.2725,39.0
19,2012-02-10,1499496.67,1,32.61,3.826,137.1666774,7.943,False,2012,6,2,0.8660254037844386,0.5000000000000001,0.6631226582407952,0.7485107481711011,1345311.65,1430851.11,1261059.585,38.0
19,2012-02-17,1424720.27,0,30.95,3.874,137.2583103,7.943,False,2012,7,2,0.8660254037844386,0.5000000000000001,0.7485107481711011,0.6631226582407953,1499496.67,1457270.16,1340384.0775,37.0
19,2012-02-24,1352470.09,0,33.91,3.917,137.3411034,7.943,False,2012,8,2,0.8660254037844386,0.5000000000000001,0.8229838658936564,0.5680647467311559,1424720.27,1296658.47,1387287.9625,36.0
19,2012-03-02,1308977.05,0,34.83,3.983,137.4238966,7.943,False,2012,9,3,1.0,6.123233995736766e-17,0.8854560256532099,0.4647231720437686,1352470.09,1433569.44,1405499.6700000002,35.0
19,2012-03-09,1358816.46,0,38.15,4.021,137.5066897,7.943,False,2012,10,3,1.0,6.123233995736766e-17,0.9350162426854148,0.35460488704253557,1308977.05,1351450.43,1396416.02,34.0
19,2012-03-16,1312849.1,0,48.2,4.021,137.5843871,7.943,False,2012,11,3,1.0,6.123233995736766e-17,0.970941817426052,0.23931566428755804,1358816.46,1257972.37,1361245.9675,33.0
19,2012-03-23,1342254.55,0,56.72,4.054,137.6552903,7.943,False,2012,12,3,1.0,6.123233995736766e-17,0.992708874098054,0.120536680255323,1312849.1,1266564.94,1333278.175,32.0
19,2012-03-30,1327139.35,0,43.47,4.098,137.7261935,7.943,False,2012,13,3,1.0,6.123233995736766e-17,1.0,-1.6081226496766364e-16,1342254.55,1305950.22,1330724.29,31.0
19,2012-04-06,1631737.68,0,40.23,4.143,137.7970968,8.15,False,2012,14,4,0.8660254037844387,-0.4999999999999998,0.992708874098054,-0.12053668025532288,1327139.35,1419911.91,1335264.865,30.0
19,2012-04-13,1365098.46,0,44.42,4.187,137.868,8.15,False,2012,15,4,0.8660254037844387,-0.4999999999999998,0.9709418174260521,-0.2393156642875575,1631737.68,1392093.04,1403495.17,29.0
19,2012-04-20,1255087.26,0,55.2,4.17,137.9230667,8.15,False,2012,16,4,0.8660254037844387,-0.4999999999999998,0.9350162426854148,-0.35460488704253545,1365098.46,1514288.82,1416557.5100000002,28.0
19,2012-04-27,1285897.24,0,42.45,4.163,137.9781333,8.15,False,2012,17,4,0.8660254037844387,-0.4999999999999998,0.8854560256532099,-0.4647231720437685,1255087.26,1297237.7,1394765.6875,27.0
19,2012-05-04,1405007.44,0,50.76,4.124,138.0332,8.15,False,2012,18,5,0.49999999999999994,-0.8660254037844387,0.8229838658936565,-0.5680647467311557,1285897.24,1451953.95,1384455.1600000001,26.0
19,2012-05-11,1442873.22,0,55.33,4.055,138.0882667,8.15,False,2012,19,5,0.49999999999999994,-0.8660254037844387,0.7485107481711013,-0.663122658240795,1405007.44,1429143.06,1327772.6,25.0
19,2012-05-18,1366937.1,0,58.81,4.029,138.1065806,8.15,False,2012,20,5,0.49999999999999994,-0.8660254037844387,0.6631226582407952,-0.7485107481711012,1442873.22,1355234.3,1347216.29,24.0
19,2012-05-25,1485540.28,0,67.79,3.979,138.1101935,8.15,False,2012,21,5,0.49999999999999994,-0.8660254037844387,0.5680647467311558,-0.8229838658936564,1366937.1,1388553.11,1375178.75,23.0
19,2012-06-01,1450733.29,0,68.18,3.915,138.1138065,8.15,False,2012,22,6,1.2246467991473532e-16,-1.0,0.46472317204376906,-0.8854560256532096,1485540.28,1457345.75,1425089.51,22.0
19,2012-06-08,1390122.11,0,60.19,3.871,138.1174194,8.15,False,2012,23,6,1.2246467991473532e-16,-1.0,0.35460488704253584,-0.9350162426854147,1450733.29,1467473.63,1436520.9725,21.0
19,2012-06-15,1440263.15,0,68.19,3.786,138.1295333,8.15,False,2012,24,6,1.2246467991473532e-16,-1.0,0.23931566428755768,-0.970941817426052,1390122.11,1418973.62,1423333.195,20.0
19,2012-06-22,1468350.36,0,75.83,3.722,138.1629,8.15,False,2012,25,6,1.2246467991473532e-16,-1.0,0.12053668025532308,-0.992708874098054,1440263.15,1440785.7,1441664.7075,19.0
19,2012-06-29,1379652.65,0,69.92,3.667,138.1962667,8.15,False,2012,26,6,1.2246467991473532e-16,-1.0,-3.216245299353273e-16,-1.0,1468350.36,1462731.93,1437367.2275,18.0
19,2012-07-06,1557120.44,0,76.07,3.646,138.2296333,8.193,False,2012,27,7,-0.4999999999999997,-0.8660254037844388,-0.12053668025532283,-0.992708874098054,1379652.65,1465489.75,1419597.0675,17.0
19,2012-07-13,1321741.35,0,73.17,3.689,138.263,8.193,False,2012,28,7,-0.4999999999999997,-0.8660254037844388,-0.23931566428755743,-0.9709418174260521,1557120.44,1391580.41,1461346.65,16.0
19,2012-07-20,1317672.92,0,76.17,3.732,138.2331935,8.193,False,2012,29,7,-0.4999999999999997,-0.8660254037844388,-0.3546048870425356,-0.9350162426854148,1321741.35,1377119.45,1431716.2000000002,15.0
19,2012-07-27,1248915.43,0,74.43,3.82,138.2033871,8.193,False,2012,30,7,-0.4999999999999997,-0.8660254037844388,-0.46472317204376806,-0.8854560256532101,1317672.92,1298775.8,1394046.8399999999,14.0
19,2012-08-03,1342123.78,0,73.41,3.819,138.1735806,8.193,False,2012,31,8,-0.8660254037844384,-0.5000000000000004,-0.5680647467311556,-0.8229838658936565,1248915.43,1408968.55,1361362.535,13.0
19,2012-08-10,1408907.89,0,74.45,3.863,138.1437742,8.193,False,2012,32,8,-0.8660254037844384,-0.5000000000000004,-0.663122658240795,-0.7485107481711013,1342123.78,1360969.45,1307613.37,12.0
19,2012-08-17,1375101.26,0,69.83,3.963,138.1857097,8.193,False,2012,33,8,-0.8660254037844384,-0.5000000000000004,-0.7485107481711011,-0.6631226582407952,1408907.89,1391792.69,1329405.005,11.0
19,2012-08-24,1544653.37,0,66.66,3.997,138.2814516,8.193,False,2012,34,8,-0.8660254037844384,-0.5000000000000004,-0.8229838658936564,-0.5680647467311559,1375101.26,1547729.24,1343762.0899999999,10.0
19,2012-08-31,1542719.87,0,71.85,4.026,138.3771935,8.193,False,2012,35,8,-0.8660254037844384,-0.5000000000000004,-0.8854560256532096,-0.4647231720437691,1544653.37,1609951.02,1417696.5750000002,9.0
19,2012-09-07,1497073.82,1,72.2,4.076,138.4729355,8.193,False,2012,36,9,-1.0,-1.8369701987210297e-16,-0.9350162426854147,-0.3546048870425359,1542719.87,1566712.79,1467845.5975000001,8.0
19,2012-09-14,1370653.41,0,65.08,4.088,138.5673,8.193,False,2012,37,9,-1.0,-1.8369701987210297e-16,-0.970941817426052,-0.23931566428755774,1497073.82,1365633.53,1489887.08,7.0
19,2012-09-21,1338572.29,0,60.62,4.203,138.6534,8.193,False,2012,38,9,-1.0,-1.8369701987210297e-16,-0.992708874098054,-0.12053668025532357,1370653.41,1300375.76,1488775.1175000002,6.0
19,2012-09-28,1338299.02,0,56.81,4.158,138.7395,8.193,False,2012,39,9,-1.0,-1.8369701987210297e-16,-1.0,-1.8369701987210297e-16,1338572.29,1330757.22,1437254.8475,5.0
19,2012-10-05,1408016.1,0,59.86,4.151,138.8256,7.992,False,2012,40,10,-0.8660254037844386,0.5000000000000001,-0.992708874098054,0.1205366802553232,1338299.02,1461718.87,1386149.6349999998,4.0
19,2012-10-12,1352809.5,0,48.29,4.186,138.9117,7.992,False,2012,41,10,-0.8660254037844386,0.5000000000000001,-0.9709418174260521,0.23931566428755738,1408016.1,1318905.53,1363885.205,3.0
19,2012-10-19,1321102.35,0,53.44,4.153,138.8336129,7.992,False,2012,42,10,-0.8660254037844386,0.5000000000000001,-0.9350162426854148,0.35460488704253557,1352809.5,1374863.1,1359424.2275,2.0
19,2012-10-26,1322117.96,0,56.49,4.071,138.7281613,7.992,False,2012,43,10,-0.8660254037844386,0.5000000000000001,-0.8854560256532101,0.464723172043768,1321102.35,1396612.36,1355056.7425000002,1.0
20,2011-02-04,2351143.07,0,28.58,3.231,205.7329407,7.343,False,2011,5,2,0.8660254037844386,0.5000000000000001,0.5680647467311558,0.8229838658936564,1761506.68,2401395.47,1817672.0749999997,91.0
20,2011-02-11,2211388.14,1,25.38,3.239,206.0763862,7.343,False,2011,6,2,0.8660254037844386,0.5000000000000001,0.6631226582407952,0.7485107481711011,2351143.07,2109107.9,1944700.105,90.0
20,2011-02-18,2258616.24,0,42.95,3.245,206.3694701,7.343,False,2011,7,2,0.8660254037844386,0.5000000000000001,0.7485107481711011,0.6631226582407953,2211388.14,2161549.76,2026460.8875000002,89.0
20,2011-02-25,1938608.52,0,33.2,3.274,206.6424093,7.343,False,2011,8,2,0.8660254037844386,0.5000000000000001,0.8229838658936564,0.5680647467311559,2258616.24,1898193.95,2145663.5325,88.0
20,2011-03-04,2143424.61,0,37.33,3.433,206.9153485,7.343,False,2011,9,3,1.0,6.123233995736766e-17,0.8854560256532099,0.4647231720437686,1938608.52,2119213.72,2189938.9925,87.0
20,2011-03-11,1990932.77,0,39.53,3.582,207.1882876,7.343,False,2011,10,3,1.0,6.123233995736766e-17,0.9350162426854148,0.35460488704253557,2143424.61,2010974.84,2138009.3775,86.0
20,2011-03-18,1931668.64,0,44.8,3.631,207.4283845,7.343,False,2011,11,3,1.0,6.123233995736766e-17,0.970941817426052,0.23931566428755804,1990932.77,1951848.43,2082895.535,85.0
20,2011-03-25,1824711.21,0,44.83,3.625,207.6553444,7.343,False,2011,12,3,1.0,6.123233995736766e-17,0.992708874098054,0.120536680255323,1931668.64,1894742.95,2001158.635,84.0
20,2011-04-01,1927993.09,0,32.43,3.638,207.8823043,7.287,False,2011,13,4,0.8660254037844387,-0.4999999999999998,1.0,-1.6081226496766364e-16,1824711.21,2405395.22,1972684.3074999999,83.0
20,2011-04-08,2027056.39,0,47.09,3.72,208.1092642,7.287,False,2011,14,4,0.8660254037844387,-0.4999999999999998,0.992708874098054,-0.12053668025532288,1927993.09,2007796.26,1918826.4274999998,82.0
20,2011-04-15,2057406.33,0,55.0,3.821,208.3172811,7.287,False,2011,15,4,0.8660254037844387,-0.4999999999999998,0.9709418174260521,-0.2393156642875575,2027056.39,1985784.59,1927857.3325,81.0
20,2011-04-22,2313861.81,0,52.56,3.892,208.4779405,7.287,False,2011,16,4,0.8660254037844387,-0.4999999999999998,0.9350162426854148,-0.35460488704253545,2057406.33,1878862.42,1959291.7550000001,80.0
20,2011-04-29,1881788.19,0,62.97,3.962,208.6386,7.287,False,2011,17,4,0.8660254037844387,-0.4999999999999998,0.8854560256532099,-0.4647231720437685,2313861.81,1919053.21,2081579.405,79.0
20,2011-05-06,2090838.44,0,53.41,4.046,208.7992595,7.287,False,2011,18,5,0.49999999999999994,-0.8660254037844387,0.8229838658936565,-0.5680647467311557,1881788.19,2137202.38,2070028.1799999997,78.0
20,2011-05-13,2036748.53,0,62.26,4.066,208.9599189,7.287,False,2011,19,5,0.49999999999999994,-0.8660254037844387,0.7485107481711013,-0.663122658240795,2090838.44,2033211.62,2085973.6925,77.0
20,2011-05-20,1953416.06,0,59.01,4.062,208.7583165,7.287,False,2011,20,5,0.49999999999999994,-0.8660254037844387,0.6631226582407952,-0.7485107481711012,2036748.53,1893736.9,2080809.2425,76.0
20,2011-05-27,1944433.17,0,69.12,3.985,208.556714,7.287,False,2011,21,5,0.49999999999999994,-0.8660254037844387,0.5680647467311558,-0.8229838658936564,1953416.06,2065984.95,1990697.805,75.0
20,2011-06-03,2182246.69,0,73.51,3.922,208.3551116,7.287,False,2011,22,6,1.2246467991473532e-16,-1.0,0.46472317204376906,-0.8854560256532096,1944433.17,2203619.35,2006359.0499999998,74.0
20,2011-06-10,2135062.04,0,73.64,3.881,208.1535092,7.287,False,2011,23,6,1.2246467991473532e-16,-1.0,0.35460488704253584,-0.9350162426854147,2182246.69,2100489.79,2029211.1125,73.0
20,2011-06-17,2065191.27,0,66.41,3.842,208.1265604,7.287,False,2011,24,6,1.2246467991473532e-16,-1.0,0.23931566428755768,-0.970941817426052,2135062.04,2091903.63,2053789.49,72.0
20,2011-06-24,1950826.32,0,72.4,3.804,208.2306018,7.287,False,2011,25,6,1.2246467991473532e-16,-1.0,0.12053668025532308,-0.992708874098054,2065191.27,1973135.87,2081733.2925,71.0
20,2011-07-01,2053165.41,0,69.66,3.748,208.3346432,7.274,False,2011,26,7,-0.4999999999999997,-0.8660254037844388,-3.216245299353273e-16,-1.0,1950826.32,2143676.77,2083331.58,70.0
20,2011-07-08,2123787.79,0,74.69,3.711,208.4386847,7.274,False,2011,27,7,-0.4999999999999997,-0.8660254037844388,-0.12053668025532283,-0.992708874098054,2053165.41,2107285.85,2051061.26,69.0
20,2011-07-15,2039875.75,0,74.88,3.76,208.5309337,7.274,False,2011,28,7,-0.4999999999999997,-0.8660254037844388,-0.23931566428755743,-0.9709418174260521,2123787.79,2031852.16,2048242.6975,68.0
20,2011-07-22,1950904.84,0,78.89,3.811,208.5937018,7.274,False,2011,29,7,-0.4999999999999997,-0.8660254037844388,-0.3546048870425356,-0.9350162426854148,2039875.75,1900535.9,2041913.8175,67.0
20,2011-07-29,1858440.92,0,77.47,3.829,208.6564699,7.274,False,2011,30,7,-0.4999999999999997,-0.8660254037844388,-0.46472317204376806,-0.8854560256532101,1950904.84,1955896.59,2041933.4475,66.0
20,2011-08-05,2189353.63,0,77.8,3.842,208.719238,7.274,False,2011,31,8,-0.8660254037844384,-0.5000000000000004,-0.5680647467311556,-0.8229838658936565,1858440.92,1910177.38,1993252.325,65.0
20,2011-08-12,2052246.4,0,73.52,3.812,208.7820061,7.274,False,2011,32,8,-0.8660254037844384,-0.5000000000000004,-0.663122658240795,-0.7485107481711013,2189353.63,2071022.45,2009643.785,64.0
20,2011-08-19,1990017.93,0,71.25,3.747,208.8424359,7.274,False,2011,33,8,-0.8660254037844384,-0.5000000000000004,-0.7485107481711011,-0.6631226582407952,2052246.4,1975374.56,2012736.4474999998,63.0
20,2011-08-26,1933577.2,0,70.15,3.704,208.902476,7.274,False,2011,34,8,-0.8660254037844384,-0.5000000000000004,-0.8229838658936564,-0.5680647467311559,1990017.93,1946369.57,2022514.72,62.0
20,2011-09-02,2141765.98,0,70.82,3.703,208.9625161,7.274,False,2011,35,9,-1.0,-1.8369701987210297e-16,-0.8854560256532096,-0.4647231720437691,1933577.2,2121561.41,2041298.79,61.0
20,2011-09-09,2050542.56,1,68.74,3.738,209.0225562,7.274,False,2011,36,9,-1.0,-1.8369701987210297e-16,-0.9350162426854147,-0.3546048870425359,2141765.98,2014954.79,2029401.8775,60.0
20,2011-09-16,1979009.46,0,64.02,3.742,209.1893892,7.274,False,2011,37,9,-1.0,-1.8369701987210297e-16,-0.970941817426052,-0.23931566428755774,2050542.56,1948359.78,2028975.9175,59.0
20,2011-09-23,1888119.7,0,62.15,3.711,209.4986126,7.274,False,2011,38,9,-1.0,-1.8369701987210297e-16,-0.992708874098054,-0.12053668025532357,1979009.46,1789687.65,2026223.7999999998,58.0
20,2011-09-30,1945808.26,0,63.44,3.645,209.807836,7.274,False,2011,39,9,-1.0,-1.8369701987210297e-16,-1.0,-1.8369701987210297e-16,1888119.7,1933719.21,2014859.425,57.0
20,2011-10-07,2135982.79,0,52.42,3.583,210.1170595,7.082,False,2011,40,10,-0.8660254037844386,0.5000000000000001,-0.992708874098054,0.1205366802553232,1945808.26,2060389.27,1965869.995,56.0
20,2011-10-14,2010107.68,0,62.54,3.541,210.4027602,7.082,False,2011,41,10,-0.8660254037844386,0.5000000000000001,-0.9709418174260521,0.23931566428755738,2135982.79,1950676.39,1987230.0524999998,55.0
20,2011-10-21,2104241.9,0,53.69,3.57,210.5473252,7.082,False,2011,42,10,-0.8660254037844386,0.5000000000000001,-0.9350162426854148,0.35460488704253557,2010107.68,1893955.27,1995004.6075000002,54.0
20,2011-10-28,2065421.52,0,49.36,3.569,210.6918901,7.082,False,2011,43,10,-0.8660254037844386,0.5000000000000001,-0.8854560256532101,0.464723172043768,2104241.9,1891816.0,2049035.1575,53.0
20,2011-11-04,2284106.6,0,43.88,3.551,210.8364551,7.082,False,2011,44,11,-0.5000000000000004,0.8660254037844384,-0.822983865893657,0.5680647467311548,2065421.52,2184316.64,2078938.4724999997,52.0
20,2011-11-11,2269975.85,0,47.27,3.53,210.9810201,7.082,False,2011,45,11,-0.5000000000000004,0.8660254037844384,-0.7485107481711011,0.6631226582407952,2284106.6,2187765.28,2115969.425,51.0
20,2011-11-18,2169933.82,0,49.3,3.53,211.1847207,7.082,False,2011,46,11,-0.5000000000000004,0.8660254037844384,-0.6631226582407955,0.7485107481711007,2269975.85,2105058.91,2180936.4675,50.0
20,2011-11-25,2906233.25,1,46.38,3.492,211.4120757,7.082,True,2011,47,11,-0.5000000000000004,0.8660254037844384,-0.5680647467311559,0.8229838658936564,2169933.82,2811634.04,2197359.4475,49.0
20,2011-12-02,2298776.83,0,46.32,3.452,211.6394306,7.082,False,2011,48,12,-2.4492935982947064e-16,1.0,-0.4647231720437684,0.88545602565321,2906233.25,2416051.17,2407562.38,48.0
20,2011-12-09,2546123.78,0,41.64,3.415,211.8667856,7.082,True,2011,49,12,-2.4492935982947064e-16,1.0,-0.35460488704253595,0.9350162426854147,2298776.83,2752122.08,2411229.9375,47.0
20,2011-12-16,2762816.65,0,37.16,3.413,212.0685039,7.082,True,2011,50,12,-2.4492935982947064e-16,1.0,-0.2393156642875578,0.970941817426052,2546123.78,2819193.17,2480266.92,46.0
20,2011-12-23,3555371.03,0,40.19,3.389,212.2360401,7.082,True,2011,51,12,-2.4492935982947064e-16,1.0,-0.12053668025532363,0.992708874098054,2762816.65,3766687.43,2628487.6275,45.0
20,2011-12-30,2043245.0,1,36.35,3.389,212.4035763,7.082,False,2011,52,12,-2.4492935982947064e-16,1.0,6.432490598706546e-16,1.0,3555371.03,1799737.79,2790772.0725,44.0
20,2012-01-06,1964701.94,0,33.42,3.422,212.5711125,6.961,False,2012,1,1,0.49999999999999994,0.8660254037844387,0.12053668025532305,0.992708874098054,2043245.0,1843030.95,2726889.1149999998,43.0
20,2012-01-13,1911510.64,0,37.79,3.513,212.7386486,6.961,False,2012,2,1,0.49999999999999994,0.8660254037844387,0.23931566428755774,0.970941817426052,1964701.94,1884345.01,2581533.6550000003,42.0
20,2012-01-20,1892775.94,0,27.65,3.533,212.8336399,6.961,False,2012,3,1,0.49999999999999994,0.8660254037844387,0.3546048870425356,0.9350162426854148,1911510.64,1781805.66,2368707.1525,41.0
20,2012-01-27,1761016.51,0,37.19,3.567,212.9286312,6.961,False,2012,4,1,0.49999999999999994,0.8660254037844387,0.4647231720437685,0.8854560256532099,1892775.94,1761506.68,1953058.3800000001,40.0
20,2012-02-03,2203523.2,0,39.93,3.617,213.0236225,6.961,False,2012,5,2,0.8660254037844386,0.5000000000000001,0.5680647467311558,0.8229838658936564,1761016.51,2351143.07,1882501.2574999998,39.0
20,2012-02-10,2462978.28,1,33.47,3.64,213.1186138,6.961,True,2012,6,2,0.8660254037844386,0.5000000000000001,0.6631226582407952,0.7485107481711011,2203523.2,2211388.14,1942206.5725,38.0
20,2012-02-17,2309025.16,0,31.11,3.695,213.2732106,6.961,False,2012,7,2,0.8660254037844386,0.5000000000000001,0.7485107481711011,0.6631226582407953,2462978.28,2258616.24,2080073.4825,37.0
20,2012-02-24,2045837.55,0,39.79,3.739,213.4725116,6.961,False,2012,8,2,0.8660254037844386,0.5000000000000001,0.8229838658936564,0.5680647467311559,2309025.16,1938608.52,2184135.7875,36.0
20,2012-03-02,2148822.76,0,39.98,3.816,213.6718127,6.961,False,2012,9,3,1.0,6.123233995736766e-17,0.8854560256532099,0.4647231720437686,2045837.55,2143424.61,2255341.0475,35.0
20,2012-03-09,2139265.4,0,41.14,3.848,213.8711137,6.961,False,2012,10,3,1.0,6.123233995736766e-17,0.9350162426854148,0.35460488704253557,2148822.76,1990932.77,2241665.9375,34.0
20,2012-03-16,2064991.71,0,53.73,3.862,214.0167132,6.961,False,2012,11,3,1.0,6.123233995736766e-17,0.970941817426052,0.23931566428755804,2139265.4,1931668.64,2160737.7175000003,33.0
20,2012-03-23,1992436.96,0,66.11,3.9,214.0907105,6.961,False,2012,12,3,1.0,6.123233995736766e-17,0.992708874098054,0.120536680255323,2064991.71,1824711.21,2099729.355,32.0
20,2012-03-30,2074721.74,0,51.52,3.953,214.1647079,6.961,False,2012,13,3,1.0,6.123233995736766e-17,1.0,-1.6081226496766364e-16,1992436.96,1927993.09,2086379.2075,31.0
20,2012-04-06,2565259.92,0,50.06,3.996,214.2387053,7.139,True,2012,14,4,0.8660254037844387,-0.4999999999999998,0.992708874098054,-0.12053668025532288,2074721.74,2027056.39,2067853.9525,30.0
20,2012-04-13,2045396.06,0,45.68,4.044,214.3127027,7.139,False,2012,15,4,0.8660254037844387,-0.4999999999999998,0.9709418174260521,-0.2393156642875575,2565259.92,2057406.33,2174352.5825,29.0
20,2012-04-20,1884427.84,0,60.11,4.027,214.3675045,7.139,False,2012,16,4,0.8660254037844387,-0.4999999999999998,0.9350162426854148,-0.35460488704253545,2045396.06,2313861.81,2169453.67,28.0
20,2012-04-27,1886503.93,0,47.64,4.004,214.4223063,7.139,False,2012,17,4,0.8660254037844387,-0.4999999999999998,0.8854560256532099,-0.4647231720437685,1884427.84,1881788.19,2142451.39,27.0
20,2012-05-04,2163510.89,0,62.74,3.951,214.4771081,7.139,False,2012,18,5,0.49999999999999994,-0.8660254037844387,0.8229838658936565,-0.5680647467311557,1886503.93,2090838.44,2095396.9375,26.0
20,2012-05-11,2168097.11,0,63.19,3.889,214.5319099,7.139,False,2012,19,5,0.49999999999999994,-0.8660254037844387,0.7485107481711013,-0.663122658240795,2163510.89,2036748.53,1994959.6800000002,25.0
20,2012-05-18,2039222.26,0,60.99,3.848,214.5485571,7.139,False,2012,20,5,0.49999999999999994,-0.8660254037844387,0.6631226582407952,-0.7485107481711012,2168097.11,1953416.06,2025634.9425,24.0
20,2012-05-25,2114989.0,0,70.04,3.798,214.5499425,7.139,False,2012,21,5,0.49999999999999994,-0.8660254037844387,0.5680647467311558,-0.8229838658936564,2039222.26,1944433.17,2064333.5474999999,23.0
20,2012-06-01,2143126.59,0,73.67,3.742,214.5513278,7.139,False,2012,22,6,1.2246467991473532e-16,-1.0,0.46472317204376906,-0.8854560256532096,2114989.0,2182246.69,2121454.815,22.0
20,2012-06-08,2231962.13,0,62.01,3.689,214.5527132,7.139,False,2012,23,6,1.2246467991473532e-16,-1.0,0.35460488704253584,-0.9350162426854147,2143126.59,2135062.04,2116358.7399999998,21.0
20,2012-06-15,2165160.29,0,71.51,3.62,214.5653243,7.139,False,2012,24,6,1.2246467991473532e-16,-1.0,0.23931566428755768,-0.970941817426052,2231962.13,2065191.27,2132324.995,20.0
20,2012-06-22,2060588.69,0,76.51,3.564,214.606,7.139,False,2012,25,6,1.2246467991473532e-16,-1.0,0.12053668025532308,-0.992708874098054,2165160.29,1950826.32,2163809.5025,19.0
20,2012-06-29,2055952.61,0,74.15,3.506,214.6466757,7.139,False,2012,26,6,1.2246467991473532e-16,-1.0,-3.216245299353273e-16,-1.0,2060588.69,2053165.41,2150209.425,18.0
20,2012-07-06,2358055.3,0,79.2,3.475,214.6873514,7.28,False,2012,27,7,-0.4999999999999997,-0.8660254037844388,-0.12053668025532283,-0.992708874098054,2055952.61,2123787.79,2128415.93,17.0
20,2012-07-13,2134680.12,0,78.27,3.523,214.728027,7.28,False,2012,28,7,-0.4999999999999997,-0.8660254037844388,-0.23931566428755743,-0.9709418174260521,2358055.3,2039875.75,2159939.2225,16.0
20,2012-07-20,1970170.29,0,76.04,3.567,214.7331351,7.28,False,2012,29,7,-0.4999999999999997,-0.8660254037844388,-0.3546048870425356,-0.9350162426854148,2134680.12,1950904.84,2152319.1799999997,15.0
20,2012-07-27,1911559.1,0,74.6,3.647,214.7382432,7.28,False,2012,30,7,-0.4999999999999997,-0.8660254037844388,-0.46472317204376806,-0.8854560256532101,1970170.29,1858440.92,2129714.58,14.0
20,2012-08-03,2094515.71,0,74.73,3.654,214.7433514,7.28,False,2012,31,8,-0.8660254037844384,-0.5000000000000004,-0.5680647467311556,-0.8229838658936565,1911559.1,2189353.63,2093616.2025000001,13.0
20,2012-08-10,2144245.39,0,75.4,3.722,214.7484595,7.28,False,2012,32,8,-0.8660254037844384,-0.5000000000000004,-0.663122658240795,-0.7485107481711013,2094515.71,2052246.4,2027731.3050000002,12.0
20,2012-08-17,2045061.22,0,69.57,3.807,214.825578,7.28,False,2012,33,8,-0.8660254037844384,-0.5000000000000004,-0.7485107481711011,-0.6631226582407952,2144245.39,1990017.93,2030122.6225,11.0
20,2012-08-24,2005341.43,0,68.27,3.834,214.9567044,7.28,False,2012,34,8,-0.8660254037844384,-0.5000000000000004,-0.8229838658936564,-0.5680647467311559,2045061.22,1933577.2,2048845.355,10.0
20,2012-08-31,2062481.56,0,72.66,3.867,215.0878309,7.28,False,2012,35,8,-0.8660254037844384,-0.5000000000000004,-0.8854560256532096,-0.4647231720437691,2005341.43,2141765.98,2072290.9375,9.0
20,2012-09-07,2080529.06,1,76.36,3.911,215.2189573,7.28,False,2012,36,9,-1.0,-1.8369701987210297e-16,-0.9350162426854147,-0.3546048870425359,2062481.56,2050542.56,2064282.4,8.0
20,2012-09-14,2047949.98,0,64.84,3.948,215.3583757,7.28,False,2012,37,9,-1.0,-1.8369701987210297e-16,-0.970941817426052,-0.23931566428755774,2080529.06,1979009.46,2048353.3175,7.0
20,2012-09-21,2028587.24,0,60.94,4.038,215.5475459,7.28,False,2012,38,9,-1.0,-1.8369701987210297e-16,-0.992708874098054,-0.12053668025532357,2047949.98,1888119.7,2049075.5075,6.0
20,2012-09-28,2008350.58,0,58.65,3.997,215.7367162,7.28,False,2012,39,9,-1.0,-1.8369701987210297e-16,-1.0,-1.8369701987210297e-16,2028587.24,1945808.26,2054886.96,5.0
20,2012-10-05,2246411.89,0,60.77,3.985,215.9258865,7.293,False,2012,40,10,-0.8660254037844386,0.5000000000000001,-0.992708874098054,0.1205366802553232,2008350.58,2135982.79,2041354.215,4.0
20,2012-10-12,2162951.36,0,47.2,4.0,216.1150568,7.293,False,2012,41,10,-0.8660254037844386,0.5000000000000001,-0.9709418174260521,0.23931566428755738,2246411.89,2010107.68,2082824.9225,3.0
20,2012-10-19,1999363.49,0,56.26,3.969,216.1464699,7.293,False,2012,42,10,-0.8660254037844386,0.5000000000000001,-0.9350162426854148,0.35460488704253557,2162951.36,2104241.9,2111575.2675,2.0
20,2012-10-26,2031650.55,0,60.04,3.882,216.1515902,7.293,False,2012,43,10,-0.8660254037844386,0.5000000000000001,-0.8854560256532101,0.464723172043768,1999363.49,2065421.52,2104269.33,1.0
21,2011-02-04,596218.24,0,36.33,2.989,212.2240646,8.028,False,2011,5,2,0.8660254037844386,0.5000000000000001,0.5680647467311558,0.8229838658936564,649878.29,798593.88,648440.3025,91.0
21,2011-02-11,771908.51,1,34.61,3.022,212.5928624,8.028,False,2011,6,2,0.8660254037844386,0.5000000000000001,0.6631226582407952,0.7485107481711011,596218.24,809321.44,640206.8475,90.0
21,2011-02-18,884701.92,0,59.87,3.045,212.9033115,8.028,False,2011,7,2,0.8660254037844386,0.5000000000000001,0.7485107481711011,0.6631226582407953,771908.51,867283.25,670486.6925,89.0
21,2011-02-25,768313.85,0,61.27,3.065,213.190421,8.028,False,2011,8,2,0.8660254037844386,0.5000000000000001,0.8229838658936564,0.5680647467311559,884701.92,749597.24,725676.74,88.0
21,2011-03-04,796277.72,0,59.52,3.288,213.4775305,8.028,False,2011,9,3,1.0,6.123233995736766e-17,0.8854560256532099,0.4647231720437686,768313.85,747444.32,755285.63,87.0
21,2011-03-11,763479.9,0,54.69,3.459,213.7646401,8.028,False,2011,10,3,1.0,6.123233995736766e-17,0.9350162426854148,0.35460488704253557,796277.72,712312.89,805300.5,86.0
21,2011-03-18,793569.0,0,63.26,3.488,214.0156238,8.028,False,2011,11,3,1.0,6.123233995736766e-17,0.970941817426052,0.23931566428755804,763479.9,727070.0,803193.3475,85.0
21,2011-03-25,753711.32,0,70.33,3.473,214.2521573,8.028,False,2011,12,3,1.0,6.123233995736766e-17,0.992708874098054,0.120536680255323,793569.0,686497.53,780410.1174999999,84.0
21,2011-04-01,732056.37,0,56.36,3.524,214.4886908,7.931,False,2011,13,4,0.8660254037844387,-0.4999999999999998,1.0,-1.6081226496766364e-16,753711.32,753664.12,776759.485,83.0
21,2011-04-08,744782.89,0,68.62,3.622,214.7252242,7.931,False,2011,14,4,0.8660254037844387,-0.4999999999999998,0.992708874098054,-0.12053668025532288,732056.37,751181.4,760704.1475,82.0
21,2011-04-15,768390.05,0,71.01,3.743,214.9420631,7.931,False,2011,15,4,0.8660254037844387,-0.4999999999999998,0.9709418174260521,-0.2393156642875575,744782.89,716026.51,756029.895,81.0
21,2011-04-22,801302.01,0,70.79,3.807,215.1096657,7.931,False,2011,16,4,0.8660254037844387,-0.4999999999999998,0.9350162426854148,-0.35460488704253545,768390.05,718780.59,749735.1575,80.0
21,2011-04-29,783250.75,0,70.19,3.81,215.2772683,7.931,False,2011,17,4,0.8660254037844387,-0.4999999999999998,0.8854560256532099,-0.4647231720437685,801302.01,680532.69,761632.8300000001,79.0
21,2011-05-06,718898.33,0,61.87,3.906,215.4448709,7.931,False,2011,18,5,0.49999999999999994,-0.8660254037844387,0.8229838658936565,-0.5680647467311557,783250.75,744969.42,774431.425,78.0
21,2011-05-13,754236.7,0,75.04,3.899,215.6124735,7.931,False,2011,19,5,0.49999999999999994,-0.8660254037844387,0.7485107481711013,-0.663122658240795,718898.33,723559.88,767960.2849999999,77.0
21,2011-05-20,744836.56,0,68.36,3.907,215.3834778,7.931,False,2011,20,5,0.49999999999999994,-0.8660254037844387,0.6631226582407952,-0.7485107481711012,754236.7,753361.72,764421.9475,76.0
21,2011-05-27,744389.81,0,76.86,3.786,215.1544822,7.931,False,2011,21,5,0.49999999999999994,-0.8660254037844387,0.5680647467311558,-0.8229838658936564,744836.56,755214.26,750305.585,75.0
21,2011-06-03,773878.58,0,83.82,3.699,214.9254865,7.931,False,2011,22,6,1.2246467991473532e-16,-1.0,0.46472317204376906,-0.8854560256532096,744389.81,806012.48,740590.35,74.0
21,2011-06-10,794397.89,0,84.71,3.648,214.6964908,7.931,False,2011,23,6,1.2246467991473532e-16,-1.0,0.35460488704253584,-0.9350162426854147,773878.58,784305.55,754335.4125000001,73.0
21,2011-06-17,823220.43,0,87.54,3.637,214.6513538,7.931,False,2011,24,6,1.2246467991473532e-16,-1.0,0.23931566428755768,-0.970941817426052,794397.89,785104.29,764375.71,72.0
21,2011-06-24,771298.98,0,85.72,3.594,214.7441108,7.931,False,2011,25,6,1.2246467991473532e-16,-1.0,0.12053668025532308,-0.992708874098054,823220.43,769848.75,783971.6775,71.0
21,2011-07-01,784639.12,0,87.57,3.524,214.8368678,7.852,False,2011,26,7,-0.4999999999999997,-0.8660254037844388,-3.216245299353273e-16,-1.0,771298.98,711470.8,790698.97,70.0
21,2011-07-08,734099.4,0,89.16,3.48,214.9296249,7.852,False,2011,27,7,-0.4999999999999997,-0.8660254037844388,-0.12053668025532283,-0.992708874098054,784639.12,714677.47,793389.105,69.0
21,2011-07-15,728311.15,0,91.05,3.575,215.0134426,7.852,False,2011,28,7,-0.4999999999999997,-0.8660254037844388,-0.23931566428755743,-0.9709418174260521,734099.4,755098.41,778314.4825,68.0
21,2011-07-22,784490.67,0,90.27,3.651,215.0749122,7.852,False,2011,29,7,-0.4999999999999997,-0.8660254037844388,-0.3546048870425356,-0.9350162426854148,728311.15,765823.48,754587.1625000001,67.0
21,2011-07-29,751167.12,0,91.56,3.682,215.1363819,7.852,False,2011,30,7,-0.4999999999999997,-0.8660254037844388,-0.46472317204376806,-0.8854560256532101,784490.67,715876.27,757885.0850000001,66.0
21,2011-08-05,783614.89,0,94.22,3.684,215.1978515,7.852,False,2011,31,8,-0.8660254037844384,-0.5000000000000004,-0.5680647467311556,-0.8229838658936565,751167.12,739279.19,749517.085,65.0
21,2011-08-12,776933.37,0,92.32,3.638,215.2593211,7.852,False,2011,32,8,-0.8660254037844384,-0.5000000000000004,-0.663122658240795,-0.7485107481711013,783614.89,793589.18,761895.9575,64.0
21,2011-08-19,855546.5,0,90.11,3.554,215.3229307,7.852,False,2011,33,8,-0.8660254037844384,-0.5000000000000004,-0.7485107481711011,-0.6631226582407952,776933.37,848873.28,774051.5125,63.0
21,2011-08-26,821127.53,0,92.07,3.523,215.386897,7.852,False,2011,34,8,-0.8660254037844384,-0.5000000000000004,-0.8229838658936564,-0.5680647467311559,855546.5,855882.57,791815.47,62.0
21,2011-09-02,705557.8,0,91.94,3.533,215.4508632,7.852,False,2011,35,9,-1.0,-1.8369701987210297e-16,-0.8854560256532096,-0.4647231720437691,821127.53,727772.8,809305.5725,61.0
21,2011-09-09,653989.65,1,78.87,3.546,215.5148295,7.852,False,2011,36,9,-1.0,-1.8369701987210297e-16,-0.9350162426854147,-0.3546048870425359,705557.8,674055.81,789791.3,60.0
21,2011-09-16,653525.84,0,80.62,3.526,215.6944378,7.852,False,2011,37,9,-1.0,-1.8369701987210297e-16,-0.970941817426052,-0.23931566428755774,653989.65,684340.86,759055.37,59.0
21,2011-09-23,681913.29,0,75.68,3.467,216.0282356,7.852,False,2011,38,9,-1.0,-1.8369701987210297e-16,-0.992708874098054,-0.12053668025532357,653525.84,671688.06,708550.2050000001,58.0
21,2011-09-30,651970.48,0,78.91,3.355,216.3620333,7.852,False,2011,39,9,-1.0,-1.8369701987210297e-16,-1.0,-1.8369701987210297e-16,681913.29,677158.39,673746.645,57.0
21,2011-10-07,663452.46,0,71.64,3.285,216.6958311,7.441,False,2011,40,10,-0.8660254037844386,0.5000000000000001,-0.992708874098054,0.1205366802553232,651970.48,680579.49,660349.815,56.0
21,2011-10-14,671379.44,0,69.79,3.274,217.0048261,7.441,False,2011,41,10,-0.8660254037844386,0.5000000000000001,-0.9709418174260521,0.23931566428755738,663452.46,693412.05,662715.5175000001,55.0
21,2011-10-21,729036.06,0,65.16,3.353,217.1650042,7.441,False,2011,42,10,-0.8660254037844386,0.5000000000000001,-0.9350162426854148,0.35460488704253557,671379.44,710668.45,667178.9175,54.0
21,2011-10-28,738812.0,0,65.46,3.372,217.3251824,7.441,False,2011,43,10,-0.8660254037844386,0.5000000000000001,-0.8854560256532101,0.464723172043768,729036.06,731756.65,678959.61,53.0
21,2011-11-04,767358.37,0,56.01,3.332,217.4853605,7.441,False,2011,44,11,-0.5000000000000004,0.8660254037844384,-0.822983865893657,0.5680647467311548,738812.0,719888.76,700669.99,52.0
21,2011-11-11,757369.87,0,59.8,3.297,217.6455387,7.441,False,2011,45,11,-0.5000000000000004,0.8660254037844384,-0.7485107481711011,0.6631226582407952,767358.37,735796.38,726646.4675,51.0
21,2011-11-18,737014.09,0,61.9,3.308,217.8670218,7.441,False,2011,46,11,-0.5000000000000004,0.8660254037844384,-0.6631226582407955,0.7485107481711007,757369.87,756288.89,748144.075,50.0
21,2011-11-25,1219263.4,1,56.43,3.236,218.1130269,7.441,True,2011,47,11,-0.5000000000000004,0.8660254037844384,-0.5680647467311559,0.8229838658936564,737014.09,1245628.61,750138.5825,49.0
21,2011-12-02,793184.25,0,48.72,3.172,218.3590319,7.441,False,2011,48,12,-2.4492935982947064e-16,1.0,-0.4647231720437684,0.88545602565321,1219263.4,829210.73,870251.4325,48.0
21,2011-12-09,897747.13,0,41.44,3.158,218.605037,7.441,False,2011,49,12,-2.4492935982947064e-16,1.0,-0.35460488704253595,0.9350162426854147,793184.25,943891.64,876707.9025,47.0
21,2011-12-16,1027584.51,0,50.56,3.159,218.8217928,7.441,True,2011,50,12,-2.4492935982947064e-16,1.0,-0.2393156642875578,0.970941817426052,897747.13,1147556.83,911802.2175,46.0
21,2011-12-23,1384552.17,0,46.54,3.112,218.9995495,7.441,True,2011,51,12,-2.4492935982947064e-16,1.0,-0.12053668025532363,0.992708874098054,1027584.51,1587257.78,984444.8225,45.0
21,2011-12-30,804362.36,1,45.16,3.129,219.1773063,7.441,False,2011,52,12,-2.4492935982947064e-16,1.0,6.432490598706546e-16,1.0,1384552.17,672903.23,1025767.015,44.0
21,2012-01-06,640181.86,0,48.1,3.157,219.355063,7.057,False,2012,1,1,0.49999999999999994,0.8660254037844387,0.12053668025532305,0.992708874098054,804362.36,629152.06,1028561.5425,43.0
21,2012-01-13,631181.25,0,45.0,3.261,219.5328198,7.057,False,2012,2,1,0.49999999999999994,0.8660254037844387,0.23931566428755774,0.970941817426052,640181.86,650789.13,964170.2250000001,42.0
21,2012-01-20,651178.2,0,52.21,3.268,219.6258417,7.057,False,2012,3,1,0.49999999999999994,0.8660254037844387,0.3546048870425356,0.9350162426854148,631181.25,663941.73,865069.4099999999,41.0
21,2012-01-27,611258.71,0,50.79,3.29,219.7188636,7.057,False,2012,4,1,0.49999999999999994,0.8660254037844387,0.4647231720437685,0.8854560256532099,651178.2,649878.29,681725.9175,40.0
21,2012-02-03,680725.43,0,55.83,3.36,219.8118854,7.057,False,2012,5,2,0.8660254037844386,0.5000000000000001,0.5680647467311558,0.8229838658936564,611258.71,596218.24,633450.005,39.0
21,2012-02-10,770652.79,1,46.52,3.409,219.9049073,7.057,False,2012,6,2,0.8660254037844386,0.5000000000000001,0.6631226582407952,0.7485107481711011,680725.43,771908.51,643585.8975,38.0
21,2012-02-17,834663.52,0,45.03,3.51,220.0651993,7.057,False,2012,7,2,0.8660254037844386,0.5000000000000001,0.7485107481711011,0.6631226582407953,770652.79,884701.92,678453.7825,37.0
21,2012-02-24,747099.07,0,54.81,3.555,220.275944,7.057,False,2012,8,2,0.8660254037844386,0.5000000000000001,0.8229838658936564,0.5680647467311559,834663.52,768313.85,724325.1125,36.0
21,2012-03-02,764385.4,0,59.3,3.63,220.4866886,7.057,False,2012,9,3,1.0,6.123233995736766e-17,0.8854560256532099,0.4647231720437686,747099.07,796277.72,758285.2025,35.0
21,2012-03-09,755084.4,0,57.16,3.669,220.6974332,7.057,False,2012,10,3,1.0,6.123233995736766e-17,0.9350162426854148,0.35460488704253557,764385.4,763479.9,779200.195,34.0
21,2012-03-16,767338.32,0,63.39,3.734,220.8498468,7.057,False,2012,11,3,1.0,6.123233995736766e-17,0.970941817426052,0.23931566428755804,755084.4,793569.0,775308.0974999999,33.0
21,2012-03-23,729759.97,0,62.96,3.787,220.9244858,7.057,False,2012,12,3,1.0,6.123233995736766e-17,0.992708874098054,0.120536680255323,767338.32,753711.32,758476.7975,32.0
21,2012-03-30,724798.76,0,67.87,3.845,220.9991248,7.057,False,2012,13,3,1.0,6.123233995736766e-17,1.0,-1.6081226496766364e-16,729759.97,732056.37,754142.0225,31.0
21,2012-04-06,761956.58,0,69.02,3.891,221.0737638,6.891,False,2012,14,4,0.8660254037844387,-0.4999999999999998,0.992708874098054,-0.12053668025532288,724798.76,744782.89,744245.3625,30.0
21,2012-04-13,769319.04,0,69.03,3.891,221.1484028,6.891,False,2012,15,4,0.8660254037844387,-0.4999999999999998,0.9709418174260521,-0.2393156642875575,761956.58,768390.05,745963.4075,29.0
21,2012-04-20,734858.91,0,66.97,3.877,221.2021074,6.891,False,2012,16,4,0.8660254037844387,-0.4999999999999998,0.9350162426854148,-0.35460488704253545,769319.04,801302.01,746458.5874999999,28.0
21,2012-04-27,674829.58,0,69.21,3.814,221.255812,6.891,False,2012,17,4,0.8660254037844387,-0.4999999999999998,0.8854560256532099,-0.4647231720437685,734858.91,783250.75,747733.3225,27.0
21,2012-05-04,697645.32,0,77.53,3.749,221.3095166,6.891,False,2012,18,5,0.49999999999999994,-0.8660254037844387,0.8229838658936565,-0.5680647467311557,674829.58,718898.33,735241.0275,26.0
21,2012-05-11,649945.54,0,74.14,3.688,221.3632212,6.891,False,2012,19,5,0.49999999999999994,-0.8660254037844387,0.7485107481711013,-0.663122658240795,697645.32,754236.7,719163.2125,25.0
21,2012-05-18,700554.16,0,72.42,3.63,221.380331,6.891,False,2012,20,5,0.49999999999999994,-0.8660254037844387,0.6631226582407952,-0.7485107481711012,649945.54,744836.56,689319.8374999999,24.0
21,2012-05-25,722891.24,0,79.49,3.561,221.3828029,6.891,False,2012,21,5,0.49999999999999994,-0.8660254037844387,0.5680647467311558,-0.8229838658936564,700554.16,744389.81,680743.65,23.0
21,2012-06-01,695439.83,0,79.24,3.501,221.3852748,6.891,False,2012,22,6,1.2246467991473532e-16,-1.0,0.46472317204376906,-0.8854560256532096,722891.24,773878.58,692759.065,22.0
21,2012-06-08,707895.72,0,79.47,3.452,221.3877467,6.891,False,2012,23,6,1.2246467991473532e-16,-1.0,0.35460488704253584,-0.9350162426854147,695439.83,794397.89,692207.6925,21.0
21,2012-06-15,727049.04,0,81.51,3.393,221.4009901,6.891,False,2012,24,6,1.2246467991473532e-16,-1.0,0.23931566428755768,-0.970941817426052,707895.72,823220.43,706695.2375,20.0
21,2012-06-22,735870.0,0,81.78,3.346,221.4411622,6.891,False,2012,25,6,1.2246467991473532e-16,-1.0,0.12053668025532308,-0.992708874098054,727049.04,771298.98,713318.9575,19.0
21,2012-06-29,716341.39,0,88.05,3.286,221.4813343,6.891,False,2012,26,6,1.2246467991473532e-16,-1.0,-3.216245299353273e-16,-1.0,735870.0,784639.12,716563.6475,18.0
21,2012-07-06,693013.59,0,85.26,3.227,221.5215064,6.565,False,2012,27,7,-0.4999999999999997,-0.8660254037844388,-0.12053668025532283,-0.992708874098054,716341.39,734099.4,721789.0375000001,17.0
21,2012-07-13,668132.36,0,82.51,3.256,221.5616784,6.565,False,2012,28,7,-0.4999999999999997,-0.8660254037844388,-0.23931566428755743,-0.9709418174260521,693013.59,728311.15,718068.505,16.0
21,2012-07-20,691200.33,0,84.25,3.311,221.5701123,6.565,False,2012,29,7,-0.4999999999999997,-0.8660254037844388,-0.3546048870425356,-0.9350162426854148,668132.36,784490.67,703339.335,15.0
21,2012-07-27,677789.14,0,88.09,3.407,221.5785461,6.565,False,2012,30,7,-0.4999999999999997,-0.8660254037844388,-0.46472317204376806,-0.8854560256532101,691200.33,751167.12,692171.9175,14.0
21,2012-08-03,693785.85,0,91.57,3.417,221.5869799,6.565,False,2012,31,8,-0.8660254037844384,-0.5000000000000004,-0.5680647467311556,-0.8229838658936565,677789.14,783614.89,682533.855,13.0
21,2012-08-10,700272.01,0,89.57,3.494,221.5954138,6.565,False,2012,32,8,-0.8660254037844384,-0.5000000000000004,-0.663122658240795,-0.7485107481711013,693785.85,776933.37,682726.92,12.0
21,2012-08-17,751963.81,0,85.55,3.571,221.6751459,6.565,False,2012,33,8,-0.8660254037844384,-0.5000000000000004,-0.7485107481711011,-0.6631226582407952,700272.01,855546.5,690761.8325,11.0
21,2012-08-24,802003.61,0,77.72,3.62,221.8083518,6.565,False,2012,34,8,-0.8660254037844384,-0.5000000000000004,-0.8229838658936564,-0.5680647467311559,751963.81,821127.53,705952.7025,10.0
21,2012-08-31,763867.59,0,83.58,3.638,221.9415576,6.565,False,2012,35,8,-0.8660254037844384,-0.5000000000000004,-0.8854560256532096,-0.4647231720437691,802003.61,705557.8,737006.32,9.0
21,2012-09-07,642827.29,1,88.4,3.73,222.0747635,6.565,False,2012,36,9,-1.0,-1.8369701987210297e-16,-0.9350162426854147,-0.3546048870425359,763867.59,653989.65,754526.755,8.0
21,2012-09-14,628494.63,0,76.1,3.717,222.2174395,6.565,False,2012,37,9,-1.0,-1.8369701987210297e-16,-0.970941817426052,-0.23931566428755774,642827.29,653525.84,740165.575,7.0
21,2012-09-21,667151.46,0,71.54,3.721,222.4169362,6.565,False,2012,38,9,-1.0,-1.8369701987210297e-16,-0.992708874098054,-0.12053668025532357,628494.63,681913.29,709298.28,6.0
21,2012-09-28,647097.65,0,80.38,3.666,222.6164329,6.565,False,2012,39,9,-1.0,-1.8369701987210297e-16,-1.0,-1.8369701987210297e-16,667151.46,651970.48,675585.2424999999,5.0
21,2012-10-05,651768.91,0,70.28,3.617,222.8159296,6.17,False,2012,40,10,-0.8660254037844386,0.5000000000000001,-0.992708874098054,0.1205366802553232,647097.65,663452.46,646392.7575000001,4.0
21,2012-10-12,653043.44,0,61.53,3.601,223.0154263,6.17,False,2012,41,10,-0.8660254037844386,0.5000000000000001,-0.9709418174260521,0.23931566428755738,651768.91,671379.44,648628.1625000001,3.0
21,2012-10-19,641368.14,0,68.52,3.594,223.0598077,6.17,False,2012,42,10,-0.8660254037844386,0.5000000000000001,-0.9350162426854148,0.35460488704253557,653043.44,729036.06,654765.365,2.0
21,2012-10-26,675202.87,0,70.5,3.506,223.0783366,6.17,False,2012,43,10,-0.8660254037844386,0.5000000000000001,-0.8854560256532101,0.464723172043768,641368.14,738812.0,648319.535,1.0
22,2011-02-04,946060.98,0,26.39,3.24,137.0542431,8.458,False,2011,5,2,0.8660254037844386,0.5000000000000001,0.5680647467311558,0.8229838658936564,799369.15,1033017.37,833965.0975,91.0
22,2011-02-11,1009206.33,1,28.89,3.255,137.1378318,8.458,False,2011,6,2,0.8660254037844386,0.5000000000000001,0.6631226582407952,0.7485107481711011,946060.98,1022571.25,851991.6675,90.0
22,2011-02-18,975964.86,0,35.34,3.263,137.2511849,8.458,False,2011,7,2,0.8660254037844386,0.5000000000000001,0.7485107481711011,0.6631226582407953,1009206.33,988467.61,902409.37,89.0
22,2011-02-25,911245.43,0,30.23,3.281,137.3764439,8.458,False,2011,8,2,0.8660254037844386,0.5000000000000001,0.8229838658936564,0.5680647467311559,975964.86,899761.48,932650.33,88.0
22,2011-03-04,997353.15,0,33.52,3.437,137.5017028,8.458,False,2011,9,3,1.0,6.123233995736766e-17,0.8854560256532099,0.4647231720437686,911245.43,1009201.24,960619.4,87.0
22,2011-03-11,944587.23,0,41.42,3.6,137.6269617,8.458,False,2011,10,3,1.0,6.123233995736766e-17,0.9350162426854148,0.35460488704253557,997353.15,967187.37,973442.4425,86.0
22,2011-03-18,926427.12,0,43.38,3.634,137.7398929,8.458,False,2011,11,3,1.0,6.123233995736766e-17,0.970941817426052,0.23931566428755804,944587.23,966145.09,957287.6675,85.0
22,2011-03-25,933528.39,0,38.77,3.624,137.8478929,8.458,False,2011,12,3,1.0,6.123233995736766e-17,0.992708874098054,0.120536680255323,926427.12,1012075.12,944903.2325,84.0
22,2011-04-01,951588.37,0,36.04,3.638,137.9558929,8.252,False,2011,13,4,0.8660254037844387,-0.4999999999999998,1.0,-1.6081226496766364e-16,933528.39,1177340.99,950473.9725,83.0
22,2011-04-08,969046.69,0,44.42,3.72,138.0638929,8.252,False,2011,14,4,0.8660254037844387,-0.4999999999999998,0.992708874098054,-0.12053668025532288,951588.37,1033171.07,939032.7775000001,82.0
22,2011-04-15,1008557.04,0,48.88,3.823,138.1646952,8.252,False,2011,15,4,0.8660254037844387,-0.4999999999999998,0.9709418174260521,-0.2393156642875575,969046.69,1000968.67,945147.6425000001,81.0
22,2011-04-22,1152781.9,0,47.76,3.919,138.2475036,8.252,False,2011,16,4,0.8660254037844387,-0.4999999999999998,0.9350162426854148,-0.35460488704253545,1008557.04,969594.47,965680.1225,80.0
22,2011-04-29,926133.8,0,57.2,3.988,138.3303119,8.252,False,2011,17,4,0.8660254037844387,-0.4999999999999998,0.8854560256532099,-0.4647231720437685,1152781.9,977683.06,1020493.5,79.0
22,2011-05-06,1032076.06,0,53.63,4.078,138.4131202,8.252,False,2011,18,5,0.49999999999999994,-0.8660254037844387,0.8229838658936565,-0.5680647467311557,926133.8,1052973.28,1014129.8574999999,78.0
22,2011-05-13,1001558.74,0,57.71,4.095,138.4959286,8.252,False,2011,19,5,0.49999999999999994,-0.8660254037844387,0.7485107481711013,-0.663122658240795,1032076.06,973585.33,1029887.2000000001,77.0
22,2011-05-20,970307.83,0,58.56,4.101,138.587106,8.252,False,2011,20,5,0.49999999999999994,-0.8660254037844387,0.6631226582407952,-0.7485107481711012,1001558.74,979977.89,1028137.625,76.0
22,2011-05-27,1021568.34,0,62.59,4.034,138.6782834,8.252,False,2011,21,5,0.49999999999999994,-0.8660254037844387,0.5680647467311558,-0.8229838658936564,970307.83,1103740.4,982519.1075,75.0
22,2011-06-03,1125169.92,0,70.09,3.973,138.7694608,8.252,False,2011,22,6,1.2246467991473532e-16,-1.0,0.46472317204376906,-0.8854560256532096,1021568.34,1095539.13,1006377.7424999999,74.0
22,2011-06-10,1060868.49,0,69.53,3.924,138.8606382,8.252,False,2011,23,6,1.2246467991473532e-16,-1.0,0.35460488704253584,-0.9350162426854147,1125169.92,1061196.47,1029651.2075,73.0
22,2011-06-17,1042454.61,0,63.97,3.873,139.0028333,8.252,False,2011,24,6,1.2246467991473532e-16,-1.0,0.23931566428755768,-0.970941817426052,1060868.49,1052895.25,1044478.6449999999,72.0
22,2011-06-24,1012584.2,0,68.53,3.851,139.1832917,8.252,False,2011,25,6,1.2246467991473532e-16,-1.0,0.12053668025532308,-0.992708874098054,1042454.61,1095020.33,1062515.34,71.0
22,2011-07-01,1077491.68,0,70.8,3.815,139.36375,8.023,False,2011,26,7,-0.4999999999999997,-0.8660254037844388,-3.216245299353273e-16,-1.0,1012584.2,1120259.71,1060269.305,70.0
22,2011-07-08,1017050.65,0,74.22,3.784,139.5442083,8.023,False,2011,27,7,-0.4999999999999997,-0.8660254037844388,-0.12053668025532283,-0.992708874098054,1077491.68,1092654.26,1048349.745,69.0
22,2011-07-15,961953.57,0,75.2,3.827,139.7006325,8.023,False,2011,28,7,-0.4999999999999997,-0.8660254037844388,-0.23931566428755743,-0.9709418174260521,1017050.65,988392.99,1037395.2849999999,68.0
22,2011-07-22,964683.8,0,77.79,3.882,139.7969712,8.023,False,2011,29,7,-0.4999999999999997,-0.8660254037844388,-0.3546048870425356,-0.9350162426854148,961953.57,974123.2,1017270.0249999999,67.0
22,2011-07-29,944958.69,0,75.32,3.898,139.8933099,8.023,False,2011,30,7,-0.4999999999999997,-0.8660254037844388,-0.46472317204376806,-0.8854560256532101,964683.8,970773.64,1005294.9249999999,66.0
22,2011-08-05,983232.96,0,75.33,3.903,139.9896486,8.023,False,2011,31,8,-0.8660254037844384,-0.5000000000000004,-0.5680647467311556,-0.8229838658936565,944958.69,1010326.14,972161.6775,65.0
22,2011-08-12,991779.2,0,74.69,3.88,140.0859873,8.023,False,2011,32,8,-0.8660254037844384,-0.5000000000000004,-0.663122658240795,-0.7485107481711013,983232.96,993097.43,963707.255,64.0
22,2011-08-19,973004.91,0,71.3,3.82,140.1289205,8.023,False,2011,33,8,-0.8660254037844384,-0.5000000000000004,-0.7485107481711011,-0.6631226582407952,991779.2,1017045.44,971163.6625000001,63.0
22,2011-08-26,1181815.31,0,72.22,3.796,140.1629528,8.023,False,2011,34,8,-0.8660254037844384,-0.5000000000000004,-0.8229838658936564,-0.5680647467311559,973004.91,1081420.96,973243.94,62.0
22,2011-09-02,912762.76,0,69.16,3.784,140.196985,8.023,False,2011,35,9,-1.0,-1.8369701987210297e-16,-0.8854560256532096,-0.4647231720437691,1181815.31,1074535.88,1032458.095,61.0
22,2011-09-09,1004434.54,1,69.14,3.809,140.2310173,8.023,False,2011,36,9,-1.0,-1.8369701987210297e-16,-0.9350162426854147,-0.3546048870425359,912762.76,924174.4,1014840.5449999999,60.0
22,2011-09-16,937420.65,0,68.08,3.809,140.2735,8.023,False,2011,37,9,-1.0,-1.8369701987210297e-16,-0.970941817426052,-0.23931566428755774,1004434.54,918285.97,1018004.3799999999,59.0
22,2011-09-23,899834.75,0,62.36,3.758,140.32725,8.023,False,2011,38,9,-1.0,-1.8369701987210297e-16,-0.992708874098054,-0.12053668025532357,937420.65,902779.25,1009108.3150000001,58.0
22,2011-09-30,953314.16,0,69.78,3.684,140.381,8.023,False,2011,39,9,-1.0,-1.8369701987210297e-16,-1.0,-1.8369701987210297e-16,899834.75,905987.17,938613.175,57.0
22,2011-10-07,993436.67,0,56.44,3.633,140.43475,7.706,False,2011,40,10,-0.8660254037844386,0.5000000000000001,-0.992708874098054,0.1205366802553232,953314.16,1015051.62,948751.0250000001,56.0
22,2011-10-14,944337.32,0,62.63,3.583,140.4784194,7.706,False,2011,41,10,-0.8660254037844386,0.5000000000000001,-0.9709418174260521,0.23931566428755738,993436.67,954401.46,946001.5575000001,55.0
22,2011-10-21,981567.22,0,59.3,3.618,140.4616048,7.706,False,2011,42,10,-0.8660254037844386,0.5000000000000001,-0.9350162426854148,0.35460488704253557,944337.32,960998.52,947730.725,54.0
22,2011-10-28,1099351.68,0,49.31,3.604,140.4447903,7.706,False,2011,43,10,-0.8660254037844386,0.5000000000000001,-0.8854560256532101,0.464723172043768,981567.22,1025766.27,968163.8425,53.0
22,2011-11-04,1106575.59,0,42.81,3.586,140.4279758,7.706,False,2011,44,11,-0.5000000000000004,0.8660254037844384,-0.822983865893657,0.5680647467311548,1099351.68,1006888.16,1004673.2224999999,52.0
22,2011-11-11,1051740.29,0,47.8,3.57,140.4111613,7.706,False,2011,45,11,-0.5000000000000004,0.8660254037844384,-0.7485107481711011,0.6631226582407952,1106575.59,1043698.64,1032957.9524999999,51.0
22,2011-11-18,1007579.44,0,50.62,3.571,140.4127857,7.706,False,2011,46,11,-0.5000000000000004,0.8660254037844384,-0.6631226582407955,0.7485107481711007,1051740.29,985896.44,1059808.695,50.0
22,2011-11-25,1535857.49,1,46.28,3.536,140.4217857,7.706,True,2011,47,11,-0.5000000000000004,0.8660254037844384,-0.5680647467311559,0.8229838658936564,1007579.44,1564502.26,1066311.75,49.0
22,2011-12-02,1167621.14,0,49.11,3.501,140.4307857,7.706,False,2011,48,12,-2.4492935982947064e-16,1.0,-0.4647231720437684,0.88545602565321,1535857.49,1230514.58,1175438.2025000001,48.0
22,2011-12-09,1308967.44,0,45.35,3.47,140.4397857,7.706,True,2011,49,12,-2.4492935982947064e-16,1.0,-0.35460488704253595,0.9350162426854147,1167621.14,1367202.84,1190699.59,47.0
22,2011-12-16,1453153.33,0,39.11,3.445,140.4700795,7.706,True,2011,50,12,-2.4492935982947064e-16,1.0,-0.2393156642875578,0.970941817426052,1308967.44,1527682.99,1255006.3775,46.0
22,2011-12-23,1863195.68,0,39.83,3.413,140.528765,7.706,True,2011,51,12,-2.4492935982947064e-16,1.0,-0.12053668025532363,0.992708874098054,1453153.33,1962445.04,1366399.8499999999,45.0
22,2011-12-30,982661.14,1,36.28,3.402,140.5874505,7.706,False,2011,52,12,-2.4492935982947064e-16,1.0,6.432490598706546e-16,1.0,1863195.68,774262.28,1448234.3975,44.0
22,2012-01-06,895358.2,0,34.61,3.439,140.6461359,7.503,False,2012,1,1,0.49999999999999994,0.8660254037844387,0.12053668025532305,0.992708874098054,982661.14,873954.7,1401994.3975,43.0
22,2012-01-13,855437.57,0,39.0,3.523,140.7048214,7.503,False,2012,2,1,0.49999999999999994,0.8660254037844387,0.23931566428755774,0.970941817426052,895358.2,807535.52,1298592.0875,42.0
22,2012-01-20,897027.44,0,29.16,3.542,140.8086118,7.503,False,2012,3,1,0.49999999999999994,0.8660254037844387,0.3546048870425356,0.9350162426854148,855437.57,855001.02,1149163.1475,41.0
22,2012-01-27,786459.23,0,35.68,3.568,140.9124021,7.503,True,2012,4,1,0.49999999999999994,0.8660254037844387,0.4647231720437685,0.8854560256532099,897027.44,799369.15,907621.0874999999,40.0
22,2012-02-03,958487.75,0,40.58,3.633,141.0161924,7.503,False,2012,5,2,0.8660254037844386,0.5000000000000001,0.5680647467311558,0.8229838658936564,786459.23,946060.98,858570.6099999999,39.0
22,2012-02-10,1034448.07,1,35.68,3.655,141.1199827,7.503,False,2012,6,2,0.8660254037844386,0.5000000000000001,0.6631226582407952,0.7485107481711011,958487.75,1009206.33,874352.9975,38.0
22,2012-02-17,1004749.41,0,36.25,3.703,141.2140357,7.503,False,2012,7,2,0.8660254037844386,0.5000000000000001,0.7485107481711011,0.6631226582407953,1034448.07,975964.86,919105.6224999999,37.0
22,2012-02-24,912958.95,0,39.0,3.751,141.3007857,7.503,False,2012,8,2,0.8660254037844386,0.5000000000000001,0.8229838658936564,0.5680647467311559,1004749.41,911245.43,946036.115,36.0
22,2012-03-02,974866.65,0,37.47,3.827,141.3875357,7.503,False,2012,9,3,1.0,6.123233995736766e-17,0.8854560256532099,0.4647231720437686,912958.95,997353.15,977661.045,35.0
22,2012-03-09,991127.01,0,41.72,3.876,141.4742857,7.503,False,2012,10,3,1.0,6.123233995736766e-17,0.9350162426854148,0.35460488704253557,974866.65,944587.23,981755.7699999999,34.0
22,2012-03-16,966780.01,0,46.06,3.867,141.55478,7.503,False,2012,11,3,1.0,6.123233995736766e-17,0.970941817426052,0.23931566428755804,991127.01,926427.12,970925.505,33.0
22,2012-03-23,992774.4,0,54.68,3.889,141.6269332,7.503,False,2012,12,3,1.0,6.123233995736766e-17,0.992708874098054,0.120536680255323,966780.01,933528.39,961433.155,32.0
22,2012-03-30,965769.93,0,46.4,3.921,141.6990864,7.503,False,2012,13,3,1.0,6.123233995736766e-17,1.0,-1.6081226496766364e-16,992774.4,951588.37,981387.0175000001,31.0
22,2012-04-06,1197489.66,0,46.38,3.957,141.7712396,7.671,True,2012,14,4,0.8660254037844387,-0.4999999999999998,0.992708874098054,-0.12053668025532288,965769.93,969046.69,979112.8375,30.0
22,2012-04-13,939118.24,0,49.89,4.025,141.8433929,7.671,False,2012,15,4,0.8660254037844387,-0.4999999999999998,0.9709418174260521,-0.2393156642875575,1197489.66,1008557.04,1030703.5,29.0
22,2012-04-20,1000342.87,0,58.81,4.046,141.9015262,7.671,False,2012,16,4,0.8660254037844387,-0.4999999999999998,0.9350162426854148,-0.35460488704253545,939118.24,1152781.9,1023788.0575000001,28.0
22,2012-04-27,922539.94,0,51.42,4.023,141.9596595,7.671,False,2012,17,4,0.8660254037844387,-0.4999999999999998,0.8854560256532099,-0.4647231720437685,1000342.87,926133.8,1025680.1749999999,27.0
22,2012-05-04,1005083.31,0,50.75,3.991,142.0177929,7.671,False,2012,18,5,0.49999999999999994,-0.8660254037844387,0.8229838658936565,-0.5680647467311557,922539.94,1032076.06,1014872.6775,26.0
22,2012-05-11,997868.63,0,56.72,3.947,142.0759262,7.671,False,2012,19,5,0.49999999999999994,-0.8660254037844387,0.7485107481711013,-0.663122658240795,1005083.31,1001558.74,966771.09,25.0
22,2012-05-18,986612.02,0,61.9,3.899,142.0970115,7.671,False,2012,20,5,0.49999999999999994,-0.8660254037844387,0.6631226582407952,-0.7485107481711012,997868.63,970307.83,981458.6875,24.0
22,2012-05-25,1047297.38,0,62.39,3.85,142.1032776,7.671,False,2012,21,5,0.49999999999999994,-0.8660254037844387,0.5680647467311558,-0.8229838658936564,986612.02,1021568.34,978025.9750000001,23.0
22,2012-06-01,1102857.37,0,70.01,3.798,142.1095438,7.671,False,2012,22,6,1.2246467991473532e-16,-1.0,0.46472317204376906,-0.8854560256532096,1047297.38,1125169.92,1009215.3350000001,22.0
22,2012-06-08,1061134.37,0,61.71,3.746,142.1158099,7.671,False,2012,23,6,1.2246467991473532e-16,-1.0,0.35460488704253584,-0.9350162426854147,1102857.37,1060868.49,1033658.8500000001,21.0
22,2012-06-15,1061219.19,0,66.56,3.683,142.1292548,7.671,False,2012,24,6,1.2246467991473532e-16,-1.0,0.23931566428755768,-0.970941817426052,1061134.37,1042454.61,1049475.2850000001,20.0
22,2012-06-22,1112449.3,0,70.61,3.629,142.1606464,7.671,False,2012,25,6,1.2246467991473532e-16,-1.0,0.12053668025532308,-0.992708874098054,1061219.19,1012584.2,1068127.0775000001,19.0
22,2012-06-29,1053881.78,0,70.99,3.577,142.1920381,7.671,False,2012,26,6,1.2246467991473532e-16,-1.0,-3.216245299353273e-16,-1.0,1112449.3,1077491.68,1084415.0575,18.0
22,2012-07-06,1097786.14,0,77.41,3.538,142.2234298,7.753,False,2012,27,7,-0.4999999999999997,-0.8660254037844388,-0.12053668025532283,-0.992708874098054,1053881.78,1017050.65,1072171.1600000001,17.0
22,2012-07-13,971361.38,0,75.81,3.561,142.2548214,7.753,False,2012,28,7,-0.4999999999999997,-0.8660254037844388,-0.23931566428755743,-0.9709418174260521,1097786.14,961953.57,1081334.1025,16.0
22,2012-07-20,991969.37,0,76.57,3.61,142.2337569,7.753,False,2012,29,7,-0.4999999999999997,-0.8660254037844388,-0.3546048870425356,-0.9350162426854148,971361.38,964683.8,1058869.65,15.0
22,2012-07-27,925731.21,0,73.52,3.701,142.2126924,7.753,False,2012,30,7,-0.4999999999999997,-0.8660254037844388,-0.46472317204376806,-0.8854560256532101,991969.37,944958.69,1028749.6675,14.0
22,2012-08-03,1007257.83,0,72.99,3.698,142.1916279,7.753,False,2012,31,8,-0.8660254037844384,-0.5000000000000004,-0.5680647467311556,-0.8229838658936565,925731.21,983232.96,996712.0249999999,13.0
22,2012-08-10,973812.79,0,76.74,3.772,142.1705634,7.753,False,2012,32,8,-0.8660254037844384,-0.5000000000000004,-0.663122658240795,-0.7485107481711013,1007257.83,991779.2,974079.9475,12.0
22,2012-08-17,981273.26,0,74.92,3.84,142.2157385,7.753,False,2012,33,8,-0.8660254037844384,-0.5000000000000004,-0.7485107481711011,-0.6631226582407952,973812.79,973004.91,974692.7999999999,11.0
22,2012-08-24,1060906.75,0,70.42,3.874,142.3105933,7.753,False,2012,34,8,-0.8660254037844384,-0.5000000000000004,-0.8229838658936564,-0.5680647467311559,981273.26,1181815.31,972018.7725000001,10.0
22,2012-08-31,1022270.86,0,71.93,3.884,142.4054482,7.753,False,2012,35,8,-0.8660254037844384,-0.5000000000000004,-0.8854560256532096,-0.4647231720437691,1060906.75,912762.76,1005812.6575,9.0
22,2012-09-07,996628.8,1,73.3,3.921,142.500303,7.753,False,2012,36,9,-1.0,-1.8369701987210297e-16,-0.9350162426854147,-0.3546048870425359,1022270.86,1004434.54,1009565.915,8.0
22,2012-09-14,918049.28,0,66.42,3.988,142.5938833,7.753,False,2012,37,9,-1.0,-1.8369701987210297e-16,-0.970941817426052,-0.23931566428755774,996628.8,937420.65,1015269.9175000001,7.0
22,2012-09-21,921612.53,0,63.38,4.056,142.6798167,7.753,False,2012,38,9,-1.0,-1.8369701987210297e-16,-0.992708874098054,-0.12053668025532357,918049.28,899834.75,999463.9225,6.0
22,2012-09-28,976479.51,0,62.17,4.018,142.76575,7.753,False,2012,39,9,-1.0,-1.8369701987210297e-16,-1.0,-1.8369701987210297e-16,921612.53,953314.16,964640.3675,5.0
22,2012-10-05,1009887.36,0,62.09,4.027,142.8516833,7.543,False,2012,40,10,-0.8660254037844386,0.5000000000000001,-0.992708874098054,0.1205366802553232,976479.51,993436.67,953192.53,4.0
22,2012-10-12,1004039.84,0,54.18,4.029,142.9376167,7.543,False,2012,41,10,-0.8660254037844386,0.5000000000000001,-0.9709418174260521,0.23931566428755738,1009887.36,944337.32,956507.1699999999,3.0
22,2012-10-19,978027.95,0,55.28,4.0,142.8633629,7.543,False,2012,42,10,-0.8660254037844386,0.5000000000000001,-0.9350162426854148,0.35460488704253557,1004039.84,981567.22,978004.81,2.0
22,2012-10-26,1094422.69,0,57.58,3.917,142.7624113,7.543,False,2012,43,10,-0.8660254037844386,0.5000000000000001,-0.8854560256532101,0.464723172043768,978027.95,1099351.68,992108.6649999999,1.0
23,2011-02-04,1159438.53,0,14.5,3.24,133.1834194,5.114,False,2011,5,2,0.8660254037844386,0.5000000000000001,0.5680647467311558,0.8229838658936564,1083657.61,1364721.58,1083288.5625,91.0
23,2011-02-11,1249786.4,1,21.52,3.255,133.260871,5.114,False,2011,6,2,0.8660254037844386,0.5000000000000001,0.6631226582407952,0.7485107481711011,1159438.53,1380892.08,1092639.5750000002,90.0
23,2011-02-18,1369971.57,0,26.6,3.263,133.3701429,5.114,False,2011,7,2,0.8660254037844386,0.5000000000000001,0.7485107481711011,0.6631226582407953,1249786.4,1319588.04,1150897.15,89.0
23,2011-02-25,1206917.2,0,17.0,3.281,133.4921429,5.114,False,2011,8,2,0.8660254037844386,0.5000000000000001,0.8229838658936564,0.5680647467311559,1369971.57,1198709.65,1215713.5275,88.0
23,2011-03-04,1301185.28,0,20.67,3.437,133.6141429,5.114,False,2011,9,3,1.0,6.123233995736766e-17,0.8854560256532099,0.4647231720437686,1206917.2,1311175.93,1246528.4249999998,87.0
23,2011-03-11,1042043.55,0,29.36,3.6,133.7361429,5.114,False,2011,10,3,1.0,6.123233995736766e-17,0.9350162426854148,0.35460488704253557,1301185.28,1408082.96,1281965.1125,86.0
23,2011-03-18,1203682.62,0,37.28,3.634,133.8492258,5.114,False,2011,11,3,1.0,6.123233995736766e-17,0.970941817426052,0.23931566428755804,1042043.55,1229008.32,1230029.4,85.0
23,2011-03-25,1148624.83,0,29.11,3.624,133.9587419,5.114,False,2011,12,3,1.0,6.123233995736766e-17,0.992708874098054,0.120536680255323,1203682.62,1310701.8,1188457.1625,84.0
23,2011-04-01,1182694.95,0,29.44,3.638,134.0682581,4.781,False,2011,13,4,0.8660254037844387,-0.4999999999999998,1.0,-1.6081226496766364e-16,1148624.83,1556627.62,1173884.07,83.0
23,2011-04-08,1248901.98,0,36.74,3.72,134.1777742,4.781,False,2011,14,4,0.8660254037844387,-0.4999999999999998,0.992708874098054,-0.12053668025532288,1182694.95,1264434.7,1144261.4875,82.0
23,2011-04-15,1263680.51,0,45.51,3.823,134.2784667,4.781,False,2011,15,4,0.8660254037844387,-0.4999999999999998,0.9709418174260521,-0.2393156642875575,1248901.98,1288823.72,1195976.095,81.0
23,2011-04-22,1447301.24,0,39.62,3.919,134.3571,4.781,False,2011,16,4,0.8660254037844387,-0.4999999999999998,0.9350162426854148,-0.35460488704253545,1263680.51,1315023.08,1210975.5675,80.0
23,2011-04-29,1173307.4,0,54.2,3.988,134.4357333,4.781,False,2011,17,4,0.8660254037844387,-0.4999999999999998,0.8854560256532099,-0.4647231720437685,1447301.24,1259414.52,1285644.67,79.0
23,2011-05-06,1359921.13,0,50.07,4.078,134.5143667,4.781,False,2011,18,5,0.49999999999999994,-0.8660254037844387,0.8229838658936565,-0.5680647467311557,1173307.4,1365552.28,1283297.7825,78.0
23,2011-05-13,1254914.87,0,55.12,4.095,134.593,4.781,False,2011,19,5,0.49999999999999994,-0.8660254037844387,0.7485107481711013,-0.663122658240795,1359921.13,1303055.09,1311052.57,77.0
23,2011-05-20,1337617.55,0,56.67,4.101,134.6803871,4.781,False,2011,20,5,0.49999999999999994,-0.8660254037844387,0.6631226582407952,-0.7485107481711012,1254914.87,1327424.28,1308861.16,76.0
23,2011-05-27,1361945.18,0,63.27,4.034,134.7677742,4.781,False,2011,21,5,0.49999999999999994,-0.8660254037844387,0.5680647467311558,-0.8229838658936564,1337617.55,1571158.56,1281440.2374999998,75.0
23,2011-06-03,1562161.97,0,67.21,3.973,134.8551613,4.781,False,2011,22,6,1.2246467991473532e-16,-1.0,0.46472317204376906,-0.8854560256532096,1361945.18,1514435.51,1328599.6825,74.0
23,2011-06-10,1447028.06,0,65.23,3.924,134.9425484,4.781,False,2011,23,6,1.2246467991473532e-16,-1.0,0.35460488704253584,-0.9350162426854147,1562161.97,1439432.06,1379159.8925,73.0
23,2011-06-17,1470520.83,0,61.06,3.873,135.0837333,4.781,False,2011,24,6,1.2246467991473532e-16,-1.0,0.23931566428755768,-0.970941817426052,1447028.06,1507708.93,1427188.19,72.0
23,2011-06-24,1434036.18,0,63.8,3.851,135.2652667,4.781,False,2011,25,6,1.2246467991473532e-16,-1.0,0.12053668025532308,-0.992708874098054,1470520.83,1415204.88,1460414.0099999998,71.0
23,2011-07-01,1492507.44,0,65.65,3.815,135.4468,4.584,False,2011,26,7,-0.4999999999999997,-0.8660254037844388,-3.216245299353273e-16,-1.0,1434036.18,1549113.18,1478436.76,70.0
23,2011-07-08,1379488.05,0,69.92,3.784,135.6283333,4.584,False,2011,27,7,-0.4999999999999997,-0.8660254037844388,-0.12053668025532283,-0.992708874098054,1492507.44,1417535.78,1461023.1275,69.0
23,2011-07-15,1360520.56,0,69.8,3.827,135.7837419,4.584,False,2011,28,7,-0.4999999999999997,-0.8660254037844388,-0.23931566428755743,-0.9709418174260521,1379488.05,1413124.11,1444138.125,68.0
23,2011-07-22,1362144.0,0,76.74,3.882,135.8738387,4.584,False,2011,29,7,-0.4999999999999997,-0.8660254037844388,-0.3546048870425356,-0.9350162426854148,1360520.56,1333634.45,1416638.0574999999,67.0
23,2011-07-29,1319767.55,0,69.55,3.898,135.9639355,4.584,False,2011,30,7,-0.4999999999999997,-0.8660254037844388,-0.46472317204376806,-0.8854560256532101,1362144.0,1319773.55,1398665.0125,66.0
23,2011-08-05,1416344.68,0,69.53,3.903,136.0540323,4.584,False,2011,31,8,-0.8660254037844384,-0.5000000000000004,-0.5680647467311556,-0.8229838658936565,1319767.55,1417013.07,1355480.04,65.0
23,2011-08-12,1380952.05,0,69.86,3.88,136.144129,4.584,False,2011,32,8,-0.8660254037844384,-0.5000000000000004,-0.663122658240795,-0.7485107481711013,1416344.68,1346345.97,1364694.1975,64.0
23,2011-08-19,1453416.53,0,67.09,3.82,136.183129,4.584,False,2011,33,8,-0.8660254037844384,-0.5000000000000004,-0.7485107481711011,-0.6631226582407952,1380952.05,1439901.05,1369802.07,63.0
23,2011-08-26,1637266.29,0,67.04,3.796,136.2136129,4.584,False,2011,34,8,-0.8660254037844384,-0.5000000000000004,-0.8229838658936564,-0.5680647467311559,1453416.53,1584623.36,1392620.2025000001,62.0
23,2011-09-02,1464295.69,0,65.33,3.784,136.2440968,4.584,False,2011,35,9,-1.0,-1.8369701987210297e-16,-0.8854560256532096,-0.4647231720437691,1637266.29,1405119.23,1471994.8875000002,61.0
23,2011-09-09,1423289.9,1,66.04,3.809,136.2745806,4.584,False,2011,36,9,-1.0,-1.8369701987210297e-16,-0.9350162426854147,-0.3546048870425359,1464295.69,1272842.85,1483982.6400000001,60.0
23,2011-09-16,1253329.17,0,60.52,3.809,136.3145,4.584,False,2011,37,9,-1.0,-1.8369701987210297e-16,-0.970941817426052,-0.23931566428755774,1423289.9,1159132.58,1494567.1025,59.0
23,2011-09-23,1289082.81,0,57.14,3.758,136.367,4.584,False,2011,38,9,-1.0,-1.8369701987210297e-16,-0.992708874098054,-0.12053668025532357,1253329.17,1099055.65,1444545.2625000002,58.0
23,2011-09-30,1275597.85,0,64.76,3.684,136.4195,4.584,False,2011,39,9,-1.0,-1.8369701987210297e-16,-1.0,-1.8369701987210297e-16,1289082.81,1129909.44,1357499.3925,57.0
23,2011-10-07,1463501.99,0,49.0,3.633,136.472,4.42,False,2011,40,10,-0.8660254037844386,0.5000000000000001,-0.992708874098054,0.1205366802553232,1275597.85,1179851.68,1310324.9325,56.0
23,2011-10-14,1257778.34,0,56.79,3.583,136.5150968,4.42,False,2011,41,10,-0.8660254037844386,0.5000000000000001,-0.9709418174260521,0.23931566428755738,1463501.99,1119809.71,1320377.955,55.0
23,2011-10-21,1441032.59,0,52.12,3.618,136.5017742,4.42,False,2011,42,10,-0.8660254037844386,0.5000000000000001,-0.9350162426854148,0.35460488704253557,1257778.34,1147503.92,1321490.2475,54.0
23,2011-10-28,1407191.96,0,42.57,3.604,136.4884516,4.42,False,2011,43,10,-0.8660254037844386,0.5000000000000001,-0.8854560256532101,0.464723172043768,1441032.59,1112871.23,1359477.6925000001,53.0
23,2011-11-04,1428436.33,0,39.18,3.586,136.475129,4.42,False,2011,44,11,-0.5000000000000004,0.8660254037844384,-0.822983865893657,0.5680647467311548,1407191.96,1203119.96,1392376.22,52.0
23,2011-11-11,1436940.78,0,44.04,3.57,136.4618065,4.42,False,2011,45,11,-0.5000000000000004,0.8660254037844384,-0.7485107481711011,0.6631226582407952,1428436.33,1387953.75,1383609.805,51.0
23,2011-11-18,1345631.96,0,45.48,3.571,136.4666667,4.42,False,2011,46,11,-0.5000000000000004,0.8660254037844384,-0.6631226582407955,0.7485107481711007,1436940.78,1314994.32,1428400.415,50.0
23,2011-11-25,2057059.53,1,35.23,3.536,136.4788,4.42,True,2011,47,11,-0.5000000000000004,0.8660254037844384,-0.5680647467311559,0.8229838658936564,1345631.96,2072685.05,1404550.2575,49.0
23,2011-12-02,1552886.59,0,43.6,3.501,136.4909333,4.42,False,2011,48,12,-2.4492935982947064e-16,1.0,-0.4647231720437684,0.88545602565321,2057059.53,1617025.41,1567017.1500000001,48.0
23,2011-12-09,1841173.6,0,36.4,3.47,136.5030667,4.42,True,2011,49,12,-2.4492935982947064e-16,1.0,-0.35460488704253595,0.9350162426854147,1552886.59,1872365.99,1598129.715,47.0
23,2011-12-16,2173621.2,0,32.99,3.445,136.5335161,4.42,True,2011,50,12,-2.4492935982947064e-16,1.0,-0.2393156642875578,0.970941817426052,1841173.6,2238573.48,1699187.92,46.0
23,2011-12-23,2587953.32,0,27.8,3.413,136.5883871,4.42,True,2011,51,12,-2.4492935982947064e-16,1.0,-0.12053668025532363,0.992708874098054,2173621.2,2734277.1,1906185.23,45.0
23,2011-12-30,1213486.95,1,22.3,3.402,136.6432581,4.42,False,2011,52,12,-2.4492935982947064e-16,1.0,6.432490598706546e-16,1.0,2587953.32,1169773.85,2038908.6775,44.0
23,2012-01-06,1150662.55,0,24.29,3.439,136.698129,4.261,False,2012,1,1,0.49999999999999994,0.8660254037844387,0.12053668025532305,0.992708874098054,1213486.95,1122034.48,1954058.7675,43.0
23,2012-01-13,1031451.35,0,28.49,3.523,136.753,4.261,False,2012,2,1,0.49999999999999994,0.8660254037844387,0.23931566428755774,0.970941817426052,1150662.55,1016756.1,1781431.0050000001,42.0
23,2012-01-20,1146992.13,0,15.33,3.542,136.8564194,4.261,False,2012,3,1,0.49999999999999994,0.8660254037844387,0.3546048870425356,0.9350162426854148,1031451.35,1110706.06,1495888.5425,41.0
23,2012-01-27,1037476.38,0,25.71,3.568,136.9598387,4.261,False,2012,4,1,0.49999999999999994,0.8660254037844387,0.4647231720437685,0.8854560256532099,1146992.13,1083657.61,1135648.245,40.0
23,2012-02-03,1261872.67,0,29.71,3.633,137.0632581,4.261,False,2012,5,2,0.8660254037844386,0.5000000000000001,0.5680647467311558,0.8229838658936564,1037476.38,1159438.53,1091645.6025,39.0
23,2012-02-10,1358444.07,1,26.6,3.655,137.1666774,4.261,False,2012,6,2,0.8660254037844386,0.5000000000000001,0.6631226582407952,0.7485107481711011,1261872.67,1249786.4,1119448.1324999998,38.0
23,2012-02-17,1365546.69,0,27.01,3.703,137.2583103,4.261,False,2012,7,2,0.8660254037844386,0.5000000000000001,0.7485107481711011,0.6631226582407953,1358444.07,1369971.57,1201196.3125,37.0
23,2012-02-24,1272948.27,0,31.12,3.751,137.3411034,4.261,False,2012,8,2,0.8660254037844386,0.5000000000000001,0.8229838658936564,0.5680647467311559,1365546.69,1206917.2,1255834.9525,36.0
23,2012-03-02,1322852.2,0,25.91,3.827,137.4238966,4.261,False,2012,9,3,1.0,6.123233995736766e-17,0.8854560256532099,0.4647231720437686,1272948.27,1301185.28,1314702.925,35.0
23,2012-03-09,1292724.9,0,33.11,3.876,137.5066897,4.261,False,2012,10,3,1.0,6.123233995736766e-17,0.9350162426854148,0.35460488704253557,1322852.2,1042043.55,1329947.8075,34.0
23,2012-03-16,1258364.31,0,41.19,3.867,137.5843871,4.261,False,2012,11,3,1.0,6.123233995736766e-17,0.970941817426052,0.23931566428755804,1292724.9,1203682.62,1313518.015,33.0
23,2012-03-23,1288154.1,0,57.82,3.889,137.6552903,4.261,False,2012,12,3,1.0,6.123233995736766e-17,0.992708874098054,0.120536680255323,1258364.31,1148624.83,1286722.42,32.0
23,2012-03-30,1261964.96,0,36.71,3.921,137.7261935,4.261,False,2012,13,3,1.0,6.123233995736766e-17,1.0,-1.6081226496766364e-16,1288154.1,1182694.95,1290523.8775,31.0
23,2012-04-06,1604605.69,0,37.43,3.957,137.7970968,4.125,False,2012,14,4,0.8660254037844387,-0.4999999999999998,0.992708874098054,-0.12053668025532288,1261964.96,1248901.98,1275302.0675,30.0
23,2012-04-13,1231752.54,0,41.81,4.025,137.868,4.125,False,2012,15,4,0.8660254037844387,-0.4999999999999998,0.9709418174260521,-0.2393156642875575,1604605.69,1263680.51,1353272.2650000001,29.0
23,2012-04-20,1287899.41,0,56.55,4.046,137.9230667,4.125,False,2012,16,4,0.8660254037844387,-0.4999999999999998,0.9350162426854148,-0.35460488704253545,1231752.54,1447301.24,1346619.3225,28.0
23,2012-04-27,1277758.76,0,44.62,4.023,137.9781333,4.125,False,2012,17,4,0.8660254037844387,-0.4999999999999998,0.8854560256532099,-0.4647231720437685,1287899.41,1173307.4,1346555.65,27.0
23,2012-05-04,1317379.68,0,45.88,3.991,138.0332,4.125,False,2012,18,5,0.49999999999999994,-0.8660254037844387,0.8229838658936565,-0.5680647467311557,1277758.76,1359921.13,1350504.1,26.0
23,2012-05-11,1321914.34,0,52.9,3.947,138.0882667,4.125,False,2012,19,5,0.49999999999999994,-0.8660254037844387,0.7485107481711013,-0.663122658240795,1317379.68,1254914.87,1278697.5975,25.0
23,2012-05-18,1332952.47,0,58.42,3.899,138.1065806,4.125,False,2012,20,5,0.49999999999999994,-0.8660254037844387,0.6631226582407952,-0.7485107481711012,1321914.34,1337617.55,1301238.0474999999,24.0
23,2012-05-25,1552934.64,0,66.43,3.85,138.1101935,4.125,False,2012,21,5,0.49999999999999994,-0.8660254037844387,0.5680647467311558,-0.8229838658936564,1332952.47,1361945.18,1312501.3125,23.0
23,2012-06-01,1476144.34,0,66.22,3.798,138.1138065,4.125,False,2012,22,6,1.2246467991473532e-16,-1.0,0.46472317204376906,-0.8854560256532096,1552934.64,1562161.97,1381295.2825,22.0
23,2012-06-08,1568048.54,0,56.82,3.746,138.1174194,4.125,False,2012,23,6,1.2246467991473532e-16,-1.0,0.35460488704253584,-0.9350162426854147,1476144.34,1447028.06,1420986.4475,21.0
23,2012-06-15,1543667.68,0,64.73,3.683,138.1295333,4.125,False,2012,24,6,1.2246467991473532e-16,-1.0,0.23931566428755768,-0.970941817426052,1568048.54,1470520.83,1482519.9974999998,20.0
23,2012-06-22,1522042.57,0,71.82,3.629,138.1629,4.125,False,2012,25,6,1.2246467991473532e-16,-1.0,0.12053668025532308,-0.992708874098054,1543667.68,1434036.18,1535198.7999999998,19.0
23,2012-06-29,1451782.16,0,64.23,3.577,138.1962667,4.125,False,2012,26,6,1.2246467991473532e-16,-1.0,-3.216245299353273e-16,-1.0,1522042.57,1492507.44,1527475.7825,18.0
23,2012-07-06,1545370.16,0,70.86,3.538,138.2296333,4.156,False,2012,27,7,-0.4999999999999997,-0.8660254037844388,-0.12053668025532283,-0.992708874098054,1451782.16,1379488.05,1521385.2375,17.0
23,2012-07-13,1384921.63,0,69.19,3.561,138.263,4.156,False,2012,28,7,-0.4999999999999997,-0.8660254037844388,-0.23931566428755743,-0.9709418174260521,1545370.16,1360520.56,1515715.6425,16.0
23,2012-07-20,1381339.23,0,71.13,3.61,138.2331935,4.156,False,2012,29,7,-0.4999999999999997,-0.8660254037844388,-0.3546048870425356,-0.9350162426854148,1384921.63,1362144.0,1476029.1300000001,15.0
23,2012-07-27,1322932.36,0,69.31,3.701,138.2033871,4.156,False,2012,30,7,-0.4999999999999997,-0.8660254037844388,-0.46472317204376806,-0.8854560256532101,1381339.23,1319767.55,1440853.295,14.0
23,2012-08-03,1416926.31,0,71.51,3.698,138.1735806,4.156,False,2012,31,8,-0.8660254037844384,-0.5000000000000004,-0.5680647467311556,-0.8229838658936565,1322932.36,1416344.68,1408640.845,13.0
23,2012-08-10,1436311.76,0,71.12,3.772,138.1437742,4.156,False,2012,32,8,-0.8660254037844384,-0.5000000000000004,-0.663122658240795,-0.7485107481711013,1416926.31,1380952.05,1376529.8824999998,12.0
23,2012-08-17,1510131.45,0,69.97,3.84,138.1857097,4.156,False,2012,33,8,-0.8660254037844384,-0.5000000000000004,-0.7485107481711011,-0.6631226582407952,1436311.76,1453416.53,1389377.415,11.0
23,2012-08-24,1702220.96,0,64.63,3.874,138.2814516,4.156,False,2012,34,8,-0.8660254037844384,-0.5000000000000004,-0.8229838658936564,-0.5680647467311559,1510131.45,1637266.29,1421575.4700000002,10.0
23,2012-08-31,1577468.78,0,68.34,3.884,138.3771935,4.156,False,2012,35,8,-0.8660254037844384,-0.5000000000000004,-0.8854560256532096,-0.4647231720437691,1702220.96,1464295.69,1516397.62,9.0
23,2012-09-07,1427162.26,1,66.74,3.921,138.4729355,4.156,False,2012,36,9,-1.0,-1.8369701987210297e-16,-0.9350162426854147,-0.3546048870425359,1577468.78,1423289.9,1556533.2374999998,8.0
23,2012-09-14,1279041.64,0,61.37,3.988,138.5673,4.156,False,2012,37,9,-1.0,-1.8369701987210297e-16,-0.970941817426052,-0.23931566428755774,1427162.26,1253329.17,1554245.8624999998,7.0
23,2012-09-21,1338627.55,0,56.8,4.056,138.6534,4.156,False,2012,38,9,-1.0,-1.8369701987210297e-16,-0.992708874098054,-0.12053668025532357,1279041.64,1289082.81,1496473.4100000001,6.0
23,2012-09-28,1319035.06,0,53.71,4.018,138.7395,4.156,False,2012,39,9,-1.0,-1.8369701987210297e-16,-1.0,-1.8369701987210297e-16,1338627.55,1275597.85,1405575.0574999999,5.0
23,2012-10-05,1464616.59,0,56.65,4.027,138.8256,4.145,False,2012,40,10,-0.8660254037844386,0.5000000000000001,-0.992708874098054,0.1205366802553232,1319035.06,1463501.99,1340966.6275,4.0
23,2012-10-12,1412925.25,0,48.1,4.029,138.9117,4.145,False,2012,41,10,-0.8660254037844386,0.5000000000000001,-0.9709418174260521,0.23931566428755738,1464616.59,1257778.34,1350330.21,3.0
23,2012-10-19,1363155.77,0,47.89,4.0,138.8336129,4.145,False,2012,42,10,-0.8660254037844386,0.5000000000000001,-0.9350162426854148,0.35460488704253557,1412925.25,1441032.59,1383801.1125,2.0
23,2012-10-26,1347454.59,0,50.56,3.917,138.7281613,4.145,False,2012,43,10,-0.8660254037844386,0.5000000000000001,-0.8854560256532101,0.464723172043768,1363155.77,1407191.96,1389933.1675000002,1.0
24,2011-02-04,1225182.04,0,23.83,3.4,133.1834194,8.252,False,2011,5,2,0.8660254037844386,0.5000000000000001,0.5680647467311558,0.8229838658936564,1126921.34,1388725.63,1145118.4100000001,91.0
24,2011-02-11,1341240.62,1,26.51,3.416,133.260871,8.252,False,2011,6,2,0.8660254037844386,0.5000000000000001,0.6631226582407952,0.7485107481711011,1225182.04,1414107.1,1156753.4925000002,90.0
24,2011-02-18,1360150.12,0,34.04,3.42,133.3701429,8.252,False,2011,7,2,0.8660254037844386,0.5000000000000001,0.7485107481711011,0.6631226582407953,1341240.62,1385362.49,1200128.5975000001,89.0
24,2011-02-25,1235121.33,0,26.09,3.452,133.4921429,8.252,False,2011,8,2,0.8660254037844386,0.5000000000000001,0.8229838658936564,0.5680647467311559,1360150.12,1158722.74,1263373.5300000003,88.0
24,2011-03-04,1346994.53,0,31.36,3.605,133.6141429,8.252,False,2011,9,3,1.0,6.123233995736766e-17,0.8854560256532099,0.4647231720437686,1235121.33,1412387.37,1290423.5275,87.0
24,2011-03-11,1253218.7,0,39.51,3.752,133.7361429,8.252,False,2011,10,3,1.0,6.123233995736766e-17,0.9350162426854148,0.35460488704253557,1346994.53,1309340.16,1320876.6500000001,86.0
24,2011-03-18,1168397.26,0,43.39,3.796,133.8492258,8.252,False,2011,11,3,1.0,6.123233995736766e-17,0.970941817426052,0.23931566428755804,1253218.7,1222511.29,1298871.17,85.0
24,2011-03-25,1158693.12,0,36.88,3.789,133.9587419,8.252,False,2011,12,3,1.0,6.123233995736766e-17,0.992708874098054,0.120536680255323,1168397.26,1258311.56,1250932.955,84.0
24,2011-04-01,1163803.3,0,35.73,3.811,134.0682581,8.212,False,2011,13,4,0.8660254037844387,-0.4999999999999998,1.0,-1.6081226496766364e-16,1158693.12,1478321.26,1231825.9025,83.0
24,2011-04-08,1273670.32,0,44.7,3.895,134.1777742,8.212,False,2011,14,4,0.8660254037844387,-0.4999999999999998,0.992708874098054,-0.12053668025532288,1163803.3,1379579.63,1186028.095,82.0
24,2011-04-15,1245576.65,0,52.36,3.981,134.2784667,8.212,False,2011,15,4,0.8660254037844387,-0.4999999999999998,0.9709418174260521,-0.2393156642875575,1273670.32,1268266.72,1191141.0,81.0
24,2011-04-22,1372484.9,0,46.0,4.061,134.3571,8.212,False,2011,16,4,0.8660254037844387,-0.4999999999999998,0.9350162426854148,-0.35460488704253545,1245576.65,1264117.01,1210435.8475000001,80.0
24,2011-04-29,1197761.17,0,60.48,4.117,134.4357333,8.212,False,2011,17,4,0.8660254037844387,-0.4999999999999998,0.8854560256532099,-0.4647231720437685,1372484.9,1259877.19,1263883.7925,79.0
24,2011-05-06,1339630.35,0,55.75,4.192,134.5143667,8.212,False,2011,18,5,0.49999999999999994,-0.8660254037844387,0.8229838658936565,-0.5680647467311557,1197761.17,1409705.03,1272373.26,78.0
24,2011-05-13,1311950.16,0,58.49,4.211,134.593,8.212,False,2011,19,5,0.49999999999999994,-0.8660254037844387,0.7485107481711013,-0.663122658240795,1339630.35,1346783.35,1288863.2674999998,77.0
24,2011-05-20,1234281.7,0,59.84,4.202,134.6803871,8.212,False,2011,20,5,0.49999999999999994,-0.8660254037844387,0.6631226582407952,-0.7485107481711012,1311950.16,1283482.85,1305456.645,76.0
24,2011-05-27,1311153.72,0,65.74,4.134,134.7677742,8.212,False,2011,21,5,0.49999999999999994,-0.8660254037844387,0.5680647467311558,-0.8229838658936564,1234281.7,1473868.15,1270905.845,75.0
24,2011-06-03,1554837.62,0,73.12,4.069,134.8551613,8.212,False,2011,22,6,1.2246467991473532e-16,-1.0,0.46472317204376906,-0.8854560256532096,1311153.72,1566668.91,1299253.9825,74.0
24,2011-06-10,1373841.91,0,70.02,4.025,134.9425484,8.212,False,2011,23,6,1.2246467991473532e-16,-1.0,0.35460488704253584,-0.9350162426854147,1554837.62,1375458.21,1353055.8,73.0
24,2011-06-17,1320359.23,0,64.34,3.989,135.0837333,8.212,False,2011,24,6,1.2246467991473532e-16,-1.0,0.23931566428755768,-0.970941817426052,1373841.91,1354168.18,1368528.7375,72.0
24,2011-06-24,1304850.67,0,68.88,3.964,135.2652667,8.212,False,2011,25,6,1.2246467991473532e-16,-1.0,0.12053668025532308,-0.992708874098054,1320359.23,1399073.75,1390048.1199999999,71.0
24,2011-07-01,1445596.61,0,70.27,3.916,135.4468,8.358,False,2011,26,7,-0.4999999999999997,-0.8660254037844388,-3.216245299353273e-16,-1.0,1304850.67,1563387.94,1388472.3575,70.0
24,2011-07-08,1567340.07,0,72.56,3.886,135.6283333,8.358,False,2011,27,7,-0.4999999999999997,-0.8660254037844388,-0.12053668025532283,-0.992708874098054,1445596.61,1665502.55,1361162.105,69.0
24,2011-07-15,1356938.95,0,74.43,3.915,135.7837419,8.358,False,2011,28,7,-0.4999999999999997,-0.8660254037844388,-0.23931566428755743,-0.9709418174260521,1567340.07,1418697.05,1409536.645,68.0
24,2011-07-22,1357672.24,0,79.29,3.972,135.8738387,8.358,False,2011,29,7,-0.4999999999999997,-0.8660254037844388,-0.3546048870425356,-0.9350162426854148,1356938.95,1333740.35,1418681.5750000002,67.0
24,2011-07-29,1310973.06,0,74.84,4.004,135.9639355,8.358,False,2011,30,7,-0.4999999999999997,-0.8660254037844388,-0.46472317204376806,-0.8854560256532101,1357672.24,1387517.63,1431886.9675,66.0
24,2011-08-05,1417616.81,0,74.64,4.02,136.0540323,8.358,False,2011,31,8,-0.8660254037844384,-0.5000000000000004,-0.5680647467311556,-0.8229838658936565,1310973.06,1442819.28,1398231.08,65.0
24,2011-08-12,1402818.01,0,72.52,3.995,136.144129,8.358,False,2011,32,8,-0.8660254037844384,-0.5000000000000004,-0.663122658240795,-0.7485107481711013,1417616.81,1384243.75,1360800.265,64.0
24,2011-08-19,1352039.88,0,69.93,3.942,136.183129,8.358,False,2011,33,8,-0.8660254037844384,-0.5000000000000004,-0.7485107481711011,-0.6631226582407952,1402818.01,1375307.54,1372270.03,63.0
24,2011-08-26,1402372.09,0,69.94,3.906,136.2136129,8.358,False,2011,34,8,-0.8660254037844384,-0.5000000000000004,-0.8229838658936564,-0.5680647467311559,1352039.88,1350059.35,1370861.94,62.0
24,2011-09-02,1196105.44,0,68.14,3.879,136.2440968,8.358,False,2011,35,9,-1.0,-1.8369701987210297e-16,-0.8854560256532096,-0.4647231720437691,1402372.09,1366381.6,1393711.6975,61.0
24,2011-09-09,1527455.19,1,68.32,3.93,136.2745806,8.358,False,2011,36,9,-1.0,-1.8369701987210297e-16,-0.9350162426854147,-0.3546048870425359,1196105.44,1474498.59,1338333.855,60.0
24,2011-09-16,1227535.97,0,65.56,3.937,136.3145,8.358,False,2011,37,9,-1.0,-1.8369701987210297e-16,-0.970941817426052,-0.23931566428755774,1527455.19,1273295.46,1369493.15,59.0
24,2011-09-23,1232376.49,0,60.61,3.899,136.367,8.358,False,2011,38,9,-1.0,-1.8369701987210297e-16,-0.992708874098054,-0.12053668025532357,1227535.97,1169413.27,1338367.1724999999,58.0
24,2011-09-30,1246242.61,0,68.0,3.858,136.4195,8.358,False,2011,39,9,-1.0,-1.8369701987210297e-16,-1.0,-1.8369701987210297e-16,1232376.49,1215273.2,1295868.2725,57.0
24,2011-10-07,1405914.39,0,53.87,3.775,136.472,8.454,False,2011,40,10,-0.8660254037844386,0.5000000000000001,-0.992708874098054,0.1205366802553232,1246242.61,1361944.94,1308402.565,56.0
24,2011-10-14,1333315.03,0,60.21,3.744,136.5150968,8.454,False,2011,41,10,-0.8660254037844386,0.5000000000000001,-0.9709418174260521,0.23931566428755738,1405914.39,1300806.74,1278017.365,55.0
24,2011-10-21,1283563.43,0,56.6,3.757,136.5017742,8.454,False,2011,42,10,-0.8660254037844386,0.5000000000000001,-0.9350162426854148,0.35460488704253557,1333315.03,1234875.33,1304462.13,54.0
24,2011-10-28,1307142.75,0,48.0,3.757,136.4884516,8.454,False,2011,43,10,-0.8660254037844386,0.5000000000000001,-0.8854560256532101,0.464723172043768,1283563.43,1244925.94,1317258.865,53.0
24,2011-11-04,1385860.38,0,39.87,3.738,136.475129,8.454,False,2011,44,11,-0.5000000000000004,0.8660254037844384,-0.822983865893657,0.5680647467311548,1307142.75,1285358.01,1332483.9,52.0
24,2011-11-11,1425078.59,0,46.78,3.719,136.4618065,8.454,False,2011,45,11,-0.5000000000000004,0.8660254037844384,-0.7485107481711011,0.6631226582407952,1385860.38,1312877.01,1327470.3975,51.0
24,2011-11-18,1297535.69,0,48.17,3.717,136.4666667,8.454,False,2011,46,11,-0.5000000000000004,0.8660254037844384,-0.6631226582407955,0.7485107481711007,1425078.59,1277150.6,1350411.2875,50.0
24,2011-11-25,1761235.67,1,41.83,3.689,136.4788,8.454,True,2011,47,11,-0.5000000000000004,0.8660254037844384,-0.5680647467311559,0.8229838658936564,1297535.69,1779276.51,1353904.3525,49.0
24,2011-12-02,1335647.1,0,47.21,3.666,136.4909333,8.454,False,2011,48,12,-2.4492935982947064e-16,1.0,-0.4647231720437684,0.88545602565321,1761235.67,1413302.7,1467427.5825,48.0
24,2011-12-09,1529615.54,0,42.3,3.627,136.5030667,8.454,False,2011,49,12,-2.4492935982947064e-16,1.0,-0.35460488704253595,0.9350162426854147,1335647.1,1593012.75,1454874.2625000002,47.0
24,2011-12-16,1624994.43,0,36.0,3.611,136.5335161,8.454,False,2011,50,12,-2.4492935982947064e-16,1.0,-0.2393156642875578,0.970941817426052,1529615.54,1663525.77,1481008.5,46.0
24,2011-12-23,2168344.23,0,36.93,3.587,136.5883871,8.454,True,2011,51,12,-2.4492935982947064e-16,1.0,-0.12053668025532363,0.992708874098054,1624994.43,2386015.75,1562873.185,45.0
24,2011-12-30,1363973.16,1,33.45,3.566,136.6432581,8.454,False,2011,52,12,-2.4492935982947064e-16,1.0,6.432490598706546e-16,1.0,2168344.23,1208600.05,1664650.325,44.0
24,2012-01-06,1251581.89,0,32.86,3.585,136.698129,8.659,False,2012,1,1,0.49999999999999994,0.8660254037844387,0.12053668025532305,0.992708874098054,1363973.16,1178641.71,1671731.8399999999,43.0
24,2012-01-13,1155594.2,0,36.5,3.666,136.753,8.659,False,2012,2,1,0.49999999999999994,0.8660254037844387,0.23931566428755774,0.970941817426052,1251581.89,1167740.2,1602223.4275,42.0
24,2012-01-20,1151993.85,0,25.73,3.705,136.8564194,8.659,False,2012,3,1,0.49999999999999994,0.8660254037844387,0.3546048870425356,0.9350162426854148,1155594.2,1107170.39,1484873.3699999999,41.0
24,2012-01-27,1057290.41,0,31.92,3.737,136.9598387,8.659,False,2012,4,1,0.49999999999999994,0.8660254037844387,0.4647231720437685,0.8854560256532099,1151993.85,1126921.34,1230785.775,40.0
24,2012-02-03,1249696.97,0,38.61,3.796,137.0632581,8.659,False,2012,5,2,0.8660254037844386,0.5000000000000001,0.5680647467311558,0.8229838658936564,1057290.41,1225182.04,1154115.0875,39.0
24,2012-02-10,1403460.87,1,33.82,3.826,137.1666774,8.659,False,2012,6,2,0.8660254037844386,0.5000000000000001,0.6631226582407952,0.7485107481711011,1249696.97,1341240.62,1153643.8575,38.0
24,2012-02-17,1326370.08,0,33.92,3.874,137.2583103,8.659,False,2012,7,2,0.8660254037844386,0.5000000000000001,0.7485107481711011,0.6631226582407953,1403460.87,1360150.12,1215610.525,37.0
24,2012-02-24,1303233.15,0,37.35,3.917,137.3411034,8.659,False,2012,8,2,0.8660254037844386,0.5000000000000001,0.8229838658936564,0.5680647467311559,1326370.08,1235121.33,1259204.5825,36.0
24,2012-03-02,1213994.39,0,35.36,3.983,137.4238966,8.659,False,2012,9,3,1.0,6.123233995736766e-17,0.8854560256532099,0.4647231720437686,1303233.15,1346994.53,1320690.2675,35.0
24,2012-03-09,1325835.7,0,41.5,4.021,137.5066897,8.659,False,2012,10,3,1.0,6.123233995736766e-17,0.9350162426854148,0.35460488704253557,1213994.39,1253218.7,1311764.6225,34.0
24,2012-03-16,1239299.12,0,48.68,4.021,137.5843871,8.659,False,2012,11,3,1.0,6.123233995736766e-17,0.970941817426052,0.23931566428755804,1325835.7,1168397.26,1292358.33,33.0
24,2012-03-23,1221723.94,0,59.51,4.054,137.6552903,8.659,False,2012,12,3,1.0,6.123233995736766e-17,0.992708874098054,0.120536680255323,1239299.12,1158693.12,1270590.59,32.0
24,2012-03-30,1230106.13,0,47.28,4.098,137.7261935,8.659,False,2012,13,3,1.0,6.123233995736766e-17,1.0,-1.6081226496766364e-16,1221723.94,1163803.3,1250213.2874999999,31.0
24,2012-04-06,1524734.29,0,45.25,4.143,137.7970968,8.983,False,2012,14,4,0.8660254037844387,-0.4999999999999998,0.992708874098054,-0.12053668025532288,1230106.13,1273670.32,1254241.2225,30.0
24,2012-04-13,1285783.87,0,48.65,4.187,137.868,8.983,False,2012,15,4,0.8660254037844387,-0.4999999999999998,0.9709418174260521,-0.2393156642875575,1524734.29,1245576.65,1303965.8699999999,29.0
24,2012-04-20,1208654.4,0,61.05,4.17,137.9230667,8.983,False,2012,16,4,0.8660254037844387,-0.4999999999999998,0.9350162426854148,-0.35460488704253545,1285783.87,1372484.9,1315587.0574999999,28.0
24,2012-04-27,1194334.65,0,49.26,4.163,137.9781333,8.983,False,2012,17,4,0.8660254037844387,-0.4999999999999998,0.8854560256532099,-0.4647231720437685,1208654.4,1197761.17,1312319.6725,27.0
24,2012-05-04,1306551.71,0,52.14,4.124,138.0332,8.983,False,2012,18,5,0.49999999999999994,-0.8660254037844387,0.8229838658936565,-0.5680647467311557,1194334.65,1339630.35,1303376.8025,26.0
24,2012-05-11,1355391.79,0,58.7,4.055,138.0882667,8.983,False,2012,19,5,0.49999999999999994,-0.8660254037844387,0.7485107481711013,-0.663122658240795,1306551.71,1311950.16,1248831.1575,25.0
24,2012-05-18,1298809.8,0,63.1,4.029,138.1065806,8.983,False,2012,20,5,0.49999999999999994,-0.8660254037844387,0.6631226582407952,-0.7485107481711012,1355391.79,1234281.7,1266233.1375,24.0
24,2012-05-25,1407897.57,0,65.79,3.979,138.1101935,8.983,False,2012,21,5,0.49999999999999994,-0.8660254037844387,0.5680647467311558,-0.8229838658936564,1298809.8,1311153.72,1288771.9874999998,23.0
24,2012-06-01,1467722.19,0,71.79,3.915,138.1138065,8.983,False,2012,22,6,1.2246467991473532e-16,-1.0,0.46472317204376906,-0.8854560256532096,1407897.57,1554837.62,1342162.7175,22.0
24,2012-06-08,1406313.13,0,59.93,3.871,138.1174194,8.983,False,2012,23,6,1.2246467991473532e-16,-1.0,0.35460488704253584,-0.9350162426854147,1467722.19,1373841.91,1382455.3375000001,21.0
24,2012-06-15,1364445.98,0,68.28,3.786,138.1295333,8.983,False,2012,24,6,1.2246467991473532e-16,-1.0,0.23931566428755768,-0.970941817426052,1406313.13,1320359.23,1395185.6725,20.0
24,2012-06-22,1434709.63,0,72.29,3.722,138.1629,8.983,False,2012,25,6,1.2246467991473532e-16,-1.0,0.12053668025532308,-0.992708874098054,1364445.98,1304850.67,1411594.7175,19.0
24,2012-06-29,1428869.9,0,70.4,3.667,138.1962667,8.983,False,2012,26,6,1.2246467991473532e-16,-1.0,-3.216245299353273e-16,-1.0,1434709.63,1445596.61,1418297.7325,18.0
24,2012-07-06,1645097.75,0,77.18,3.646,138.2296333,8.953,True,2012,27,7,-0.4999999999999997,-0.8660254037844388,-0.12053668025532283,-0.992708874098054,1428869.9,1567340.07,1408584.66,17.0
24,2012-07-13,1405475.78,0,75.36,3.689,138.263,8.953,False,2012,28,7,-0.4999999999999997,-0.8660254037844388,-0.23931566428755743,-0.9709418174260521,1645097.75,1356938.95,1468280.815,16.0
24,2012-07-20,1394299.0,0,76.42,3.732,138.2331935,8.953,False,2012,29,7,-0.4999999999999997,-0.8660254037844388,-0.3546048870425356,-0.9350162426854148,1405475.78,1357672.24,1478538.2650000001,15.0
24,2012-07-27,1307339.14,0,73.62,3.82,138.2033871,8.953,False,2012,30,7,-0.4999999999999997,-0.8660254037844388,-0.46472317204376806,-0.8854560256532101,1394299.0,1310973.06,1468435.6075,14.0
24,2012-08-03,1440374.13,0,73.26,3.819,138.1735806,8.953,False,2012,31,8,-0.8660254037844384,-0.5000000000000004,-0.5680647467311556,-0.8229838658936565,1307339.14,1417616.81,1438052.9175,13.0
24,2012-08-10,1497054.81,0,75.53,3.863,138.1437742,8.953,False,2012,32,8,-0.8660254037844384,-0.5000000000000004,-0.663122658240795,-0.7485107481711013,1440374.13,1402818.01,1386872.0125,12.0
24,2012-08-17,1397970.54,0,72.87,3.963,138.1857097,8.953,False,2012,33,8,-0.8660254037844384,-0.5000000000000004,-0.7485107481711011,-0.6631226582407952,1497054.81,1352039.88,1409766.77,11.0
24,2012-08-24,1303726.54,0,68.13,3.997,138.2814516,8.953,False,2012,34,8,-0.8660254037844384,-0.5000000000000004,-0.8229838658936564,-0.5680647467311559,1397970.54,1402372.09,1410684.655,10.0
24,2012-08-31,1344558.92,0,71.18,4.026,138.3771935,8.953,False,2012,35,8,-0.8660254037844384,-0.5000000000000004,-0.8854560256532096,-0.4647231720437691,1303726.54,1196105.44,1409781.5050000001,9.0
24,2012-09-07,1477134.75,1,72.81,4.076,138.4729355,8.953,False,2012,36,9,-1.0,-1.8369701987210297e-16,-0.9350162426854147,-0.3546048870425359,1344558.92,1527455.19,1385827.7025000001,8.0
24,2012-09-14,1242909.53,0,64.28,4.088,138.5673,8.953,False,2012,37,9,-1.0,-1.8369701987210297e-16,-0.970941817426052,-0.23931566428755774,1477134.75,1227535.97,1380847.6875,7.0
24,2012-09-21,1261158.47,0,61.25,4.203,138.6534,8.953,False,2012,38,9,-1.0,-1.8369701987210297e-16,-0.992708874098054,-0.12053668025532357,1242909.53,1232376.49,1342082.435,6.0
24,2012-09-28,1259278.36,0,58.86,4.158,138.7395,8.953,False,2012,39,9,-1.0,-1.8369701987210297e-16,-1.0,-1.8369701987210297e-16,1261158.47,1246242.61,1331440.4175,5.0
24,2012-10-05,1416720.54,0,60.35,4.151,138.8256,8.693,False,2012,40,10,-0.8660254037844386,0.5000000000000001,-0.992708874098054,0.1205366802553232,1259278.36,1405914.39,1310120.2774999999,4.0
24,2012-10-12,1416301.17,0,51.64,4.186,138.9117,8.693,False,2012,41,10,-0.8660254037844386,0.5000000000000001,-0.9709418174260521,0.23931566428755738,1416720.54,1333315.03,1295016.725,3.0
24,2012-10-19,1255414.84,0,52.59,4.153,138.8336129,8.693,False,2012,42,10,-0.8660254037844386,0.5000000000000001,-0.9350162426854148,0.35460488704253557,1416301.17,1283563.43,1338364.635,2.0
24,2012-10-26,1307182.29,0,55.16,4.071,138.7281613,8.693,False,2012,43,10,-0.8660254037844386,0.5000000000000001,-0.8854560256532101,0.464723172043768,1255414.84,1307142.75,1336928.7275,1.0
25,2011-02-04,639830.45,0,23.94,3.231,205.7329407,7.343,False,2011,5,2,0.8660254037844386,0.5000000000000001,0.5680647467311558,0.8229838658936564,600448.69,677231.63,574924.4299999999,91.0
25,2011-02-11,615666.78,1,21.18,3.239,206.0763862,7.343,False,2011,6,2,0.8660254037844386,0.5000000000000001,0.6631226582407952,0.7485107481711011,639830.45,583364.02,595183.385,90.0
25,2011-02-18,634637.03,0,38.42,3.245,206.3694701,7.343,False,2011,7,2,0.8660254037844386,0.5000000000000001,0.7485107481711011,0.6631226582407953,615666.78,676260.67,606009.8724999999,89.0
25,2011-02-25,570816.34,0,28.36,3.274,206.6424093,7.343,False,2011,8,2,0.8660254037844386,0.5000000000000001,0.8229838658936564,0.5680647467311559,634637.03,628516.57,622645.7375,88.0
25,2011-03-04,640912.18,0,31.59,3.433,206.9153485,7.343,False,2011,9,3,1.0,6.123233995736766e-17,0.8854560256532099,0.4647231720437686,570816.34,665750.06,615237.65,87.0
25,2011-03-11,599828.39,0,36.73,3.582,207.1882876,7.343,False,2011,10,3,1.0,6.123233995736766e-17,0.9350162426854148,0.35460488704253557,640912.18,660619.99,615508.0825,86.0
25,2011-03-18,603393.64,0,40.94,3.631,207.4283845,7.343,False,2011,11,3,1.0,6.123233995736766e-17,0.970941817426052,0.23931566428755804,599828.39,659795.84,611548.4850000001,85.0
25,2011-03-25,616324.24,0,38.51,3.625,207.6553444,7.343,False,2011,12,3,1.0,6.123233995736766e-17,0.992708874098054,0.120536680255323,603393.64,696687.6,603737.6375,84.0
25,2011-04-01,618377.79,0,28.5,3.638,207.8823043,7.287,False,2011,13,4,0.8660254037844387,-0.4999999999999998,1.0,-1.6081226496766364e-16,616324.24,822486.37,615114.6125,83.0
25,2011-04-08,648606.13,0,42.11,3.72,208.1092642,7.287,False,2011,14,4,0.8660254037844387,-0.4999999999999998,0.992708874098054,-0.12053668025532288,618377.79,712647.97,609481.015,82.0
25,2011-04-15,674562.45,0,51.43,3.821,208.3172811,7.287,False,2011,15,4,0.8660254037844387,-0.4999999999999998,0.9709418174260521,-0.2393156642875575,648606.13,715311.6,621675.45,81.0
25,2011-04-22,756588.42,0,45.87,3.892,208.4779405,7.287,False,2011,16,4,0.8660254037844387,-0.4999999999999998,0.9350162426854148,-0.35460488704253545,674562.45,694531.72,639467.6525,80.0
25,2011-04-29,649245.0,0,58.43,3.962,208.6386,7.287,False,2011,17,4,0.8660254037844387,-0.4999999999999998,0.8854560256532099,-0.4647231720437685,756588.42,706924.02,674533.6975,79.0
25,2011-05-06,659446.55,0,49.5,4.046,208.7992595,7.287,False,2011,18,5,0.49999999999999994,-0.8660254037844387,0.8229838658936565,-0.5680647467311557,649245.0,724468.97,682250.5,78.0
25,2011-05-13,684783.15,0,60.1,4.066,208.9599189,7.287,False,2011,19,5,0.49999999999999994,-0.8660254037844387,0.7485107481711013,-0.663122658240795,659446.55,698073.95,684960.605,77.0
25,2011-05-20,677971.33,0,56.56,4.062,208.7583165,7.287,False,2011,20,5,0.49999999999999994,-0.8660254037844387,0.6631226582407952,-0.7485107481711012,684783.15,704113.22,687515.78,76.0
25,2011-05-27,718373.94,0,67.18,3.985,208.556714,7.287,False,2011,21,5,0.49999999999999994,-0.8660254037844387,0.5680647467311558,-0.8229838658936564,677971.33,792442.54,667861.5075000001,75.0
25,2011-06-03,737551.74,0,70.69,3.922,208.3551116,7.287,False,2011,22,6,1.2246467991473532e-16,-1.0,0.46472317204376906,-0.8854560256532096,718373.94,764155.44,685143.7425,74.0
25,2011-06-10,740259.63,0,71.45,3.881,208.1535092,7.287,False,2011,23,6,1.2246467991473532e-16,-1.0,0.35460488704253584,-0.9350162426854147,737551.74,737163.2,704670.0399999999,73.0
25,2011-06-17,717373.43,0,63.58,3.842,208.1265604,7.287,False,2011,24,6,1.2246467991473532e-16,-1.0,0.23931566428755768,-0.970941817426052,740259.63,780444.94,718539.1599999999,72.0
25,2011-06-24,699270.1,0,70.71,3.804,208.2306018,7.287,False,2011,25,6,1.2246467991473532e-16,-1.0,0.12053668025532308,-0.992708874098054,717373.43,737569.14,728389.6849999999,71.0
25,2011-07-01,706206.86,0,66.61,3.748,208.3346432,7.274,False,2011,26,7,-0.4999999999999997,-0.8660254037844388,-3.216245299353273e-16,-1.0,699270.1,759407.87,723613.725,70.0
25,2011-07-08,698529.64,0,71.64,3.711,208.4386847,7.274,False,2011,27,7,-0.4999999999999997,-0.8660254037844388,-0.12053668025532283,-0.992708874098054,706206.86,719591.13,715777.505,69.0
25,2011-07-15,680510.23,0,72.67,3.76,208.5309337,7.274,False,2011,28,7,-0.4999999999999997,-0.8660254037844388,-0.23931566428755743,-0.9709418174260521,698529.64,726997.84,705345.0075,68.0
25,2011-07-22,670854.96,0,78.1,3.811,208.5937018,7.274,False,2011,29,7,-0.4999999999999997,-0.8660254037844388,-0.3546048870425356,-0.9350162426854148,680510.23,665290.93,696129.2075,67.0
25,2011-07-29,668390.82,0,74.72,3.829,208.6564699,7.274,False,2011,30,7,-0.4999999999999997,-0.8660254037844388,-0.46472317204376806,-0.8854560256532101,670854.96,682124.34,689025.4225,66.0
25,2011-08-05,679706.01,0,74.0,3.842,208.719238,7.274,False,2011,31,8,-0.8660254037844384,-0.5000000000000004,-0.5680647467311556,-0.8229838658936565,668390.82,699464.43,679571.4125,65.0
25,2011-08-12,667130.48,0,70.93,3.812,208.7820061,7.274,False,2011,32,8,-0.8660254037844384,-0.5000000000000004,-0.663122658240795,-0.7485107481711013,679706.01,686072.39,674865.505,64.0
25,2011-08-19,688958.75,0,68.09,3.747,208.8424359,7.274,False,2011,33,8,-0.8660254037844384,-0.5000000000000004,-0.7485107481711011,-0.6631226582407952,667130.48,724499.81,671520.5675,63.0
25,2011-08-26,726422.55,0,66.8,3.704,208.902476,7.274,False,2011,34,8,-0.8660254037844384,-0.5000000000000004,-0.8229838658936564,-0.5680647467311559,688958.75,711461.95,676046.515,62.0
25,2011-09-02,699779.0,0,67.2,3.703,208.9625161,7.274,False,2011,35,9,-1.0,-1.8369701987210297e-16,-0.8854560256532096,-0.4647231720437691,726422.55,685700.08,690554.4475,61.0
25,2011-09-09,673248.48,1,67.51,3.738,209.0225562,7.274,False,2011,36,9,-1.0,-1.8369701987210297e-16,-0.9350162426854147,-0.3546048870425359,699779.0,655811.95,695572.695,60.0
25,2011-09-16,628720.46,0,62.05,3.742,209.1893892,7.274,False,2011,37,9,-1.0,-1.8369701987210297e-16,-0.970941817426052,-0.23931566428755774,673248.48,628989.88,697102.195,59.0
25,2011-09-23,620885.93,0,60.28,3.711,209.4986126,7.274,False,2011,38,9,-1.0,-1.8369701987210297e-16,-0.992708874098054,-0.12053668025532357,628720.46,607819.33,682042.6224999999,58.0
25,2011-09-30,639160.24,0,60.7,3.645,209.807836,7.274,False,2011,39,9,-1.0,-1.8369701987210297e-16,-1.0,-1.8369701987210297e-16,620885.93,658640.14,655658.4675,57.0
25,2011-10-07,671522.87,0,50.82,3.583,210.1170595,7.082,False,2011,40,10,-0.8660254037844386,0.5000000000000001,-0.992708874098054,0.1205366802553232,639160.24,674283.86,640503.7775000001,56.0
25,2011-10-14,646915.47,0,58.95,3.541,210.4027602,7.082,False,2011,41,10,-0.8660254037844386,0.5000000000000001,-0.9709418174260521,0.23931566428755738,671522.87,616094.72,640072.375,55.0
25,2011-10-21,690675.5,0,50.22,3.57,210.5473252,7.082,False,2011,42,10,-0.8660254037844386,0.5000000000000001,-0.9350162426854148,0.35460488704253557,646915.47,661644.19,644621.1275000001,54.0
25,2011-10-28,724443.97,0,46.28,3.569,210.6918901,7.082,False,2011,43,10,-0.8660254037844386,0.5000000000000001,-0.8854560256532101,0.464723172043768,690675.5,674458.03,662068.52,53.0
25,2011-11-04,718393.61,0,40.88,3.551,210.8364551,7.082,False,2011,44,11,-0.5000000000000004,0.8660254037844384,-0.822983865893657,0.5680647467311548,724443.97,696314.53,683389.4525,52.0
25,2011-11-11,719235.07,0,44.81,3.53,210.9810201,7.082,False,2011,45,11,-0.5000000000000004,0.8660254037844384,-0.7485107481711011,0.6631226582407952,718393.61,713250.08,695107.1375,51.0
25,2011-11-18,728525.6,0,46.41,3.53,211.1847207,7.082,False,2011,46,11,-0.5000000000000004,0.8660254037844384,-0.6631226582407955,0.7485107481711007,719235.07,718056.73,713187.0375,50.0
25,2011-11-25,1116211.39,1,43.49,3.492,211.4120757,7.082,True,2011,47,11,-0.5000000000000004,0.8660254037844384,-0.5680647467311559,0.8229838658936564,728525.6,1115240.61,722649.5625,49.0
25,2011-12-02,878314.57,0,42.85,3.452,211.6394306,7.082,True,2011,48,12,-2.4492935982947064e-16,1.0,-0.4647231720437684,0.88545602565321,1116211.39,885572.96,820591.4175,48.0
25,2011-12-09,916446.02,0,38.69,3.415,211.8667856,7.082,True,2011,49,12,-2.4492935982947064e-16,1.0,-0.35460488704253595,0.9350162426854147,878314.57,964729.18,860571.6575,47.0
25,2011-12-16,997502.47,0,33.09,3.413,212.0685039,7.082,True,2011,50,12,-2.4492935982947064e-16,1.0,-0.2393156642875578,0.970941817426052,916446.02,1047707.59,909874.395,46.0
25,2011-12-23,1290532.97,0,36.56,3.389,212.2360401,7.082,True,2011,51,12,-2.4492935982947064e-16,1.0,-0.12053668025532363,0.992708874098054,997502.47,1295391.19,977118.6124999999,45.0
25,2011-12-30,683665.37,1,32.42,3.389,212.4035763,7.082,False,2011,52,12,-2.4492935982947064e-16,1.0,6.432490598706546e-16,1.0,1290532.97,623092.54,1020699.0075,44.0
25,2012-01-06,636419.12,0,30.23,3.422,212.5711125,6.961,False,2012,1,1,0.49999999999999994,0.8660254037844387,0.12053668025532305,0.992708874098054,683665.37,558794.63,972036.7075,43.0
25,2012-01-13,614764.31,0,34.6,3.513,212.7386486,6.961,False,2012,2,1,0.49999999999999994,0.8660254037844387,0.23931566428755774,0.970941817426052,636419.12,572360.83,902029.9824999999,42.0
25,2012-01-20,594744.89,0,23.87,3.533,212.8336399,6.961,False,2012,3,1,0.49999999999999994,0.8660254037844387,0.3546048870425356,0.9350162426854148,614764.31,568093.57,806345.4425000001,41.0
25,2012-01-27,589554.29,0,32.24,3.567,212.9286312,6.961,False,2012,4,1,0.49999999999999994,0.8660254037844387,0.4647231720437685,0.8854560256532099,594744.89,600448.69,632398.4225,40.0
25,2012-02-03,642776.4,0,34.98,3.617,213.0236225,6.961,False,2012,5,2,0.8660254037844386,0.5000000000000001,0.5680647467311558,0.8229838658936564,589554.29,639830.45,608870.6525,39.0
25,2012-02-10,658984.38,1,32.47,3.64,213.1186138,6.961,False,2012,6,2,0.8660254037844386,0.5000000000000001,0.6631226582407952,0.7485107481711011,642776.4,615666.78,610459.9725,38.0
25,2012-02-17,654088.02,0,32.23,3.695,213.2732106,6.961,False,2012,7,2,0.8660254037844386,0.5000000000000001,0.7485107481711011,0.6631226582407953,658984.38,634637.03,621514.99,37.0
25,2012-02-24,613501.05,0,35.51,3.739,213.4725116,6.961,False,2012,8,2,0.8660254037844386,0.5000000000000001,0.8229838658936564,0.5680647467311559,654088.02,570816.34,636350.7725,36.0
25,2012-03-02,643155.89,0,36.01,3.816,213.6718127,6.961,False,2012,9,3,1.0,6.123233995736766e-17,0.8854560256532099,0.4647231720437686,613501.05,640912.18,642337.4625,35.0
25,2012-03-09,643711.53,0,37.44,3.848,213.8711137,6.961,False,2012,10,3,1.0,6.123233995736766e-17,0.9350162426854148,0.35460488704253557,643155.89,599828.39,642432.335,34.0
25,2012-03-16,638204.27,0,50.64,3.862,214.0167132,6.961,False,2012,11,3,1.0,6.123233995736766e-17,0.970941817426052,0.23931566428755804,643711.53,603393.64,638614.1225,33.0
25,2012-03-23,672831.78,0,62.7,3.9,214.0907105,6.961,False,2012,12,3,1.0,6.123233995736766e-17,0.992708874098054,0.120536680255323,638204.27,616324.24,634643.185,32.0
25,2012-03-30,684348.92,0,47.92,3.953,214.1647079,6.961,False,2012,13,3,1.0,6.123233995736766e-17,1.0,-1.6081226496766364e-16,672831.78,618377.79,649475.8674999999,31.0
25,2012-04-06,791356.9,0,44.73,3.996,214.2387053,7.139,False,2012,14,4,0.8660254037844387,-0.4999999999999998,0.992708874098054,-0.12053668025532288,684348.92,648606.13,659774.125,30.0
25,2012-04-13,658691.56,0,42.46,4.044,214.3127027,7.139,False,2012,15,4,0.8660254037844387,-0.4999999999999998,0.9709418174260521,-0.2393156642875575,791356.9,674562.45,696685.4675,29.0
25,2012-04-20,661566.48,0,57.1,4.027,214.3675045,7.139,False,2012,16,4,0.8660254037844387,-0.4999999999999998,0.9350162426854148,-0.35460488704253545,658691.56,756588.42,701807.29,28.0
25,2012-04-27,655157.32,0,44.2,4.004,214.4223063,7.139,False,2012,17,4,0.8660254037844387,-0.4999999999999998,0.8854560256532099,-0.4647231720437685,661566.48,649245.0,698990.965,27.0
25,2012-05-04,696421.72,0,58.76,3.951,214.4771081,7.139,False,2012,18,5,0.49999999999999994,-0.8660254037844387,0.8229838658936565,-0.5680647467311557,655157.32,659446.55,691693.065,26.0
25,2012-05-11,739866.16,0,59.21,3.889,214.5319099,7.139,False,2012,19,5,0.49999999999999994,-0.8660254037844387,0.7485107481711013,-0.663122658240795,696421.72,684783.15,667959.27,25.0
25,2012-05-18,717207.19,0,58.21,3.848,214.5485571,7.139,False,2012,20,5,0.49999999999999994,-0.8660254037844387,0.6631226582407952,-0.7485107481711012,739866.16,677971.33,688252.9199999999,24.0
25,2012-05-25,783371.02,0,67.69,3.798,214.5499425,7.139,False,2012,21,5,0.49999999999999994,-0.8660254037844387,0.5680647467311558,-0.8229838658936564,717207.19,718373.94,702163.0974999999,23.0
25,2012-06-01,694765.95,0,69.54,3.742,214.5513278,7.139,False,2012,22,6,1.2246467991473532e-16,-1.0,0.46472317204376906,-0.8854560256532096,783371.02,737551.74,734216.5225,22.0
25,2012-06-08,730254.19,0,58.48,3.689,214.5527132,7.139,False,2012,23,6,1.2246467991473532e-16,-1.0,0.35460488704253584,-0.9350162426854147,694765.95,740259.63,733802.58,21.0
25,2012-06-15,753860.89,0,68.34,3.62,214.5653243,7.139,False,2012,24,6,1.2246467991473532e-16,-1.0,0.23931566428755768,-0.970941817426052,730254.19,717373.43,731399.5875,20.0
25,2012-06-22,721601.9,0,73.52,3.564,214.606,7.139,False,2012,25,6,1.2246467991473532e-16,-1.0,0.12053668025532308,-0.992708874098054,753860.89,699270.1,740563.0125000001,19.0
25,2012-06-29,718890.81,0,69.84,3.506,214.6466757,7.139,False,2012,26,6,1.2246467991473532e-16,-1.0,-3.216245299353273e-16,-1.0,721601.9,706206.86,725120.7325,18.0
25,2012-07-06,753385.55,0,75.52,3.475,214.6873514,7.28,False,2012,27,7,-0.4999999999999997,-0.8660254037844388,-0.12053668025532283,-0.992708874098054,718890.81,698529.64,731151.9475,17.0
25,2012-07-13,714093.95,0,73.87,3.523,214.728027,7.28,False,2012,28,7,-0.4999999999999997,-0.8660254037844388,-0.23931566428755743,-0.9709418174260521,753385.55,680510.23,736934.7875000001,16.0
25,2012-07-20,685676.58,0,74.32,3.567,214.7331351,7.28,False,2012,29,7,-0.4999999999999997,-0.8660254037844388,-0.3546048870425356,-0.9350162426854148,714093.95,670854.96,726993.0525,15.0
25,2012-07-27,659109.53,0,72.98,3.647,214.7382432,7.28,False,2012,30,7,-0.4999999999999997,-0.8660254037844388,-0.46472317204376806,-0.8854560256532101,685676.58,668390.82,718011.7225,14.0
25,2012-08-03,709724.6,0,72.08,3.654,214.7433514,7.28,False,2012,31,8,-0.8660254037844384,-0.5000000000000004,-0.5680647467311556,-0.8229838658936565,659109.53,679706.01,703066.4025,13.0
25,2012-08-10,710496.97,0,71.93,3.722,214.7484595,7.28,False,2012,32,8,-0.8660254037844384,-0.5000000000000004,-0.663122658240795,-0.7485107481711013,709724.6,667130.48,692151.165,12.0
25,2012-08-17,728467.72,0,66.99,3.807,214.825578,7.28,False,2012,33,8,-0.8660254037844384,-0.5000000000000004,-0.7485107481711011,-0.6631226582407952,710496.97,688958.75,691251.9199999999,11.0
25,2012-08-24,756527.64,0,64.53,3.834,214.9567044,7.28,False,2012,34,8,-0.8660254037844384,-0.5000000000000004,-0.8229838658936564,-0.5680647467311559,728467.72,726422.55,701949.705,10.0
25,2012-08-31,714828.73,0,68.55,3.867,215.0878309,7.28,False,2012,35,8,-0.8660254037844384,-0.5000000000000004,-0.8854560256532096,-0.4647231720437691,756527.64,699779.0,726304.2325,9.0
25,2012-09-07,671482.9,1,72.79,3.911,215.2189573,7.28,False,2012,36,9,-1.0,-1.8369701987210297e-16,-0.9350162426854147,-0.3546048870425359,714828.73,673248.48,727580.265,8.0
25,2012-09-14,657241.63,0,60.9,3.948,215.3583757,7.28,False,2012,37,9,-1.0,-1.8369701987210297e-16,-0.970941817426052,-0.23931566428755774,671482.9,628720.46,717826.7474999999,7.0
25,2012-09-21,664745.2,0,57.6,4.038,215.5475459,7.28,False,2012,38,9,-1.0,-1.8369701987210297e-16,-0.992708874098054,-0.12053668025532357,657241.63,620885.93,700020.225,6.0
25,2012-09-28,683300.84,0,54.52,3.997,215.7367162,7.28,False,2012,39,9,-1.0,-1.8369701987210297e-16,-1.0,-1.8369701987210297e-16,664745.2,639160.24,677074.615,5.0
25,2012-10-05,699536.73,0,57.58,3.985,215.9258865,7.293,False,2012,40,10,-0.8660254037844386,0.5000000000000001,-0.992708874098054,0.1205366802553232,683300.84,671522.87,669192.6425,4.0
25,2012-10-12,697317.41,0,43.74,4.0,216.1150568,7.293,False,2012,41,10,-0.8660254037844386,0.5000000000000001,-0.9709418174260521,0.23931566428755738,699536.73,646915.47,676206.1,3.0
25,2012-10-19,685531.85,0,51.93,3.969,216.1464699,7.293,False,2012,42,10,-0.8660254037844386,0.5000000000000001,-0.9350162426854148,0.35460488704253557,697317.41,690675.5,686225.045,2.0
25,2012-10-26,688940.94,0,56.69,3.882,216.1515902,7.293,False,2012,43,10,-0.8660254037844386,0.5000000000000001,-0.8854560256532101,0.464723172043768,685531.85,724443.97,691421.7075,1.0
26,2011-02-04,911807.02,0,11.17,3.24,133.1834194,7.907,False,2011,5,2,0.8660254037844386,0.5000000000000001,0.5680647467311558,0.8229838658936564,817485.14,1034119.21,844447.7125,91.0
26,2011-02-11,1010711.08,1,15.12,3.255,133.260871,7.907,False,2011,6,2,0.8660254037844386,0.5000000000000001,0.6631226582407952,0.7485107481711011,911807.02,1015684.09,837862.1649999999,90.0
26,2011-02-18,981978.02,0,19.63,3.263,133.3701429,7.907,False,2011,7,2,0.8660254037844386,0.5000000000000001,0.7485107481711011,0.6631226582407953,1010711.08,999348.55,887459.1125,89.0
26,2011-02-25,910298.44,0,16.3,3.281,133.4921429,7.907,False,2011,8,2,0.8660254037844386,0.5000000000000001,0.8229838658936564,0.5680647467311559,981978.02,855385.01,930495.3150000001,88.0
26,2011-03-04,945643.17,0,14.31,3.437,133.6141429,7.907,False,2011,9,3,1.0,6.123233995736766e-17,0.8854560256532099,0.4647231720437686,910298.44,1005669.58,953698.64,87.0
26,2011-03-11,946614.55,0,28.13,3.6,133.7361429,7.907,False,2011,10,3,1.0,6.123233995736766e-17,0.9350162426854148,0.35460488704253557,945643.17,963382.09,962157.6775,86.0
26,2011-03-18,887426.12,0,31.76,3.634,133.8492258,7.907,False,2011,11,3,1.0,6.123233995736766e-17,0.970941817426052,0.23931566428755804,946614.55,903366.55,946133.545,85.0
26,2011-03-25,866566.54,0,22.99,3.624,133.9587419,7.907,False,2011,12,3,1.0,6.123233995736766e-17,0.992708874098054,0.120536680255323,887426.12,893613.0,922495.5700000001,84.0
26,2011-04-01,849231.61,0,22.99,3.638,134.0682581,7.818,False,2011,13,4,0.8660254037844387,-0.4999999999999998,1.0,-1.6081226496766364e-16,866566.54,1029849.2,911562.595,83.0
26,2011-04-08,985229.81,0,29.09,3.72,134.1777742,7.818,False,2011,14,4,0.8660254037844387,-0.4999999999999998,0.992708874098054,-0.12053668025532288,849231.61,1022293.81,887459.7050000001,82.0
26,2011-04-15,863266.12,0,39.46,3.823,134.2784667,7.818,False,2011,15,4,0.8660254037844387,-0.4999999999999998,0.9709418174260521,-0.2393156642875575,985229.81,905548.38,897113.52,81.0
26,2011-04-22,921700.61,0,33.81,3.919,134.3571,7.818,False,2011,16,4,0.8660254037844387,-0.4999999999999998,0.9350162426854148,-0.35460488704253545,863266.12,881930.87,891073.52,80.0
26,2011-04-29,873450.29,0,47.17,3.988,134.4357333,7.818,False,2011,17,4,0.8660254037844387,-0.4999999999999998,0.8854560256532099,-0.4647231720437685,921700.61,904503.85,904857.0375,79.0
26,2011-05-06,1024778.23,0,45.0,4.078,134.5143667,7.818,False,2011,18,5,0.49999999999999994,-0.8660254037844387,0.8229838658936565,-0.5680647467311557,873450.29,1074479.73,910911.7075,78.0
26,2011-05-13,941008.85,0,48.2,4.095,134.593,7.818,False,2011,19,5,0.49999999999999994,-0.8660254037844387,0.7485107481711013,-0.663122658240795,1024778.23,972663.59,920798.8125,77.0
26,2011-05-20,938334.62,0,48.86,4.101,134.6803871,7.818,False,2011,20,5,0.49999999999999994,-0.8660254037844387,0.6631226582407952,-0.7485107481711012,941008.85,986765.01,940234.4949999999,76.0
26,2011-05-27,996723.58,0,56.74,4.034,134.7677742,7.818,False,2011,21,5,0.49999999999999994,-0.8660254037844387,0.5680647467311558,-0.8229838658936564,938334.62,1069851.59,944392.9974999999,75.0
26,2011-06-03,1054454.4,0,60.49,3.973,134.8551613,7.818,False,2011,22,6,1.2246467991473532e-16,-1.0,0.46472317204376906,-0.8854560256532096,996723.58,1003202.66,975211.32,74.0
26,2011-06-10,1094058.68,0,59.85,3.924,134.9425484,7.818,False,2011,23,6,1.2246467991473532e-16,-1.0,0.35460488704253584,-0.9350162426854147,1054454.4,1073862.59,982630.3624999999,73.0
26,2011-06-17,981646.46,0,54.5,3.873,135.0837333,7.818,False,2011,24,6,1.2246467991473532e-16,-1.0,0.23931566428755768,-0.970941817426052,1094058.68,1001286.67,1020892.8199999998,72.0
26,2011-06-24,997474.93,0,56.94,3.851,135.2652667,7.818,False,2011,25,6,1.2246467991473532e-16,-1.0,0.12053668025532308,-0.992708874098054,981646.46,976242.09,1031720.78,71.0
26,2011-07-01,1070119.09,0,59.89,3.815,135.4468,7.767,False,2011,26,7,-0.4999999999999997,-0.8660254037844388,-3.216245299353273e-16,-1.0,997474.93,1078455.48,1031908.6174999999,70.0
26,2011-07-08,1133807.03,0,63.34,3.784,135.6283333,7.767,False,2011,27,7,-0.4999999999999997,-0.8660254037844388,-0.12053668025532283,-0.992708874098054,1070119.09,1122356.53,1035824.79,69.0
26,2011-07-15,1021534.7,0,64.43,3.827,135.7837419,7.767,False,2011,28,7,-0.4999999999999997,-0.8660254037844388,-0.23931566428755743,-0.9709418174260521,1133807.03,1028151.72,1045761.8775000002,68.0
26,2011-07-22,1017867.8,0,69.52,3.882,135.8738387,7.767,False,2011,29,7,-0.4999999999999997,-0.8660254037844388,-0.3546048870425356,-0.9350162426854148,1021534.7,971615.62,1055733.9375,67.0
26,2011-07-29,1005360.5,0,63.32,3.898,135.9639355,7.767,False,2011,30,7,-0.4999999999999997,-0.8660254037844388,-0.46472317204376806,-0.8854560256532101,1017867.8,1005324.28,1060832.155,66.0
26,2011-08-05,1107552.43,0,63.16,3.903,136.0540323,7.767,False,2011,31,8,-0.8660254037844384,-0.5000000000000004,-0.5680647467311556,-0.8229838658936565,1005360.5,1125329.77,1044642.5075000001,65.0
26,2011-08-12,1087644.5,0,62.99,3.88,136.144129,7.767,False,2011,32,8,-0.8660254037844384,-0.5000000000000004,-0.663122658240795,-0.7485107481711013,1107552.43,1011938.29,1038078.8574999999,64.0
26,2011-08-19,1021766.75,0,60.58,3.82,136.183129,7.767,False,2011,33,8,-0.8660254037844384,-0.5000000000000004,-0.7485107481711011,-0.6631226582407952,1087644.5,1007385.36,1054606.3075,63.0
26,2011-08-26,1064617.62,0,61.1,3.796,136.2136129,7.767,False,2011,34,8,-0.8660254037844384,-0.5000000000000004,-0.8229838658936564,-0.5680647467311559,1021766.75,977322.52,1055581.045,62.0
26,2011-09-02,1040143.14,0,59.67,3.784,136.2440968,7.767,False,2011,35,9,-1.0,-1.8369701987210297e-16,-0.8854560256532096,-0.4647231720437691,1064617.62,1037549.71,1070395.3250000002,61.0
26,2011-09-09,1069710.97,1,60.98,3.809,136.2745806,7.767,False,2011,36,9,-1.0,-1.8369701987210297e-16,-0.9350162426854147,-0.3546048870425359,1040143.14,1042226.3,1053543.0025,60.0
26,2011-09-16,951569.84,0,55.19,3.809,136.3145,7.767,False,2011,37,9,-1.0,-1.8369701987210297e-16,-0.970941817426052,-0.23931566428755774,1069710.97,923473.7,1049059.62,59.0
26,2011-09-23,923644.6,0,50.72,3.758,136.367,7.767,False,2011,38,9,-1.0,-1.8369701987210297e-16,-0.992708874098054,-0.12053668025532357,951569.84,868636.3,1031510.3925,58.0
26,2011-09-30,959339.51,0,59.42,3.684,136.4195,7.767,False,2011,39,9,-1.0,-1.8369701987210297e-16,-1.0,-1.8369701987210297e-16,923644.6,923221.52,996267.1375,57.0
26,2011-10-07,1130022.99,0,46.84,3.633,136.472,7.598,False,2011,40,10,-0.8660254037844386,0.5000000000000001,-0.992708874098054,0.1205366802553232,959339.51,1001069.52,976066.23,56.0
26,2011-10-14,987886.08,0,53.91,3.583,136.5150968,7.598,False,2011,41,10,-0.8660254037844386,0.5000000000000001,-0.9709418174260521,0.23931566428755738,1130022.99,937956.89,991144.235,55.0
26,2011-10-21,974907.28,0,45.23,3.618,136.5017742,7.598,False,2011,42,10,-0.8660254037844386,0.5000000000000001,-0.9350162426854148,0.35460488704253557,987886.08,916522.66,1000223.295,54.0
26,2011-10-28,972256.98,0,35.06,3.604,136.4884516,7.598,False,2011,43,10,-0.8660254037844386,0.5000000000000001,-0.8854560256532101,0.464723172043768,974907.28,895069.88,1013038.965,53.0
26,2011-11-04,988950.75,0,31.7,3.586,136.475129,7.598,False,2011,44,11,-0.5000000000000004,0.8660254037844384,-0.822983865893657,0.5680647467311548,972256.98,970224.51,1016268.3324999999,52.0
26,2011-11-11,1077640.13,0,40.08,3.57,136.4618065,7.598,False,2011,45,11,-0.5000000000000004,0.8660254037844384,-0.7485107481711011,0.6631226582407952,988950.75,971193.01,981000.2725,51.0
26,2011-11-18,946091.79,0,37.78,3.571,136.4666667,7.598,False,2011,46,11,-0.5000000000000004,0.8660254037844384,-0.6631226582407955,0.7485107481711007,1077640.13,901972.7,1003438.7849999999,50.0
26,2011-11-25,1282320.05,1,31.07,3.536,136.4788,7.598,True,2011,47,11,-0.5000000000000004,0.8660254037844384,-0.5680647467311559,0.8229838658936564,946091.79,1286833.62,996234.9125,49.0
26,2011-12-02,1012498.49,0,36.74,3.501,136.4909333,7.598,False,2011,48,12,-2.4492935982947064e-16,1.0,-0.4647231720437684,0.88545602565321,1282320.05,1016143.64,1073750.68,48.0
26,2011-12-09,1148987.46,0,34.24,3.47,136.5030667,7.598,False,2011,49,12,-2.4492935982947064e-16,1.0,-0.35460488704253595,0.9350162426854147,1012498.49,1149612.04,1079637.615,47.0
26,2011-12-16,1204807.83,0,28.24,3.445,136.5335161,7.598,False,2011,50,12,-2.4492935982947064e-16,1.0,-0.2393156642875578,0.970941817426052,1148987.46,1196813.33,1097474.4475,46.0
26,2011-12-23,1515175.01,0,22.53,3.413,136.5883871,7.598,True,2011,51,12,-2.4492935982947064e-16,1.0,-0.12053668025532363,0.992708874098054,1204807.83,1573982.47,1162153.4575,45.0
26,2011-12-30,972834.42,1,18.8,3.402,136.6432581,7.598,False,2011,52,12,-2.4492935982947064e-16,1.0,6.432490598706546e-16,1.0,1515175.01,877268.29,1220367.1975,44.0
26,2012-01-06,971557.62,0,22.94,3.439,136.698129,7.467,False,2012,1,1,0.49999999999999994,0.8660254037844387,0.12053668025532305,0.992708874098054,972834.42,938149.21,1210451.18,43.0
26,2012-01-13,836305.65,0,25.55,3.523,136.753,7.467,False,2012,2,1,0.49999999999999994,0.8660254037844387,0.23931566428755774,0.970941817426052,971557.62,812323.29,1166093.72,42.0
26,2012-01-20,838751.5,0,15.22,3.542,136.8564194,7.467,False,2012,3,1,0.49999999999999994,0.8660254037844387,0.3546048870425356,0.9350162426854148,836305.65,809833.21,1073968.175,41.0
26,2012-01-27,820059.89,0,24.16,3.568,136.9598387,7.467,False,2012,4,1,0.49999999999999994,0.8660254037844387,0.4647231720437685,0.8854560256532099,838751.5,817485.14,904862.2975000001,40.0
26,2012-02-03,939158.25,0,25.24,3.633,137.0632581,7.467,False,2012,5,2,0.8660254037844386,0.5000000000000001,0.5680647467311558,0.8229838658936564,820059.89,911807.02,866668.665,39.0
26,2012-02-10,1081005.64,1,23.89,3.655,137.1666774,7.467,False,2012,6,2,0.8660254037844386,0.5000000000000001,0.6631226582407952,0.7485107481711011,939158.25,1010711.08,858568.8225,38.0
26,2012-02-17,965788.76,0,23.9,3.703,137.2583103,7.467,False,2012,7,2,0.8660254037844386,0.5000000000000001,0.7485107481711011,0.6631226582407953,1081005.64,981978.02,919743.82,37.0
26,2012-02-24,917924.47,0,28.06,3.751,137.3411034,7.467,False,2012,8,2,0.8660254037844386,0.5000000000000001,0.8229838658936564,0.5680647467311559,965788.76,910298.44,951503.135,36.0
26,2012-03-02,955641.74,0,22.49,3.827,137.4238966,7.467,False,2012,9,3,1.0,6.123233995736766e-17,0.8854560256532099,0.4647231720437686,917924.47,945643.17,975969.28,35.0
26,2012-03-09,1028569.01,0,29.03,3.876,137.5066897,7.467,False,2012,10,3,1.0,6.123233995736766e-17,0.9350162426854148,0.35460488704253557,955641.74,946614.55,980090.1525000001,34.0
26,2012-03-16,919503.4,0,35.06,3.867,137.5843871,7.467,False,2012,11,3,1.0,6.123233995736766e-17,0.970941817426052,0.23931566428755804,1028569.01,887426.12,966980.995,33.0
26,2012-03-23,874790.68,0,49.97,3.889,137.6552903,7.467,False,2012,12,3,1.0,6.123233995736766e-17,0.992708874098054,0.120536680255323,919503.4,866566.54,955409.6549999999,32.0
26,2012-03-30,922018.43,0,33.33,3.921,137.7261935,7.467,False,2012,13,3,1.0,6.123233995736766e-17,1.0,-1.6081226496766364e-16,874790.68,849231.61,944626.2075,31.0
26,2012-04-06,1116829.23,0,33.35,3.957,137.7970968,7.489,False,2012,14,4,0.8660254037844387,-0.4999999999999998,0.992708874098054,-0.12053668025532288,922018.43,985229.81,936220.38,30.0
26,2012-04-13,889670.29,0,36.9,4.025,137.868,7.489,False,2012,15,4,0.8660254037844387,-0.4999999999999998,0.9709418174260521,-0.2393156642875575,1116829.23,863266.12,958285.435,29.0
26,2012-04-20,923600.02,0,50.81,4.046,137.9230667,7.489,False,2012,16,4,0.8660254037844387,-0.4999999999999998,0.9350162426854148,-0.35460488704253545,889670.29,921700.61,950827.1575000001,28.0
26,2012-04-27,911969.0,0,43.6,4.023,137.9781333,7.489,False,2012,17,4,0.8660254037844387,-0.4999999999999998,0.8854560256532099,-0.4647231720437685,923600.02,873450.29,963029.4925,27.0
26,2012-05-04,946573.29,0,40.29,3.991,138.0332,7.489,False,2012,18,5,0.49999999999999994,-0.8660254037844387,0.8229838658936565,-0.5680647467311557,911969.0,1024778.23,960517.135,26.0
26,2012-05-11,1062548.73,0,47.11,3.947,138.0882667,7.489,False,2012,19,5,0.49999999999999994,-0.8660254037844387,0.7485107481711013,-0.663122658240795,946573.29,941008.85,917953.15,25.0
26,2012-05-18,978082.84,0,52.55,3.899,138.1065806,7.489,False,2012,20,5,0.49999999999999994,-0.8660254037844387,0.6631226582407952,-0.7485107481711012,1062548.73,938334.62,961172.76,24.0
26,2012-05-25,1067310.74,0,58.2,3.85,138.1101935,7.489,False,2012,21,5,0.49999999999999994,-0.8660254037844387,0.5680647467311558,-0.8229838658936564,978082.84,996723.58,974793.465,23.0
26,2012-06-01,1015853.03,0,58.51,3.798,138.1138065,7.489,False,2012,22,6,1.2246467991473532e-16,-1.0,0.46472317204376906,-0.8854560256532096,1067310.74,1054454.4,1013628.9,22.0
26,2012-06-08,1106176.83,0,49.43,3.746,138.1174194,7.489,False,2012,23,6,1.2246467991473532e-16,-1.0,0.35460488704253584,-0.9350162426854147,1015853.03,1094058.68,1030948.835,21.0
26,2012-06-15,1029248.22,0,57.84,3.683,138.1295333,7.489,False,2012,24,6,1.2246467991473532e-16,-1.0,0.23931566428755768,-0.970941817426052,1106176.83,981646.46,1041855.8600000001,20.0
26,2012-06-22,1056282.91,0,63.04,3.629,138.1629,7.489,False,2012,25,6,1.2246467991473532e-16,-1.0,0.12053668025532308,-0.992708874098054,1029248.22,997474.93,1054647.205,19.0
26,2012-06-29,1051190.44,0,60.71,3.577,138.1962667,7.489,False,2012,26,6,1.2246467991473532e-16,-1.0,-3.216245299353273e-16,-1.0,1056282.91,1070119.09,1051890.2475,18.0
26,2012-07-06,1180470.8,0,64.94,3.538,138.2296333,7.405,False,2012,27,7,-0.4999999999999997,-0.8660254037844388,-0.12053668025532283,-0.992708874098054,1051190.44,1133807.03,1060724.5999999999,17.0
26,2012-07-13,1063149.78,0,64.47,3.561,138.263,7.405,False,2012,28,7,-0.4999999999999997,-0.8660254037844388,-0.23931566428755743,-0.9709418174260521,1180470.8,1021534.7,1079298.0924999998,16.0
26,2012-07-20,1049625.9,0,66.75,3.61,138.2331935,7.405,False,2012,29,7,-0.4999999999999997,-0.8660254037844388,-0.3546048870425356,-0.9350162426854148,1063149.78,1017867.8,1087773.4825,15.0
26,2012-07-27,1031745.14,0,64.12,3.701,138.2033871,7.405,False,2012,30,7,-0.4999999999999997,-0.8660254037844388,-0.46472317204376806,-0.8854560256532101,1049625.9,1005360.5,1086109.23,14.0
26,2012-08-03,1090915.09,0,65.6,3.698,138.1735806,7.405,False,2012,31,8,-0.8660254037844384,-0.5000000000000004,-0.5680647467311556,-0.8229838658936565,1031745.14,1107552.43,1081247.905,13.0
26,2012-08-10,1121476.51,0,67.01,3.772,138.1437742,7.405,False,2012,32,8,-0.8660254037844384,-0.5000000000000004,-0.663122658240795,-0.7485107481711013,1090915.09,1087644.5,1058858.9775,12.0
26,2012-08-17,1068292.56,0,65.54,3.84,138.1857097,7.405,False,2012,33,8,-0.8660254037844384,-0.5000000000000004,-0.7485107481711011,-0.6631226582407952,1121476.51,1021766.75,1073440.66,11.0
26,2012-08-24,1022704.2,0,62.08,3.874,138.2814516,7.405,False,2012,34,8,-0.8660254037844384,-0.5000000000000004,-0.8229838658936564,-0.5680647467311559,1068292.56,1064617.62,1078107.3250000002,10.0
26,2012-08-31,1053495.51,0,63.69,3.884,138.3771935,7.405,False,2012,35,8,-0.8660254037844384,-0.5000000000000004,-0.8854560256532096,-0.4647231720437691,1022704.2,1040143.14,1075847.09,9.0
26,2012-09-07,1081874.03,1,61.58,3.921,138.4729355,7.405,False,2012,36,9,-1.0,-1.8369701987210297e-16,-0.9350162426854147,-0.3546048870425359,1053495.51,1069710.97,1066492.195,8.0
26,2012-09-14,986131.94,0,57.69,3.988,138.5673,7.405,False,2012,37,9,-1.0,-1.8369701987210297e-16,-0.970941817426052,-0.23931566428755774,1081874.03,951569.84,1056591.5750000002,7.0
26,2012-09-21,961084.08,0,52.68,4.056,138.6534,7.405,False,2012,38,9,-1.0,-1.8369701987210297e-16,-0.992708874098054,-0.12053668025532357,986131.94,923644.6,1036051.4199999999,6.0
26,2012-09-28,964726.37,0,50.66,4.018,138.7395,7.405,False,2012,39,9,-1.0,-1.8369701987210297e-16,-1.0,-1.8369701987210297e-16,961084.08,959339.51,1020646.39,5.0
26,2012-10-05,1095504.26,0,54.07,4.027,138.8256,7.138,False,2012,40,10,-0.8660254037844386,0.5000000000000001,-0.992708874098054,0.1205366802553232,964726.37,1130022.99,998454.105,4.0
26,2012-10-12,1044639.69,0,45.19,4.029,138.9117,7.138,False,2012,41,10,-0.8660254037844386,0.5000000000000001,-0.9709418174260521,0.23931566428755738,1095504.26,987886.08,1001861.6625,3.0
26,2012-10-19,975578.02,0,43.51,4.0,138.8336129,7.138,False,2012,42,10,-0.8660254037844386,0.5000000000000001,-0.9350162426854148,0.35460488704253557,1044639.69,974907.28,1016488.6,2.0
26,2012-10-26,958619.8,0,46.95,3.917,138.7281613,7.138,False,2012,43,10,-0.8660254037844386,0.5000000000000001,-0.8854560256532101,0.464723172043768,975578.02,972256.98,1020112.085,1.0
27,2011-02-04,1628100.79,0,28.7,3.4,137.0542431,7.827,False,2011,5,2,0.8660254037844386,0.5000000000000001,0.5680647467311558,0.8229838658936564,1421111.55,1874289.79,1509652.3875,91.0
27,2011-02-11,1636224.77,1,30.45,3.416,137.1378318,7.827,False,2011,6,2,0.8660254037844386,0.5000000000000001,0.6631226582407952,0.7485107481711011,1628100.79,1745362.72,1524637.715,90.0
27,2011-02-18,1709365.19,0,39.32,3.42,137.2511849,7.827,False,2011,7,2,0.8660254037844386,0.5000000000000001,0.7485107481711011,0.6631226582407953,1636224.77,1945070.33,1550616.7525000002,89.0
27,2011-02-25,1688935.71,0,33.05,3.452,137.3764439,7.827,False,2011,8,2,0.8660254037844386,0.5000000000000001,0.8229838658936564,0.5680647467311559,1709365.19,1390934.27,1598700.575,88.0
27,2011-03-04,1656130.67,0,36.99,3.605,137.5017028,7.827,False,2011,9,3,1.0,6.123233995736766e-17,0.8854560256532099,0.4647231720437686,1688935.71,1313729.72,1665656.615,87.0
27,2011-03-11,1613259.77,0,43.64,3.752,137.6269617,7.827,False,2011,10,3,1.0,6.123233995736766e-17,0.9350162426854148,0.35460488704253557,1656130.67,1925113.12,1672664.085,86.0
27,2011-03-18,1624539.21,0,46.65,3.796,137.7398929,7.827,False,2011,11,3,1.0,6.123233995736766e-17,0.970941817426052,0.23931566428755804,1613259.77,1700627.97,1666922.835,85.0
27,2011-03-25,1554651.08,0,40.11,3.789,137.8478929,7.827,False,2011,12,3,1.0,6.123233995736766e-17,0.992708874098054,0.120536680255323,1624539.21,1836714.84,1645716.34,84.0
27,2011-04-01,1628868.28,0,37.27,3.811,137.9558929,7.725,False,2011,13,4,0.8660254037844387,-0.4999999999999998,1.0,-1.6081226496766364e-16,1554651.08,2053952.97,1612145.1825,83.0
27,2011-04-08,1689844.18,0,46.87,3.895,138.0638929,7.725,False,2011,14,4,0.8660254037844387,-0.4999999999999998,0.992708874098054,-0.12053668025532288,1628868.28,1955814.13,1605329.585,82.0
27,2011-04-15,1727175.61,0,52.24,3.981,138.1646952,7.725,False,2011,15,4,0.8660254037844387,-0.4999999999999998,0.9709418174260521,-0.2393156642875575,1689844.18,1857500.96,1624475.6875,81.0
27,2011-04-22,1921655.48,0,50.02,4.061,138.2475036,7.725,False,2011,16,4,0.8660254037844387,-0.4999999999999998,0.9350162426854148,-0.35460488704253545,1727175.61,1850205.47,1650134.7875,80.0
27,2011-04-29,1642074.64,0,61.71,4.117,138.3303119,7.725,False,2011,17,4,0.8660254037844387,-0.4999999999999998,0.8854560256532099,-0.4647231720437685,1921655.48,1805885.04,1741885.8875,79.0
27,2011-05-06,1757041.96,0,56.48,4.192,138.4131202,7.725,False,2011,18,5,0.49999999999999994,-0.8660254037844387,0.8229838658936565,-0.5680647467311557,1642074.64,1939458.84,1745187.4774999998,78.0
27,2011-05-13,1763545.32,0,60.07,4.211,138.4959286,7.725,False,2011,19,5,0.49999999999999994,-0.8660254037844387,0.7485107481711013,-0.663122658240795,1757041.96,1842465.78,1761986.9224999999,77.0
27,2011-05-20,1725268.56,0,60.22,4.202,138.587106,7.725,False,2011,20,5,0.49999999999999994,-0.8660254037844387,0.6631226582407952,-0.7485107481711012,1763545.32,1836595.58,1771079.35,76.0
27,2011-05-27,1820723.17,0,66.43,4.134,138.6782834,7.725,False,2011,21,5,0.49999999999999994,-0.8660254037844387,0.5680647467311558,-0.8229838658936564,1725268.56,1962468.67,1721982.62,75.0
27,2011-06-03,2053708.01,0,74.17,4.069,138.7694608,7.725,False,2011,22,6,1.2246467991473532e-16,-1.0,0.46472317204376906,-0.8854560256532096,1820723.17,2073102.59,1766644.7525,74.0
27,2011-06-10,1817914.71,0,73.26,4.025,138.8606382,7.725,False,2011,23,6,1.2246467991473532e-16,-1.0,0.35460488704253584,-0.9350162426854147,2053708.01,1873812.93,1840811.2650000001,73.0
27,2011-06-17,1814740.09,0,67.03,3.989,139.0028333,7.725,False,2011,24,6,1.2246467991473532e-16,-1.0,0.23931566428755768,-0.970941817426052,1817914.71,1887182.27,1854403.6125,72.0
27,2011-06-24,1811455.15,0,72.02,3.964,139.1832917,7.725,False,2011,25,6,1.2246467991473532e-16,-1.0,0.12053668025532308,-0.992708874098054,1814740.09,1962625.01,1876771.495,71.0
27,2011-07-01,1949983.93,0,73.76,3.916,139.36375,7.85,False,2011,26,7,-0.4999999999999997,-0.8660254037844388,-3.216245299353273e-16,-1.0,1811455.15,2024554.1,1874454.4900000002,70.0
27,2011-07-08,2000055.27,0,76.87,3.886,139.5442083,7.85,False,2011,27,7,-0.4999999999999997,-0.8660254037844388,-0.12053668025532283,-0.992708874098054,1949983.93,2119163.01,1848523.47,69.0
27,2011-07-15,1762155.79,0,77.83,3.915,139.7006325,7.85,False,2011,28,7,-0.4999999999999997,-0.8660254037844388,-0.23931566428755743,-0.9709418174260521,2000055.27,1880691.64,1894058.6099999999,68.0
27,2011-07-22,1754879.45,0,82.28,3.972,139.7969712,7.85,False,2011,29,7,-0.4999999999999997,-0.8660254037844388,-0.3546048870425356,-0.9350162426854148,1762155.79,1808250.71,1880912.535,67.0
27,2011-07-29,1744879.06,0,79.41,4.004,139.8933099,7.85,False,2011,30,7,-0.4999999999999997,-0.8660254037844388,-0.46472317204376806,-0.8854560256532101,1754879.45,1816489.53,1866768.61,66.0
27,2011-08-05,1747289.53,0,78.14,4.02,139.9896486,7.85,False,2011,31,8,-0.8660254037844384,-0.5000000000000004,-0.5680647467311556,-0.8229838658936565,1744879.06,1908036.68,1815492.3925,65.0
27,2011-08-12,1758437.96,0,76.67,3.995,140.0859873,7.85,False,2011,32,8,-0.8660254037844384,-0.5000000000000004,-0.663122658240795,-0.7485107481711013,1747289.53,1864436.12,1752300.9575,64.0
27,2011-08-19,1781905.24,0,72.97,3.942,140.1289205,7.85,False,2011,33,8,-0.8660254037844384,-0.5000000000000004,-0.7485107481711011,-0.6631226582407952,1758437.96,1936878.46,1751371.5,63.0
27,2011-08-26,2034400.78,0,72.88,3.906,140.1629528,7.85,False,2011,34,8,-0.8660254037844384,-0.5000000000000004,-0.8229838658936564,-0.5680647467311559,1781905.24,1870684.21,1758127.9475,62.0
27,2011-09-02,1511717.53,0,71.44,3.879,140.196985,7.85,False,2011,35,9,-1.0,-1.8369701987210297e-16,-0.8854560256532096,-0.4647231720437691,2034400.78,1908110.9,1830508.3775000002,61.0
27,2011-09-09,1911470.84,1,70.93,3.93,140.2310173,7.85,False,2011,36,9,-1.0,-1.8369701987210297e-16,-0.9350162426854147,-0.3546048870425359,1511717.53,1913494.81,1771615.3775,60.0
27,2011-09-16,1613773.9,0,69.65,3.937,140.2735,7.85,False,2011,37,9,-1.0,-1.8369701987210297e-16,-0.970941817426052,-0.23931566428755774,1911470.84,1629978.46,1809873.5975000001,59.0
27,2011-09-23,1606208.68,0,63.61,3.899,140.32725,7.85,False,2011,38,9,-1.0,-1.8369701987210297e-16,-0.992708874098054,-0.12053668025532357,1613773.9,1597002.71,1767840.7625,58.0
27,2011-09-30,1599626.26,0,70.92,3.858,140.381,7.85,False,2011,39,9,-1.0,-1.8369701987210297e-16,-1.0,-1.8369701987210297e-16,1606208.68,1543532.83,1660792.7374999998,57.0
27,2011-10-07,1672339.27,0,56.91,3.775,140.43475,7.906,False,2011,40,10,-0.8660254037844386,0.5000000000000001,-0.992708874098054,0.1205366802553232,1599626.26,1707662.87,1682769.9200000002,56.0
27,2011-10-14,1682652.51,0,64.78,3.744,140.4784194,7.906,False,2011,41,10,-0.8660254037844386,0.5000000000000001,-0.9709418174260521,0.23931566428755738,1672339.27,1728388.2,1622987.0274999999,55.0
27,2011-10-21,1689591.44,0,59.62,3.757,140.4616048,7.906,False,2011,42,10,-0.8660254037844386,0.5000000000000001,-0.9350162426854148,0.35460488704253557,1682652.51,1693935.29,1640206.6800000002,54.0
27,2011-10-28,1710372.4,0,51.81,3.757,140.4447903,7.906,False,2011,43,10,-0.8660254037844386,0.5000000000000001,-0.8854560256532101,0.464723172043768,1689591.44,1688955.49,1661052.37,53.0
27,2011-11-04,1621109.3,0,44.46,3.738,140.4279758,7.906,False,2011,44,11,-0.5000000000000004,0.8660254037844384,-0.822983865893657,0.5680647467311548,1710372.4,1686010.02,1688738.9049999998,52.0
27,2011-11-11,1800728.07,0,49.69,3.719,140.4111613,7.906,False,2011,45,11,-0.5000000000000004,0.8660254037844384,-0.7485107481711011,0.6631226582407952,1621109.3,1828010.25,1675931.4125,51.0
27,2011-11-18,1723739.44,0,51.42,3.717,140.4127857,7.906,False,2011,46,11,-0.5000000000000004,0.8660254037844384,-0.6631226582407955,0.7485107481711007,1800728.07,1704785.74,1705450.3025000002,50.0
27,2011-11-25,2504400.71,1,47.88,3.689,140.4217857,7.906,True,2011,47,11,-0.5000000000000004,0.8660254037844384,-0.5680647467311559,0.8229838658936564,1723739.44,2627910.75,1713987.3025,49.0
27,2011-12-02,1806924.74,0,50.55,3.666,140.4307857,7.906,False,2011,48,12,-2.4492935982947064e-16,1.0,-0.4647231720437684,0.88545602565321,2504400.71,1884343.67,1912494.3800000001,48.0
27,2011-12-09,2014665.98,0,46.28,3.627,140.4397857,7.906,False,2011,49,12,-2.4492935982947064e-16,1.0,-0.35460488704253595,0.9350162426854147,1806924.74,2139733.68,1958948.24,47.0
27,2011-12-16,2205919.86,0,40.68,3.611,140.4700795,7.906,False,2011,50,12,-2.4492935982947064e-16,1.0,-0.2393156642875578,0.970941817426052,2014665.98,2350098.36,2012432.7175,46.0
27,2011-12-23,2739019.75,0,41.59,3.587,140.528765,7.906,True,2011,51,12,-2.4492935982947064e-16,1.0,-0.12053668025532363,0.992708874098054,2205919.86,3078162.08,2132977.8225,45.0
27,2011-12-30,1650604.6,1,37.85,3.566,140.5874505,7.906,False,2011,52,12,-2.4492935982947064e-16,1.0,6.432490598706546e-16,1.0,2739019.75,1440963.0,2191632.5825,44.0
27,2012-01-06,1535287.4,0,35.8,3.585,140.6461359,8.009,False,2012,1,1,0.49999999999999994,0.8660254037844387,0.12053668025532305,0.992708874098054,1650604.6,1568159.48,2152552.5475,43.0
27,2012-01-13,1492399.13,0,41.3,3.666,140.7048214,8.009,False,2012,2,1,0.49999999999999994,0.8660254037844387,0.23931566428755774,0.970941817426052,1535287.4,1532308.62,2032707.9025,42.0
27,2012-01-20,1542131.05,0,30.35,3.705,140.8086118,8.009,False,2012,3,1,0.49999999999999994,0.8660254037844387,0.3546048870425356,0.9350162426854148,1492399.13,1517029.9,1854327.72,41.0
27,2012-01-27,1263534.86,0,36.96,3.737,140.9124021,8.009,True,2012,4,1,0.49999999999999994,0.8660254037844387,0.4647231720437685,0.8854560256532099,1542131.05,1421111.55,1555105.545,40.0
27,2012-02-03,1564246.02,0,42.52,3.796,141.0161924,8.009,False,2012,5,2,0.8660254037844386,0.5000000000000001,0.5680647467311558,0.8229838658936564,1263534.86,1628100.79,1458338.11,39.0
27,2012-02-10,1651605.35,1,37.86,3.826,141.1199827,8.009,False,2012,6,2,0.8660254037844386,0.5000000000000001,0.6631226582407952,0.7485107481711011,1564246.02,1636224.77,1465577.7650000001,38.0
27,2012-02-17,1606221.56,0,37.24,3.874,141.2140357,8.009,False,2012,7,2,0.8660254037844386,0.5000000000000001,0.7485107481711011,0.6631226582407953,1651605.35,1709365.19,1505379.32,37.0
27,2012-02-24,1648602.39,0,41.74,3.917,141.3007857,8.009,False,2012,8,2,0.8660254037844386,0.5000000000000001,0.8229838658936564,0.5680647467311559,1606221.56,1688935.71,1521401.9475000002,36.0
27,2012-03-02,1509323.09,0,40.07,3.983,141.3875357,8.009,False,2012,9,3,1.0,6.123233995736766e-17,0.8854560256532099,0.4647231720437686,1648602.39,1656130.67,1617668.83,35.0
27,2012-03-09,1607343.41,0,44.32,4.021,141.4742857,8.009,False,2012,10,3,1.0,6.123233995736766e-17,0.9350162426854148,0.35460488704253557,1509323.09,1613259.77,1603938.0975000001,34.0
27,2012-03-16,1635984.07,0,49.6,4.021,141.55478,8.009,False,2012,11,3,1.0,6.123233995736766e-17,0.970941817426052,0.23931566428755804,1607343.41,1624539.21,1592872.6125,33.0
27,2012-03-23,1620839.34,0,57.3,4.054,141.6269332,8.009,False,2012,12,3,1.0,6.123233995736766e-17,0.992708874098054,0.120536680255323,1635984.07,1554651.08,1600313.2400000002,32.0
27,2012-03-30,1615494.14,0,49.4,4.098,141.6990864,8.009,False,2012,13,3,1.0,6.123233995736766e-17,1.0,-1.6081226496766364e-16,1620839.34,1628868.28,1593372.4775,31.0
27,2012-04-06,1899013.34,0,48.73,4.143,141.7712396,8.253,False,2012,14,4,0.8660254037844387,-0.4999999999999998,0.992708874098054,-0.12053668025532288,1615494.14,1689844.18,1619915.24,30.0
27,2012-04-13,1650405.21,0,52.22,4.187,141.8433929,8.253,False,2012,15,4,0.8660254037844387,-0.4999999999999998,0.9709418174260521,-0.2393156642875575,1899013.34,1727175.61,1692832.7225,29.0
27,2012-04-20,1639999.47,0,62.62,4.17,141.9015262,8.253,False,2012,16,4,0.8660254037844387,-0.4999999999999998,0.9350162426854148,-0.35460488704253545,1650405.21,1921655.48,1696438.0075,28.0
27,2012-04-27,1565498.84,0,52.33,4.163,141.9596595,8.253,False,2012,17,4,0.8660254037844387,-0.4999999999999998,0.8854560256532099,-0.4647231720437685,1639999.47,1642074.64,1701228.04,27.0
27,2012-05-04,1669388.45,0,53.68,4.124,142.0177929,8.253,False,2012,18,5,0.49999999999999994,-0.8660254037844387,0.8229838658936565,-0.5680647467311557,1565498.84,1757041.96,1688729.215,26.0
27,2012-05-11,1674306.31,0,58.97,4.055,142.0759262,8.253,False,2012,19,5,0.49999999999999994,-0.8660254037844387,0.7485107481711013,-0.663122658240795,1669388.45,1763545.32,1631322.9925000002,25.0
27,2012-05-18,1707158.82,0,65.15,4.029,142.0970115,8.253,False,2012,20,5,0.49999999999999994,-0.8660254037844387,0.6631226582407952,-0.7485107481711012,1674306.31,1725268.56,1637298.2675,24.0
27,2012-05-25,1818906.73,0,64.77,3.979,142.1032776,8.253,False,2012,21,5,0.49999999999999994,-0.8660254037844387,0.5680647467311558,-0.8229838658936564,1707158.82,1820723.17,1654088.105,23.0
27,2012-06-01,1900638.6,0,73.4,3.915,142.1095438,8.253,False,2012,22,6,1.2246467991473532e-16,-1.0,0.46472317204376906,-0.8854560256532096,1818906.73,2053708.01,1717440.0775,22.0
27,2012-06-08,1764756.31,0,64.05,3.871,142.1158099,8.253,False,2012,23,6,1.2246467991473532e-16,-1.0,0.35460488704253584,-0.9350162426854147,1900638.6,1817914.71,1775252.615,21.0
27,2012-06-15,1773500.56,0,69.52,3.786,142.1292548,8.253,False,2012,24,6,1.2246467991473532e-16,-1.0,0.23931566428755768,-0.970941817426052,1764756.31,1814740.09,1797865.115,20.0
27,2012-06-22,1837884.79,0,73.23,3.722,142.1606464,8.253,False,2012,25,6,1.2246467991473532e-16,-1.0,0.12053668025532308,-0.992708874098054,1773500.56,1811455.15,1814450.55,19.0
27,2012-06-29,1842555.32,0,73.94,3.667,142.1920381,8.253,False,2012,26,6,1.2246467991473532e-16,-1.0,-3.216245299353273e-16,-1.0,1837884.79,1949983.93,1819195.0650000002,18.0
27,2012-07-06,2062224.92,0,82.08,3.646,142.2234298,8.239,False,2012,27,7,-0.4999999999999997,-0.8660254037844388,-0.12053668025532283,-0.992708874098054,1842555.32,2000055.27,1804674.245,17.0
27,2012-07-13,1755889.53,0,78.95,3.689,142.2548214,8.239,False,2012,28,7,-0.4999999999999997,-0.8660254037844388,-0.23931566428755743,-0.9709418174260521,2062224.92,1762155.79,1879041.3975,16.0
27,2012-07-20,1730913.66,0,78.64,3.732,142.2337569,8.239,False,2012,29,7,-0.4999999999999997,-0.8660254037844388,-0.3546048870425356,-0.9350162426854148,1755889.53,1754879.45,1874638.64,15.0
27,2012-07-27,1625883.71,0,76.01,3.82,142.2126924,8.239,False,2012,30,7,-0.4999999999999997,-0.8660254037844388,-0.46472317204376806,-0.8854560256532101,1730913.66,1744879.06,1847895.8575,14.0
27,2012-08-03,1705810.84,0,75.22,3.819,142.1916279,8.239,False,2012,31,8,-0.8660254037844384,-0.5000000000000004,-0.5680647467311556,-0.8229838658936565,1625883.71,1747289.53,1793727.9549999998,13.0
27,2012-08-10,1720537.26,0,78.44,3.863,142.1705634,8.239,False,2012,32,8,-0.8660254037844384,-0.5000000000000004,-0.663122658240795,-0.7485107481711013,1705810.84,1758437.96,1704624.435,12.0
27,2012-08-17,1735339.59,0,76.51,3.963,142.2157385,8.239,False,2012,33,8,-0.8660254037844384,-0.5000000000000004,-0.7485107481711011,-0.6631226582407952,1720537.26,1781905.24,1695786.3675000002,11.0
27,2012-08-24,1780443.36,0,72.93,3.997,142.3105933,8.239,False,2012,34,8,-0.8660254037844384,-0.5000000000000004,-0.8229838658936564,-0.5680647467311559,1735339.59,2034400.78,1696892.85,10.0
27,2012-08-31,1731935.43,0,75.0,4.026,142.4054482,8.239,False,2012,35,8,-0.8660254037844384,-0.5000000000000004,-0.8854560256532096,-0.4647231720437691,1780443.36,1511717.53,1735532.7625000002,9.0
27,2012-09-07,1840955.23,1,76.0,4.076,142.500303,8.239,False,2012,36,9,-1.0,-1.8369701987210297e-16,-0.9350162426854147,-0.3546048870425359,1731935.43,1911470.84,1742063.9100000001,8.0
27,2012-09-14,1519604.5,0,68.72,4.088,142.5938833,8.239,False,2012,37,9,-1.0,-1.8369701987210297e-16,-0.970941817426052,-0.23931566428755774,1840955.23,1613773.9,1772168.4025,7.0
27,2012-09-21,1557485.75,0,66.1,4.203,142.6798167,8.239,False,2012,38,9,-1.0,-1.8369701987210297e-16,-0.992708874098054,-0.12053668025532357,1519604.5,1606208.68,1718234.63,6.0
27,2012-09-28,1540687.63,0,64.92,4.158,142.76575,8.239,False,2012,39,9,-1.0,-1.8369701987210297e-16,-1.0,-1.8369701987210297e-16,1557485.75,1599626.26,1662495.2275,5.0
27,2012-10-05,1591816.88,0,64.5,4.151,142.8516833,8.0,False,2012,40,10,-0.8660254037844386,0.5000000000000001,-0.992708874098054,0.1205366802553232,1540687.63,1672339.27,1614683.2774999999,4.0
27,2012-10-12,1660081.29,0,55.4,4.186,142.9376167,8.0,False,2012,41,10,-0.8660254037844386,0.5000000000000001,-0.9709418174260521,0.23931566428755738,1591816.88,1682652.51,1552398.69,3.0
27,2012-10-19,1620374.24,0,56.53,4.153,142.8633629,8.0,False,2012,42,10,-0.8660254037844386,0.5000000000000001,-0.9350162426854148,0.35460488704253557,1660081.29,1689591.44,1587517.8875,2.0
27,2012-10-26,1703047.74,0,58.99,4.071,142.7624113,8.0,False,2012,43,10,-0.8660254037844386,0.5000000000000001,-0.8854560256532101,0.464723172043768,1620374.24,1710372.4,1603240.01,1.0
28,2011-02-04,1564897.32,0,45.14,3.348,127.7195806,14.021,False,2011,5,2,0.8660254037844386,0.5000000000000001,0.5680647467311558,0.8229838658936564,1127859.69,1672352.29,1177179.47,91.0
28,2011-02-11,1397301.38,1,51.3,3.381,127.859129,14.021,False,2011,6,2,0.8660254037844386,0.5000000000000001,0.6631226582407952,0.7485107481711011,1564897.32,1558968.49,1217678.1825,90.0
28,2011-02-18,1514828.82,0,53.35,3.43,127.99525,14.021,False,2011,7,2,0.8660254037844386,0.5000000000000001,0.7485107481711011,0.6631226582407953,1397301.38,1491300.42,1292431.875,89.0
28,2011-02-25,1311796.91,0,48.45,3.53,128.13,14.021,False,2011,8,2,0.8660254037844386,0.5000000000000001,0.8229838658936564,0.5680647467311559,1514828.82,1542173.33,1401221.8025,88.0
28,2011-03-04,1723736.91,0,51.72,3.674,128.26475,14.021,False,2011,9,3,1.0,6.123233995736766e-17,0.8854560256532099,0.4647231720437686,1311796.91,1608435.45,1447206.1075,87.0
28,2011-03-11,1380836.35,0,57.75,3.818,128.3995,14.021,False,2011,10,3,1.0,6.123233995736766e-17,0.9350162426854148,0.35460488704253557,1723736.91,1326877.11,1486916.005,86.0
28,2011-03-18,1286413.71,0,64.21,3.692,128.5121935,14.021,False,2011,11,3,1.0,6.123233995736766e-17,0.970941817426052,0.23931566428755804,1380836.35,1279819.43,1482799.7475,85.0
28,2011-03-25,1201059.72,0,54.4,3.909,128.6160645,14.021,False,2011,12,3,1.0,6.123233995736766e-17,0.992708874098054,0.120536680255323,1286413.71,1245268.77,1425695.97,84.0
28,2011-04-01,1336838.41,0,63.63,3.772,128.7199355,13.736,False,2011,13,4,0.8660254037844387,-0.4999999999999998,1.0,-1.6081226496766364e-16,1201059.72,1441559.4,1398011.6725,83.0
28,2011-04-08,1414713.5,0,64.47,4.003,128.8238065,13.736,False,2011,14,4,0.8660254037844387,-0.4999999999999998,0.992708874098054,-0.12053668025532288,1336838.41,1382359.21,1301287.0475,82.0
28,2011-04-15,1240126.07,0,57.63,3.868,128.9107333,13.736,False,2011,15,4,0.8660254037844387,-0.4999999999999998,0.9709418174260521,-0.2393156642875575,1414713.5,1268240.66,1309756.335,81.0
28,2011-04-22,1297452.0,0,72.12,4.134,128.9553,13.736,False,2011,16,4,0.8660254037844387,-0.4999999999999998,0.9350162426854148,-0.35460488704253545,1240126.07,1244177.21,1298184.4249999998,80.0
28,2011-04-29,1222367.9,0,68.27,4.151,128.9998667,13.736,False,2011,17,4,0.8660254037844387,-0.4999999999999998,0.8854560256532099,-0.4647231720437685,1297452.0,1186971.02,1322282.495,79.0
28,2011-05-06,1515890.38,0,68.4,4.193,129.0444333,13.736,False,2011,18,5,0.49999999999999994,-0.8660254037844387,0.8229838658936565,-0.5680647467311557,1222367.9,1532893.22,1293664.8675,78.0
28,2011-05-13,1253316.3,0,70.93,4.202,129.089,13.736,False,2011,19,5,0.49999999999999994,-0.8660254037844387,0.7485107481711013,-0.663122658240795,1515890.38,1245898.73,1318959.0875,77.0
28,2011-05-20,1151282.31,0,66.59,4.169,129.0756774,13.736,False,2011,20,5,0.49999999999999994,-0.8660254037844387,0.6631226582407952,-0.7485107481711012,1253316.3,1217923.71,1322256.645,76.0
28,2011-05-27,1160043.98,0,76.67,4.087,129.0623548,13.736,False,2011,21,5,0.49999999999999994,-0.8660254037844387,0.5680647467311558,-0.8229838658936564,1151282.31,1176588.25,1285714.2225,75.0
28,2011-06-03,1403779.25,0,71.81,4.031,129.0490323,13.736,False,2011,22,6,1.2246467991473532e-16,-1.0,0.46472317204376906,-0.8854560256532096,1160043.98,1543678.02,1270133.2425,74.0
28,2011-06-10,1339972.83,0,78.72,3.981,129.0357097,13.736,False,2011,23,6,1.2246467991473532e-16,-1.0,0.35460488704253584,-0.9350162426854147,1403779.25,1348995.17,1242105.46,73.0
28,2011-06-17,1268503.49,0,86.84,3.935,129.0432,13.736,False,2011,24,6,1.2246467991473532e-16,-1.0,0.23931566428755768,-0.970941817426052,1339972.83,1267619.06,1263769.5925,72.0
28,2011-06-24,1208809.34,0,88.95,3.898,129.0663,13.736,False,2011,25,6,1.2246467991473532e-16,-1.0,0.12053668025532308,-0.992708874098054,1268503.49,1231025.07,1293074.8875,71.0
28,2011-07-01,1319054.57,0,89.85,3.842,129.0894,13.503,False,2011,26,7,-0.4999999999999997,-0.8660254037844388,-3.216245299353273e-16,-1.0,1208809.34,1399960.15,1305266.2275,70.0
28,2011-07-08,1459655.85,0,89.9,3.705,129.1125,13.503,False,2011,27,7,-0.4999999999999997,-0.8660254037844388,-0.12053668025532283,-0.992708874098054,1319054.57,1340293.87,1284085.0575,69.0
28,2011-07-15,1197373.13,0,88.1,3.692,129.1338387,13.503,False,2011,28,7,-0.4999999999999997,-0.8660254037844388,-0.23931566428755743,-0.9709418174260521,1459655.85,1225336.41,1314005.8125,68.0
28,2011-07-22,1165870.54,0,91.17,3.794,129.1507742,13.503,False,2011,29,7,-0.4999999999999997,-0.8660254037844388,-0.3546048870425356,-0.9350162426854148,1197373.13,1205884.98,1296223.2225000001,67.0
28,2011-07-29,1114530.29,0,93.29,3.805,129.1677097,13.503,False,2011,30,7,-0.4999999999999997,-0.8660254037844388,-0.46472317204376806,-0.8854560256532101,1165870.54,1150204.71,1285488.5225,66.0
28,2011-08-05,1523870.89,0,90.61,3.803,129.1846452,13.503,False,2011,31,8,-0.8660254037844384,-0.5000000000000004,-0.5680647467311556,-0.8229838658936565,1114530.29,1523101.38,1234357.4525000001,65.0
28,2011-08-12,1218764.94,0,91.04,3.701,129.2015806,13.503,False,2011,32,8,-0.8660254037844384,-0.5000000000000004,-0.663122658240795,-0.7485107481711013,1523870.89,1218688.09,1250411.2125,64.0
28,2011-08-19,1200019.74,0,91.74,3.743,129.2405806,13.503,False,2011,33,8,-0.8660254037844384,-0.5000000000000004,-0.7485107481711011,-0.6631226582407952,1218764.94,1195897.6,1255759.165,63.0
28,2011-08-26,1166479.51,0,94.61,3.74,129.2832581,13.503,False,2011,34,8,-0.8660254037844384,-0.5000000000000004,-0.8229838658936564,-0.5680647467311559,1200019.74,1191585.92,1264296.4649999999,62.0
28,2011-09-02,1468871.49,0,93.66,3.798,129.3259355,13.503,False,2011,35,9,-1.0,-1.8369701987210297e-16,-0.8854560256532096,-0.4647231720437691,1166479.51,1523410.71,1277283.77,61.0
28,2011-09-09,1310087.0,1,88.0,3.913,129.3686129,13.503,False,2011,36,9,-1.0,-1.8369701987210297e-16,-0.9350162426854147,-0.3546048870425359,1468871.49,1246062.17,1263533.92,60.0
28,2011-09-16,1159212.1,0,76.36,3.918,129.4306,13.503,False,2011,37,9,-1.0,-1.8369701987210297e-16,-0.970941817426052,-0.23931566428755774,1310087.0,1159812.35,1286364.435,59.0
28,2011-09-23,1109105.92,0,82.95,3.789,129.5183333,13.503,False,2011,38,9,-1.0,-1.8369701987210297e-16,-0.992708874098054,-0.12053668025532357,1159212.1,1111797.21,1276162.525,58.0
28,2011-09-30,1120731.76,0,83.26,3.877,129.6060667,13.503,False,2011,39,9,-1.0,-1.8369701987210297e-16,-1.0,-1.8369701987210297e-16,1109105.92,1203080.41,1261819.1275,57.0
28,2011-10-07,1557314.58,0,70.44,3.827,129.6938,12.89,False,2011,40,10,-0.8660254037844386,0.5000000000000001,-0.992708874098054,0.1205366802553232,1120731.76,1334571.87,1174784.195,56.0
28,2011-10-14,1220984.94,0,67.31,3.805,129.7706452,12.89,False,2011,41,10,-0.8660254037844386,0.5000000000000001,-0.9709418174260521,0.23931566428755738,1557314.58,1158062.99,1236591.09,55.0
28,2011-10-21,1203172.05,0,73.05,3.842,129.7821613,12.89,False,2011,42,10,-0.8660254037844386,0.5000000000000001,-0.9350162426854148,0.35460488704253557,1220984.94,1120619.32,1252034.3,54.0
28,2011-10-28,1242746.06,0,67.41,3.727,129.7936774,12.89,False,2011,43,10,-0.8660254037844386,0.5000000000000001,-0.8854560256532101,0.464723172043768,1203172.05,1231688.48,1275550.8325,53.0
28,2011-11-04,1576654.67,0,59.77,3.828,129.8051935,12.89,False,2011,44,11,-0.5000000000000004,0.8660254037844384,-0.822983865893657,0.5680647467311548,1242746.06,1501663.26,1306054.4075000002,52.0
28,2011-11-11,1402654.95,0,48.76,3.824,129.8167097,12.89,False,2011,45,11,-0.5000000000000004,0.8660254037844384,-0.7485107481711011,0.6631226582407952,1576654.67,1266460.45,1310889.4300000002,51.0
28,2011-11-18,1255081.22,0,54.2,3.813,129.8268333,12.89,False,2011,46,11,-0.5000000000000004,0.8660254037844384,-0.6631226582407955,0.7485107481711007,1402654.95,1179315.72,1356306.9324999999,50.0
28,2011-11-25,1929738.27,1,53.25,3.622,129.8364,12.89,True,2011,47,11,-0.5000000000000004,0.8660254037844384,-0.5680647467311559,0.8229838658936564,1255081.22,1937033.5,1369284.225,49.0
28,2011-12-02,1368130.35,0,52.5,3.701,129.8459667,12.89,False,2011,48,12,-2.4492935982947064e-16,1.0,-0.4647231720437684,0.88545602565321,1929738.27,1447916.29,1541032.2774999999,48.0
28,2011-12-09,1467024.3,0,42.17,3.644,129.8555333,12.89,False,2011,49,12,-2.4492935982947064e-16,1.0,-0.35460488704253595,0.9350162426854147,1368130.35,1466164.49,1488901.1974999998,47.0
28,2011-12-16,1429954.66,0,43.29,3.6,129.8980645,12.89,False,2011,50,12,-2.4492935982947064e-16,1.0,-0.2393156642875578,0.970941817426052,1467024.3,1510443.62,1504993.5350000001,46.0
28,2011-12-23,1796203.51,0,45.4,3.541,129.9845484,12.89,False,2011,51,12,-2.4492935982947064e-16,1.0,-0.12053668025532363,0.992708874098054,1429954.66,2026026.39,1548711.895,45.0
28,2011-12-30,1270036.53,1,44.64,3.428,130.0710323,12.89,False,2011,52,12,-2.4492935982947064e-16,1.0,6.432490598706546e-16,1.0,1796203.51,1090558.57,1515328.205,44.0
28,2012-01-06,1466046.07,0,50.43,3.599,130.1575161,12.187,False,2012,1,1,0.49999999999999994,0.8660254037844387,0.12053668025532305,0.992708874098054,1270036.53,1402902.47,1490804.75,43.0
28,2012-01-13,1161190.29,0,48.07,3.657,130.244,12.187,False,2012,2,1,0.49999999999999994,0.8660254037844387,0.23931566428755774,0.970941817426052,1466046.07,1098286.61,1490560.1925,42.0
28,2012-01-20,1129540.48,0,46.2,3.66,130.2792258,12.187,False,2012,3,1,0.49999999999999994,0.8660254037844387,0.3546048870425356,0.9350162426854148,1161190.29,1079669.11,1423369.0999999999,41.0
28,2012-01-27,1132948.48,0,50.43,3.675,130.3144516,12.187,False,2012,4,1,0.49999999999999994,0.8660254037844387,0.4647231720437685,0.8854560256532099,1129540.48,1127859.69,1256703.3425,40.0
28,2012-02-03,1531599.44,0,50.58,3.702,130.3496774,12.187,False,2012,5,2,0.8660254037844386,0.5000000000000001,0.5680647467311558,0.8229838658936564,1132948.48,1564897.32,1222431.33,39.0
28,2012-02-10,1572966.15,1,52.27,3.722,130.3849032,12.187,False,2012,6,2,0.8660254037844386,0.5000000000000001,0.6631226582407952,0.7485107481711011,1531599.44,1397301.38,1238819.6724999999,38.0
28,2012-02-17,1501503.68,0,51.8,3.781,130.4546207,12.187,False,2012,7,2,0.8660254037844386,0.5000000000000001,0.7485107481711011,0.6631226582407953,1572966.15,1514828.82,1341763.6375,37.0
28,2012-02-24,1323487.91,0,53.13,3.95,130.5502069,12.187,False,2012,8,2,0.8660254037844386,0.5000000000000001,0.8229838658936564,0.5680647467311559,1501503.68,1311796.91,1434754.4375,36.0
28,2012-03-02,1451740.57,0,52.27,4.178,130.6457931,12.187,False,2012,9,3,1.0,6.123233995736766e-17,0.8854560256532099,0.4647231720437686,1323487.91,1723736.91,1482389.295,35.0
28,2012-03-09,1680764.06,0,54.54,4.25,130.7413793,12.187,False,2012,10,3,1.0,6.123233995736766e-17,0.9350162426854148,0.35460488704253557,1451740.57,1380836.35,1462424.5775000001,34.0
28,2012-03-16,1337875.49,0,64.44,4.273,130.8261935,12.187,False,2012,11,3,1.0,6.123233995736766e-17,0.970941817426052,0.23931566428755804,1680764.06,1286413.71,1489374.055,33.0
28,2012-03-23,1216059.41,0,56.26,4.038,130.8966452,12.187,False,2012,12,3,1.0,6.123233995736766e-17,0.992708874098054,0.120536680255323,1337875.49,1201059.72,1448467.0075,32.0
28,2012-03-30,1209524.11,0,64.36,4.294,130.9670968,12.187,False,2012,13,3,1.0,6.123233995736766e-17,1.0,-1.6081226496766364e-16,1216059.41,1336838.41,1421609.8824999998,31.0
28,2012-04-06,1559592.79,0,64.05,4.121,131.0375484,11.627,False,2012,14,4,0.8660254037844387,-0.4999999999999998,0.992708874098054,-0.12053668025532288,1209524.11,1414713.5,1361055.7674999998,30.0
28,2012-04-13,1290684.95,0,64.28,4.254,131.108,11.627,False,2012,15,4,0.8660254037844387,-0.4999999999999998,0.9709418174260521,-0.2393156642875575,1559592.79,1240126.07,1330762.95,29.0
28,2012-04-20,1180797.2,0,66.73,4.222,131.1173333,11.627,False,2012,16,4,0.8660254037844387,-0.4999999999999998,0.9350162426854148,-0.35460488704253545,1290684.95,1297452.0,1318965.315,28.0
28,2012-04-27,1170456.16,0,77.99,4.193,131.1266667,11.627,False,2012,17,4,0.8660254037844387,-0.4999999999999998,0.8854560256532099,-0.4647231720437685,1180797.2,1222367.9,1310149.7625,27.0
28,2012-05-04,1450628.85,0,76.03,4.171,131.136,11.627,False,2012,18,5,0.49999999999999994,-0.8660254037844387,0.8229838658936565,-0.5680647467311557,1170456.16,1515890.38,1300382.775,26.0
28,2012-05-11,1264575.18,0,77.27,4.186,131.1453333,11.627,False,2012,19,5,0.49999999999999994,-0.8660254037844387,0.7485107481711013,-0.663122658240795,1450628.85,1253316.3,1273141.79,25.0
28,2012-05-18,1213310.45,0,84.51,4.11,131.0983226,11.627,False,2012,20,5,0.49999999999999994,-0.8660254037844387,0.6631226582407952,-0.7485107481711012,1264575.18,1151282.31,1266614.3475,24.0
28,2012-05-25,1151214.41,0,83.84,4.293,131.0287742,11.627,False,2012,21,5,0.49999999999999994,-0.8660254037844387,0.5680647467311558,-0.8229838658936564,1213310.45,1160043.98,1274742.66,23.0
28,2012-06-01,1245480.95,0,78.11,4.277,130.9592258,11.627,False,2012,22,6,1.2246467991473532e-16,-1.0,0.46472317204376906,-0.8854560256532096,1151214.41,1403779.25,1269932.2225,22.0
28,2012-06-08,1440687.69,0,84.83,4.103,130.8896774,11.627,False,2012,23,6,1.2246467991473532e-16,-1.0,0.35460488704253584,-0.9350162426854147,1245480.95,1339972.83,1218645.2475,21.0
28,2012-06-15,1229760.97,0,85.94,4.144,130.8295333,11.627,False,2012,24,6,1.2246467991473532e-16,-1.0,0.23931566428755768,-0.970941817426052,1440687.69,1268503.49,1262673.375,20.0
28,2012-06-22,1180671.55,0,91.61,4.014,130.7929,11.627,False,2012,25,6,1.2246467991473532e-16,-1.0,0.12053668025532308,-0.992708874098054,1229760.97,1208809.34,1266786.005,19.0
28,2012-06-29,1129031.98,0,90.47,3.875,130.7562667,11.627,False,2012,26,6,1.2246467991473532e-16,-1.0,-3.216245299353273e-16,-1.0,1180671.55,1319054.57,1274150.29,18.0
28,2012-07-06,1500863.54,0,89.13,3.765,130.7196333,10.926,False,2012,27,7,-0.4999999999999997,-0.8660254037844388,-0.12053668025532283,-0.992708874098054,1129031.98,1459655.85,1245038.0474999999,17.0
28,2012-07-13,1179915.04,0,95.61,3.723,130.683,10.926,False,2012,28,7,-0.4999999999999997,-0.8660254037844388,-0.23931566428755743,-0.9709418174260521,1500863.54,1197373.13,1260082.01,16.0
28,2012-07-20,1149427.48,0,85.53,3.726,130.7012903,10.926,False,2012,29,7,-0.4999999999999997,-0.8660254037844388,-0.3546048870425356,-0.9350162426854148,1179915.04,1165870.54,1247620.5275,15.0
28,2012-07-27,1135035.09,0,93.47,3.769,130.7195806,10.926,False,2012,30,7,-0.4999999999999997,-0.8660254037844388,-0.46472317204376806,-0.8854560256532101,1149427.48,1114530.29,1239809.51,14.0
28,2012-08-03,1376520.1,0,88.16,3.76,130.737871,10.926,False,2012,31,8,-0.8660254037844384,-0.5000000000000004,-0.5680647467311556,-0.8229838658936565,1135035.09,1523870.89,1241310.2875,13.0
28,2012-08-10,1269113.41,0,95.91,3.811,130.7561613,10.926,False,2012,32,8,-0.8660254037844384,-0.5000000000000004,-0.663122658240795,-0.7485107481711013,1376520.1,1218764.94,1210224.4275,12.0
28,2012-08-17,1184198.41,0,94.87,4.002,130.7909677,10.926,False,2012,33,8,-0.8660254037844384,-0.5000000000000004,-0.7485107481711011,-0.6631226582407952,1269113.41,1200019.74,1232524.02,11.0
28,2012-08-24,1199309.59,0,85.32,4.055,130.8381613,10.926,False,2012,34,8,-0.8660254037844384,-0.5000000000000004,-0.8229838658936564,-0.5680647467311559,1184198.41,1166479.51,1241216.7525,10.0
28,2012-08-31,1227118.75,0,89.78,4.093,130.8853548,10.926,False,2012,35,8,-0.8660254037844384,-0.5000000000000004,-0.8854560256532096,-0.4647231720437691,1199309.59,1468871.49,1257285.3775,9.0
28,2012-09-07,1469693.99,1,88.52,4.124,130.9325484,10.926,False,2012,36,9,-1.0,-1.8369701987210297e-16,-0.9350162426854147,-0.3546048870425359,1227118.75,1310087.0,1219935.04,8.0
28,2012-09-14,1124660.77,0,83.64,4.133,130.9776667,10.926,False,2012,37,9,-1.0,-1.8369701987210297e-16,-0.970941817426052,-0.23931566428755774,1469693.99,1159212.1,1270080.185,7.0
28,2012-09-21,1135340.19,0,82.97,4.125,131.0103333,10.926,False,2012,38,9,-1.0,-1.8369701987210297e-16,-0.992708874098054,-0.12053668025532357,1124660.77,1109105.92,1255195.775,6.0
28,2012-09-28,1129508.61,0,81.22,3.966,131.043,10.926,False,2012,39,9,-1.0,-1.8369701987210297e-16,-1.0,-1.8369701987210297e-16,1135340.19,1120731.76,1239203.425,5.0
28,2012-10-05,1462941.03,0,81.61,3.966,131.0756667,10.199,False,2012,40,10,-0.8660254037844386,0.5000000000000001,-0.992708874098054,0.1205366802553232,1129508.61,1557314.58,1214800.8900000001,4.0
28,2012-10-12,1205536.71,0,71.74,4.468,131.1083333,10.199,False,2012,41,10,-0.8660254037844386,0.5000000000000001,-0.9709418174260521,0.23931566428755738,1462941.03,1220984.94,1213112.65,3.0
28,2012-10-19,1143724.48,0,68.66,4.449,131.1499677,10.199,False,2012,42,10,-0.8660254037844386,0.5000000000000001,-0.9350162426854148,0.35460488704253557,1205536.71,1203172.05,1233331.635,2.0
28,2012-10-26,1213860.61,0,65.95,4.301,131.1930968,10.199,False,2012,43,10,-0.8660254037844386,0.5000000000000001,-0.8854560256532101,0.464723172043768,1143724.48,1242746.06,1235427.7075,1.0
29,2011-02-04,504126.89,0,26.39,3.24,133.1834194,10.256,False,2011,5,2,0.8660254037844386,0.5000000000000001,0.5680647467311558,0.8229838658936564,410426.97,538634.46,434604.64,91.0
29,2011-02-11,550387.78,1,28.89,3.255,133.260871,10.256,False,2011,6,2,0.8660254037844386,0.5000000000000001,0.6631226582407952,0.7485107481711011,504126.89,529672.95,446648.3175,90.0
29,2011-02-18,542529.21,0,35.34,3.263,133.3701429,10.256,False,2011,7,2,0.8660254037844386,0.5000000000000001,0.7485107481711011,0.6631226582407953,550387.78,542399.07,477518.9475,89.0
29,2011-02-25,483660.15,0,30.23,3.281,133.4921429,10.256,False,2011,8,2,0.8660254037844386,0.5000000000000001,0.8229838658936564,0.5680647467311559,542529.21,488417.61,501867.71249999997,88.0
29,2011-03-04,536031.67,0,33.52,3.437,133.6141429,10.256,False,2011,9,3,1.0,6.123233995736766e-17,0.8854560256532099,0.4647231720437686,483660.15,535087.91,520176.00749999995,87.0
29,2011-03-11,493430.45,0,41.42,3.6,133.7361429,10.256,False,2011,10,3,1.0,6.123233995736766e-17,0.9350162426854148,0.35460488704253557,536031.67,519042.49,528152.2025,86.0
29,2011-03-18,493653.43,0,43.38,3.634,133.8492258,10.256,False,2011,11,3,1.0,6.123233995736766e-17,0.970941817426052,0.23931566428755804,493430.45,496851.6,513912.87,85.0
29,2011-03-25,478773.05,0,38.77,3.624,133.9587419,10.256,False,2011,12,3,1.0,6.123233995736766e-17,0.992708874098054,0.120536680255323,493653.43,552985.34,501693.92500000005,84.0
29,2011-04-01,475615.26,0,36.04,3.638,134.0682581,9.966,False,2011,13,4,0.8660254037844387,-0.4999999999999998,1.0,-1.6081226496766364e-16,478773.05,599629.25,500472.15,83.0
29,2011-04-08,505304.33,0,44.42,3.72,134.1777742,9.966,False,2011,14,4,0.8660254037844387,-0.4999999999999998,0.992708874098054,-0.12053668025532288,475615.26,569937.23,485368.0475,82.0
29,2011-04-15,518245.97,0,48.88,3.823,134.2784667,9.966,False,2011,15,4,0.8660254037844387,-0.4999999999999998,0.9709418174260521,-0.2393156642875575,505304.33,509100.84,488336.5175,81.0
29,2011-04-22,589252.69,0,47.76,3.919,134.3571,9.966,False,2011,16,4,0.8660254037844387,-0.4999999999999998,0.9350162426854148,-0.35460488704253545,518245.97,505329.66,494484.6525,80.0
29,2011-04-29,493078.64,0,57.2,3.988,134.4357333,9.966,False,2011,17,4,0.8660254037844387,-0.4999999999999998,0.8854560256532099,-0.4647231720437685,589252.69,501013.47,522104.5625,79.0
29,2011-05-06,534372.53,0,53.63,4.078,134.5143667,9.966,False,2011,18,5,0.49999999999999994,-0.8660254037844387,0.8229838658936565,-0.5680647467311557,493078.64,568497.35,526470.4075,78.0
29,2011-05-13,549551.02,0,57.71,4.095,134.593,9.966,False,2011,19,5,0.49999999999999994,-0.8660254037844387,0.7485107481711013,-0.663122658240795,534372.53,518940.88,533737.4575,77.0
29,2011-05-20,492932.51,0,58.56,4.101,134.6803871,9.966,False,2011,20,5,0.49999999999999994,-0.8660254037844387,0.6631226582407952,-0.7485107481711012,549551.02,502021.82,541563.72,76.0
29,2011-05-27,550735.64,0,62.59,4.034,134.7677742,9.966,False,2011,21,5,0.49999999999999994,-0.8660254037844387,0.5680647467311558,-0.8229838658936564,492932.51,577627.66,517483.67500000005,75.0
29,2011-06-03,598251.57,0,70.09,3.973,134.8551613,9.966,False,2011,22,6,1.2246467991473532e-16,-1.0,0.46472317204376906,-0.8854560256532096,550735.64,588017.66,531897.925,74.0
29,2011-06-10,558431.44,0,69.53,3.924,134.9425484,9.966,False,2011,23,6,1.2246467991473532e-16,-1.0,0.35460488704253584,-0.9350162426854147,598251.57,540716.58,547867.685,73.0
29,2011-06-17,536914.17,0,63.97,3.873,135.0837333,9.966,False,2011,24,6,1.2246467991473532e-16,-1.0,0.23931566428755768,-0.970941817426052,558431.44,558731.74,550087.79,72.0
29,2011-06-24,545368.17,0,68.53,3.851,135.2652667,9.966,False,2011,25,6,1.2246467991473532e-16,-1.0,0.12053668025532308,-0.992708874098054,536914.17,585548.79,561083.205,71.0
29,2011-07-01,567114.6,0,70.8,3.815,135.4468,9.863,False,2011,26,7,-0.4999999999999997,-0.8660254037844388,-3.216245299353273e-16,-1.0,545368.17,581473.55,559741.3375,70.0
29,2011-07-08,547586.07,0,74.22,3.784,135.6283333,9.863,False,2011,27,7,-0.4999999999999997,-0.8660254037844388,-0.12053668025532283,-0.992708874098054,567114.6,563449.43,551957.095,69.0
29,2011-07-15,505246.15,0,75.2,3.827,135.7837419,9.863,False,2011,28,7,-0.4999999999999997,-0.8660254037844388,-0.23931566428755743,-0.9709418174260521,547586.07,512292.01,549245.7525000001,68.0
29,2011-07-22,507335.75,0,77.79,3.882,135.8738387,9.863,False,2011,29,7,-0.4999999999999997,-0.8660254037844388,-0.3546048870425356,-0.9350162426854148,505246.15,506502.09,541328.7475,67.0
29,2011-07-29,474653.06,0,75.32,3.898,135.9639355,9.863,False,2011,30,7,-0.4999999999999997,-0.8660254037844388,-0.46472317204376806,-0.8854560256532101,507335.75,509872.77,531820.6425000001,66.0
29,2011-08-05,503486.37,0,75.33,3.903,136.0540323,9.863,False,2011,31,8,-0.8660254037844384,-0.5000000000000004,-0.5680647467311556,-0.8229838658936565,474653.06,519787.93,508705.2575,65.0
29,2011-08-12,471311.5,0,74.69,3.88,136.144129,9.863,False,2011,32,8,-0.8660254037844384,-0.5000000000000004,-0.663122658240795,-0.7485107481711013,503486.37,495269.0,497680.33249999996,64.0
29,2011-08-19,498056.0,0,71.3,3.82,136.183129,9.863,False,2011,33,8,-0.8660254037844384,-0.5000000000000004,-0.7485107481711011,-0.6631226582407952,471311.5,531640.19,489196.67,63.0
29,2011-08-26,608294.98,0,72.22,3.796,136.2136129,9.863,False,2011,34,8,-0.8660254037844384,-0.5000000000000004,-0.8229838658936564,-0.5680647467311559,498056.0,545766.13,486876.7325,62.0
29,2011-09-02,497085.91,0,69.16,3.784,136.2440968,9.863,False,2011,35,9,-1.0,-1.8369701987210297e-16,-0.8854560256532096,-0.4647231720437691,608294.98,579272.38,520287.21249999997,61.0
29,2011-09-09,505406.72,1,69.14,3.809,136.2745806,9.863,False,2011,36,9,-1.0,-1.8369701987210297e-16,-0.9350162426854147,-0.3546048870425359,497085.91,491290.37,518687.0975,60.0
29,2011-09-16,474129.35,0,68.08,3.809,136.3145,9.863,False,2011,37,9,-1.0,-1.8369701987210297e-16,-0.970941817426052,-0.23931566428755774,505406.72,463752.89,527210.9025,59.0
29,2011-09-23,475696.37,0,62.36,3.758,136.367,9.863,False,2011,38,9,-1.0,-1.8369701987210297e-16,-0.992708874098054,-0.12053668025532357,474129.35,465338.41,521229.24,58.0
29,2011-09-30,446516.26,0,69.78,3.684,136.4195,9.863,False,2011,39,9,-1.0,-1.8369701987210297e-16,-1.0,-1.8369701987210297e-16,475696.37,474698.01,488079.58749999997,57.0
29,2011-10-07,514993.0,0,56.44,3.633,136.472,9.357,False,2011,40,10,-0.8660254037844386,0.5000000000000001,-0.992708874098054,0.1205366802553232,446516.26,530059.06,475437.175,56.0
29,2011-10-14,475776.45,0,62.63,3.583,136.5150968,9.357,False,2011,41,10,-0.8660254037844386,0.5000000000000001,-0.9709418174260521,0.23931566428755738,514993.0,483011.69,477833.745,55.0
29,2011-10-21,505068.22,0,59.3,3.618,136.5017742,9.357,False,2011,42,10,-0.8660254037844386,0.5000000000000001,-0.9350162426854148,0.35460488704253557,475776.45,505221.17,478245.52,54.0
29,2011-10-28,515119.64,0,49.31,3.604,136.4884516,9.357,False,2011,43,10,-0.8660254037844386,0.5000000000000001,-0.8854560256532101,0.464723172043768,505068.22,527058.59,485588.48250000004,53.0
29,2011-11-04,620735.72,0,42.81,3.586,136.475129,9.357,False,2011,44,11,-0.5000000000000004,0.8660254037844384,-0.822983865893657,0.5680647467311548,515119.64,521002.97,502739.3275,52.0
29,2011-11-11,531600.62,0,47.8,3.57,136.4618065,9.357,False,2011,45,11,-0.5000000000000004,0.8660254037844384,-0.7485107481711011,0.6631226582407952,620735.72,524450.7,529175.0075000001,51.0
29,2011-11-18,504601.29,0,50.62,3.571,136.4666667,9.357,False,2011,46,11,-0.5000000000000004,0.8660254037844384,-0.6631226582407955,0.7485107481711007,531600.62,508174.55,543131.0499999999,50.0
29,2011-11-25,913165.19,1,46.28,3.536,136.4788,9.357,True,2011,47,11,-0.5000000000000004,0.8660254037844384,-0.5680647467311559,0.8229838658936564,504601.29,975268.91,543014.3175,49.0
29,2011-12-02,579874.22,0,49.11,3.501,136.4909333,9.357,False,2011,48,12,-2.4492935982947064e-16,1.0,-0.4647231720437684,0.88545602565321,913165.19,642678.53,642525.705,48.0
29,2011-12-09,633240.53,0,45.35,3.47,136.5030667,9.357,False,2011,49,12,-2.4492935982947064e-16,1.0,-0.35460488704253595,0.9350162426854147,579874.22,713834.74,632310.33,47.0
29,2011-12-16,736805.66,0,39.11,3.445,136.5335161,9.357,True,2011,50,12,-2.4492935982947064e-16,1.0,-0.2393156642875578,0.970941817426052,633240.53,850538.25,657720.3074999999,46.0
29,2011-12-23,1016637.39,0,39.83,3.413,136.5883871,9.357,True,2011,51,12,-2.4492935982947064e-16,1.0,-0.12053668025532363,0.992708874098054,736805.66,1130926.79,715771.3999999999,45.0
29,2011-12-30,551743.05,1,36.28,3.402,136.6432581,9.357,False,2011,52,12,-2.4492935982947064e-16,1.0,6.432490598706546e-16,1.0,1016637.39,465992.02,741639.45,44.0
29,2012-01-06,469773.85,0,34.61,3.439,136.698129,8.988,False,2012,1,1,0.49999999999999994,0.8660254037844387,0.12053668025532305,0.992708874098054,551743.05,455952.18,734606.6575000001,43.0
29,2012-01-13,444756.37,0,39.0,3.523,136.753,8.988,False,2012,2,1,0.49999999999999994,0.8660254037844387,0.23931566428755774,0.970941817426052,469773.85,426905.26,693739.9875,42.0
29,2012-01-20,446863.31,0,29.16,3.542,136.8564194,8.988,False,2012,3,1,0.49999999999999994,0.8660254037844387,0.3546048870425356,0.9350162426854148,444756.37,445134.15,620727.665,41.0
29,2012-01-27,395987.24,0,35.68,3.568,136.9598387,8.988,True,2012,4,1,0.49999999999999994,0.8660254037844387,0.4647231720437685,0.8854560256532099,446863.31,410426.97,478284.145,40.0
29,2012-02-03,493159.35,0,40.58,3.633,137.0632581,8.988,False,2012,5,2,0.8660254037844386,0.5000000000000001,0.5680647467311558,0.8229838658936564,395987.24,504126.89,439345.1925,39.0
29,2012-02-10,545840.05,1,35.68,3.655,137.1666774,8.988,False,2012,6,2,0.8660254037844386,0.5000000000000001,0.6631226582407952,0.7485107481711011,493159.35,550387.78,445191.56749999995,38.0
29,2012-02-17,559606.91,0,36.25,3.703,137.2583103,8.988,False,2012,7,2,0.8660254037844386,0.5000000000000001,0.7485107481711011,0.6631226582407953,545840.05,542529.21,470462.4875,37.0
29,2012-02-24,488782.63,0,39.0,3.751,137.3411034,8.988,False,2012,8,2,0.8660254037844386,0.5000000000000001,0.8229838658936564,0.5680647467311559,559606.91,483660.15,498648.38749999995,36.0
29,2012-03-02,500801.72,0,37.47,3.827,137.4238966,8.988,False,2012,9,3,1.0,6.123233995736766e-17,0.8854560256532099,0.4647231720437686,488782.63,536031.67,521847.235,35.0
29,2012-03-09,504750.35,0,41.72,3.876,137.5066897,8.988,False,2012,10,3,1.0,6.123233995736766e-17,0.9350162426854148,0.35460488704253557,500801.72,493430.45,523757.8275,34.0
29,2012-03-16,489293.72,0,46.06,3.867,137.5843871,8.988,False,2012,11,3,1.0,6.123233995736766e-17,0.970941817426052,0.23931566428755804,504750.35,493653.43,513485.40249999997,33.0
29,2012-03-23,517408.48,0,54.68,3.889,137.6552903,8.988,False,2012,12,3,1.0,6.123233995736766e-17,0.992708874098054,0.120536680255323,489293.72,478773.05,495907.105,32.0
29,2012-03-30,504566.28,0,46.4,3.921,137.7261935,8.988,False,2012,13,3,1.0,6.123233995736766e-17,1.0,-1.6081226496766364e-16,517408.48,475615.26,503063.5675,31.0
29,2012-04-06,633826.55,0,46.38,3.957,137.7970968,9.14,False,2012,14,4,0.8660254037844387,-0.4999999999999998,0.992708874098054,-0.12053668025532288,504566.28,505304.33,504004.7075,30.0
29,2012-04-13,520493.83,0,49.89,4.025,137.868,9.14,False,2012,15,4,0.8660254037844387,-0.4999999999999998,0.9709418174260521,-0.2393156642875575,633826.55,518245.97,536273.7575,29.0
29,2012-04-20,525200.59,0,58.81,4.046,137.9230667,9.14,False,2012,16,4,0.8660254037844387,-0.4999999999999998,0.9350162426854148,-0.35460488704253545,520493.83,589252.69,544073.785,28.0
29,2012-04-27,497250.22,0,51.42,4.023,137.9781333,9.14,False,2012,17,4,0.8660254037844387,-0.4999999999999998,0.8854560256532099,-0.4647231720437685,525200.59,493078.64,546021.8125,27.0
29,2012-05-04,504963.84,0,50.75,3.991,138.0332,9.14,False,2012,18,5,0.49999999999999994,-0.8660254037844387,0.8229838658936565,-0.5680647467311557,497250.22,534372.53,544192.7975,26.0
29,2012-05-11,529707.87,0,56.72,3.947,138.0882667,9.14,False,2012,19,5,0.49999999999999994,-0.8660254037844387,0.7485107481711013,-0.663122658240795,504963.84,549551.02,511977.12000000005,25.0
29,2012-05-18,543706.04,0,61.9,3.899,138.1065806,9.14,False,2012,20,5,0.49999999999999994,-0.8660254037844387,0.6631226582407952,-0.7485107481711012,529707.87,492932.51,514280.63,24.0
29,2012-05-25,549665.67,0,62.39,3.85,138.1101935,9.14,False,2012,21,5,0.49999999999999994,-0.8660254037844387,0.5680647467311558,-0.8229838658936564,543706.04,550735.64,518906.9925,23.0
29,2012-06-01,576252.35,0,70.01,3.798,138.1138065,9.14,False,2012,22,6,1.2246467991473532e-16,-1.0,0.46472317204376906,-0.8854560256532096,549665.67,598251.57,532010.855,22.0
29,2012-06-08,554093.15,0,61.71,3.746,138.1174194,9.14,False,2012,23,6,1.2246467991473532e-16,-1.0,0.35460488704253584,-0.9350162426854147,576252.35,558431.44,549832.9824999999,21.0
29,2012-06-15,552338.76,0,66.56,3.683,138.1295333,9.14,False,2012,24,6,1.2246467991473532e-16,-1.0,0.23931566428755768,-0.970941817426052,554093.15,536914.17,555929.3025,20.0
29,2012-06-22,581854.5,0,70.61,3.629,138.1629,9.14,False,2012,25,6,1.2246467991473532e-16,-1.0,0.12053668025532308,-0.992708874098054,552338.76,545368.17,558087.4825,19.0
29,2012-06-29,555954.13,0,70.99,3.577,138.1962667,9.14,False,2012,26,6,1.2246467991473532e-16,-1.0,-3.216245299353273e-16,-1.0,581854.5,567114.6,566134.6900000001,18.0
29,2012-07-06,578832.41,0,77.41,3.538,138.2296333,9.419,False,2012,27,7,-0.4999999999999997,-0.8660254037844388,-0.12053668025532283,-0.992708874098054,555954.13,547586.07,561060.135,17.0
29,2012-07-13,514709.76,0,75.81,3.561,138.263,9.419,False,2012,28,7,-0.4999999999999997,-0.8660254037844388,-0.23931566428755743,-0.9709418174260521,578832.41,505246.15,567244.9500000001,16.0
29,2012-07-20,506705.36,0,76.57,3.61,138.2331935,9.419,False,2012,29,7,-0.4999999999999997,-0.8660254037844388,-0.3546048870425356,-0.9350162426854148,514709.76,507335.75,557837.7,15.0
29,2012-07-27,475158.24,0,73.52,3.701,138.2033871,9.419,False,2012,30,7,-0.4999999999999997,-0.8660254037844388,-0.46472317204376806,-0.8854560256532101,506705.36,474653.06,539050.415,14.0
29,2012-08-03,504754.74,0,72.99,3.698,138.1735806,9.419,False,2012,31,8,-0.8660254037844384,-0.5000000000000004,-0.5680647467311556,-0.8229838658936565,475158.24,503486.37,518851.4425,13.0
29,2012-08-10,518628.42,0,76.74,3.772,138.1437742,9.419,False,2012,32,8,-0.8660254037844384,-0.5000000000000004,-0.663122658240795,-0.7485107481711013,504754.74,471311.5,500332.02499999997,12.0
29,2012-08-17,416881.66,0,74.92,3.84,138.1857097,9.419,False,2012,33,8,-0.8660254037844384,-0.5000000000000004,-0.7485107481711011,-0.6631226582407952,518628.42,498056.0,501311.68999999994,11.0
29,2012-08-24,615026.15,0,70.42,3.874,138.2814516,9.419,False,2012,34,8,-0.8660254037844384,-0.5000000000000004,-0.8229838658936564,-0.5680647467311559,416881.66,608294.98,478855.765,10.0
29,2012-08-31,545844.91,0,71.93,3.884,138.3771935,9.419,False,2012,35,8,-0.8660254037844384,-0.5000000000000004,-0.8854560256532096,-0.4647231720437691,615026.15,497085.91,513822.7425,9.0
29,2012-09-07,540811.85,1,73.3,3.921,138.4729355,9.419,False,2012,36,9,-1.0,-1.8369701987210297e-16,-0.9350162426854147,-0.3546048870425359,545844.91,505406.72,524095.28500000003,8.0
29,2012-09-14,475127.18,0,66.42,3.988,138.5673,9.419,False,2012,37,9,-1.0,-1.8369701987210297e-16,-0.970941817426052,-0.23931566428755774,540811.85,474129.35,529641.1425000001,7.0
29,2012-09-21,489079.23,0,63.38,4.056,138.6534,9.419,False,2012,38,9,-1.0,-1.8369701987210297e-16,-0.992708874098054,-0.12053668025532357,475127.18,475696.37,544202.5225,6.0
29,2012-09-28,489674.23,0,62.17,4.018,138.7395,9.419,False,2012,39,9,-1.0,-1.8369701987210297e-16,-1.0,-1.8369701987210297e-16,489079.23,446516.26,512715.7925,5.0
29,2012-10-05,520632.8,0,62.09,4.027,138.8256,9.151,False,2012,40,10,-0.8660254037844386,0.5000000000000001,-0.992708874098054,0.1205366802553232,489674.23,514993.0,498673.12249999994,4.0
29,2012-10-12,513737.0,0,54.18,4.029,138.9117,9.151,False,2012,41,10,-0.8660254037844386,0.5000000000000001,-0.9709418174260521,0.23931566428755738,520632.8,475776.45,493628.36,3.0
29,2012-10-19,516909.24,0,55.28,4.0,138.8336129,9.151,False,2012,42,10,-0.8660254037844386,0.5000000000000001,-0.9350162426854148,0.35460488704253557,513737.0,505068.22,503280.815,2.0
29,2012-10-26,534970.68,0,57.58,3.917,138.7281613,9.151,False,2012,43,10,-0.8660254037844386,0.5000000000000001,-0.8854560256532101,0.464723172043768,516909.24,515119.64,510238.3175,1.0
30,2011-02-04,490970.95,0,36.33,2.989,212.2240646,8.028,True,2011,5,2,0.8660254037844386,0.5000000000000001,0.5680647467311558,0.8229838658936564,425989.04,465108.52,445401.89749999996,91.0
30,2011-02-11,470921.24,1,34.61,3.022,212.5928624,8.028,False,2011,6,2,0.8660254037844386,0.5000000000000001,0.6631226582407952,0.7485107481711011,490970.95,497374.57,455375.3325,90.0
30,2011-02-18,417070.51,0,59.87,3.045,212.9033115,8.028,False,2011,7,2,0.8660254037844386,0.5000000000000001,0.7485107481711011,0.6631226582407953,470921.24,463513.26,456753.4625,89.0
30,2011-02-25,432687.97,0,61.27,3.065,213.190421,8.028,False,2011,8,2,0.8660254037844386,0.5000000000000001,0.8229838658936564,0.5680647467311559,417070.51,472330.71,451237.93499999994,88.0
30,2011-03-04,443334.71,0,59.52,3.288,213.4775305,8.028,False,2011,9,3,1.0,6.123233995736766e-17,0.8854560256532099,0.4647231720437686,432687.97,472591.07,452912.6675,87.0
30,2011-03-11,438529.81,0,54.69,3.459,213.7646401,8.028,False,2011,10,3,1.0,6.123233995736766e-17,0.9350162426854148,0.35460488704253557,443334.71,468189.93,441003.6075,86.0
30,2011-03-18,425470.84,0,63.26,3.488,214.0156238,8.028,False,2011,11,3,1.0,6.123233995736766e-17,0.970941817426052,0.23931566428755804,438529.81,445736.36,432905.75,85.0
30,2011-03-25,431754.01,0,70.33,3.473,214.2521573,8.028,False,2011,12,3,1.0,6.123233995736766e-17,0.992708874098054,0.120536680255323,425470.84,442457.35,435005.8325,84.0
30,2011-04-01,437926.79,0,56.36,3.524,214.4886908,7.931,False,2011,13,4,0.8660254037844387,-0.4999999999999998,1.0,-1.6081226496766364e-16,431754.01,457884.06,434772.34249999997,83.0
30,2011-04-08,443889.5,0,68.62,3.622,214.7252242,7.931,False,2011,14,4,0.8660254037844387,-0.4999999999999998,0.992708874098054,-0.12053668025532288,437926.79,454800.96,433420.3625,82.0
30,2011-04-15,426666.92,0,71.01,3.743,214.9420631,7.931,False,2011,15,4,0.8660254037844387,-0.4999999999999998,0.9709418174260521,-0.2393156642875575,443889.5,471054.16,434760.28500000003,81.0
30,2011-04-22,445358.73,0,70.79,3.807,215.1096657,7.931,False,2011,16,4,0.8660254037844387,-0.4999999999999998,0.9350162426854148,-0.35460488704253545,426666.92,462454.39,435059.305,80.0
30,2011-04-29,423687.2,0,70.19,3.81,215.2772683,7.931,False,2011,17,4,0.8660254037844387,-0.4999999999999998,0.8854560256532099,-0.4647231720437685,445358.73,456140.34,438460.485,79.0
30,2011-05-06,438789.52,0,61.87,3.906,215.4448709,7.931,False,2011,18,5,0.49999999999999994,-0.8660254037844387,0.8229838658936565,-0.5680647467311557,423687.2,457883.94,434900.5875,78.0
30,2011-05-13,424614.59,0,75.04,3.899,215.6124735,7.931,False,2011,19,5,0.49999999999999994,-0.8660254037844387,0.7485107481711013,-0.663122658240795,438789.52,461868.09,433625.5925,77.0
30,2011-05-20,435102.2,0,68.36,3.907,215.3834778,7.931,False,2011,20,5,0.49999999999999994,-0.8660254037844387,0.6631226582407952,-0.7485107481711012,424614.59,455751.84,433112.51,76.0
30,2011-05-27,429305.82,0,76.86,3.786,215.1544822,7.931,False,2011,21,5,0.49999999999999994,-0.8660254037844387,0.5680647467311558,-0.8229838658936564,435102.2,462474.16,430548.37750000006,75.0
30,2011-06-03,432808.48,0,83.82,3.699,214.9254865,7.931,False,2011,22,6,1.2246467991473532e-16,-1.0,0.46472317204376906,-0.8854560256532096,429305.82,458343.7,431953.0325,74.0
30,2011-06-10,424697.05,0,84.71,3.648,214.6964908,7.931,False,2011,23,6,1.2246467991473532e-16,-1.0,0.35460488704253584,-0.9350162426854147,432808.48,445530.16,430457.77249999996,73.0
30,2011-06-17,435481.03,0,87.54,3.637,214.6513538,7.931,False,2011,24,6,1.2246467991473532e-16,-1.0,0.23931566428755768,-0.970941817426052,424697.05,447727.52,430478.3875,72.0
30,2011-06-24,422715.74,0,85.72,3.594,214.7441108,7.931,False,2011,25,6,1.2246467991473532e-16,-1.0,0.12053668025532308,-0.992708874098054,435481.03,453210.24,430573.09500000003,71.0
30,2011-07-01,428782.38,0,87.57,3.524,214.8368678,7.852,False,2011,26,7,-0.4999999999999997,-0.8660254037844388,-3.216245299353273e-16,-1.0,422715.74,450337.47,428925.575,70.0
30,2011-07-08,419764.37,0,89.16,3.48,214.9296249,7.852,False,2011,27,7,-0.4999999999999997,-0.8660254037844388,-0.12053668025532283,-0.992708874098054,428782.38,436293.4,427919.05000000005,69.0
30,2011-07-15,420515.63,0,91.05,3.575,215.0134426,7.852,False,2011,28,7,-0.4999999999999997,-0.8660254037844388,-0.23931566428755743,-0.9709418174260521,419764.37,438068.71,426685.88,68.0
30,2011-07-22,423441.76,0,90.27,3.651,215.0749122,7.852,False,2011,29,7,-0.4999999999999997,-0.8660254037844388,-0.3546048870425356,-0.9350162426854148,420515.63,440491.33,422944.53,67.0
30,2011-07-29,414245.96,0,91.56,3.682,215.1363819,7.852,False,2011,30,7,-0.4999999999999997,-0.8660254037844388,-0.46472317204376806,-0.8854560256532101,423441.76,437893.76,423126.03500000003,66.0
30,2011-08-05,431798.64,0,94.22,3.684,215.1978515,7.852,False,2011,31,8,-0.8660254037844384,-0.5000000000000004,-0.5680647467311556,-0.8229838658936565,414245.96,441407.06,419491.93000000005,65.0
30,2011-08-12,412224.67,0,92.32,3.638,215.2593211,7.852,False,2011,32,8,-0.8660254037844384,-0.5000000000000004,-0.663122658240795,-0.7485107481711013,431798.64,444160.07,422500.4975,64.0
30,2011-08-19,414450.61,0,90.11,3.554,215.3229307,7.852,False,2011,33,8,-0.8660254037844384,-0.5000000000000004,-0.7485107481711011,-0.6631226582407952,412224.67,447139.8,420427.75749999995,63.0
30,2011-08-26,387944.83,0,92.07,3.523,215.386897,7.852,False,2011,34,8,-0.8660254037844384,-0.5000000000000004,-0.8229838658936564,-0.5680647467311559,414450.61,443810.78,418179.97000000003,62.0
30,2011-09-02,369722.32,0,91.94,3.533,215.4508632,7.852,True,2011,35,9,-1.0,-1.8369701987210297e-16,-0.8854560256532096,-0.4647231720437691,387944.83,461548.98,411604.6875,61.0
30,2011-09-09,370897.82,1,78.87,3.546,215.5148295,7.852,True,2011,36,9,-1.0,-1.8369701987210297e-16,-0.9350162426854147,-0.3546048870425359,369722.32,455162.92,396085.60750000004,60.0
30,2011-09-16,382914.66,0,80.62,3.526,215.6944378,7.852,True,2011,37,9,-1.0,-1.8369701987210297e-16,-0.970941817426052,-0.23931566428755774,370897.82,462058.19,385753.895,59.0
30,2011-09-23,391837.56,0,75.68,3.467,216.0282356,7.852,False,2011,38,9,-1.0,-1.8369701987210297e-16,-0.992708874098054,-0.12053668025532357,382914.66,448392.17,377869.9075,58.0
30,2011-09-30,387001.13,0,78.91,3.355,216.3620333,7.852,True,2011,39,9,-1.0,-1.8369701987210297e-16,-1.0,-1.8369701987210297e-16,391837.56,445475.3,378843.08999999997,57.0
30,2011-10-07,417528.26,0,71.64,3.285,216.6958311,7.441,False,2011,40,10,-0.8660254037844386,0.5000000000000001,-0.992708874098054,0.1205366802553232,387001.13,462080.47,383162.79250000004,56.0
30,2011-10-14,410711.99,0,69.79,3.274,217.0048261,7.441,False,2011,41,10,-0.8660254037844386,0.5000000000000001,-0.9709418174260521,0.23931566428755738,417528.26,453943.89,394820.4025,55.0
30,2011-10-21,428958.53,0,65.16,3.353,217.1650042,7.441,False,2011,42,10,-0.8660254037844386,0.5000000000000001,-0.9350162426854148,0.35460488704253557,410711.99,459631.74,401769.73500000004,54.0
30,2011-10-28,426151.88,0,65.46,3.372,217.3251824,7.441,False,2011,43,10,-0.8660254037844386,0.5000000000000001,-0.8854560256532101,0.464723172043768,428958.53,438334.39,411049.97750000004,53.0
30,2011-11-04,432359.04,0,56.01,3.332,217.4853605,7.441,False,2011,44,11,-0.5000000000000004,0.8660254037844384,-0.822983865893657,0.5680647467311548,426151.88,484661.87,420837.665,52.0
30,2011-11-11,409686.63,0,59.8,3.297,217.6455387,7.441,False,2011,45,11,-0.5000000000000004,0.8660254037844384,-0.7485107481711011,0.6631226582407952,432359.04,431266.64,424545.36,51.0
30,2011-11-18,436462.63,0,61.9,3.308,217.8670218,7.441,False,2011,46,11,-0.5000000000000004,0.8660254037844384,-0.6631226582407955,0.7485107481711007,409686.63,423707.69,424289.02,50.0
30,2011-11-25,452163.93,1,56.43,3.236,218.1130269,7.441,False,2011,47,11,-0.5000000000000004,0.8660254037844384,-0.5680647467311559,0.8229838658936564,436462.63,462732.36,426165.045,49.0
30,2011-12-02,412385.75,0,48.72,3.172,218.3590319,7.441,False,2011,48,12,-2.4492935982947064e-16,1.0,-0.4647231720437684,0.88545602565321,452163.93,407112.22,432668.0575,48.0
30,2011-12-09,436741.02,0,41.44,3.158,218.605037,7.441,False,2011,49,12,-2.4492935982947064e-16,1.0,-0.35460488704253595,0.9350162426854147,412385.75,428631.91,427674.735,47.0
30,2011-12-16,441265.08,0,50.56,3.159,218.8217928,7.441,False,2011,50,12,-2.4492935982947064e-16,1.0,-0.2393156642875578,0.970941817426052,436741.02,445332.28,434438.3325,46.0
30,2011-12-23,492022.68,0,46.54,3.112,218.9995495,7.441,True,2011,51,12,-2.4492935982947064e-16,1.0,-0.12053668025532363,0.992708874098054,441265.08,519354.88,435638.945,45.0
30,2011-12-30,376777.45,1,45.16,3.129,219.1773063,7.441,True,2011,52,12,-2.4492935982947064e-16,1.0,6.432490598706546e-16,1.0,492022.68,397631.02,445603.6325,44.0
30,2012-01-06,457030.86,0,48.1,3.157,219.355063,7.057,False,2012,1,1,0.49999999999999994,0.8660254037844387,0.12053668025532305,0.992708874098054,376777.45,451077.21,436701.5575,43.0
30,2012-01-13,447023.91,0,45.0,3.261,219.5328198,7.057,False,2012,2,1,0.49999999999999994,0.8660254037844387,0.23931566428755774,0.970941817426052,457030.86,465408.72,441774.0175,42.0
30,2012-01-20,438760.62,0,52.21,3.268,219.6258417,7.057,False,2012,3,1,0.49999999999999994,0.8660254037844387,0.3546048870425356,0.9350162426854148,447023.91,439132.62,443213.725,41.0
30,2012-01-27,433037.66,0,50.79,3.29,219.7188636,7.057,False,2012,4,1,0.49999999999999994,0.8660254037844387,0.4647231720437685,0.8854560256532099,438760.62,425989.04,429898.21,40.0
30,2012-02-03,434080.74,0,55.83,3.36,219.8118854,7.057,False,2012,5,2,0.8660254037844386,0.5000000000000001,0.5680647467311558,0.8229838658936564,433037.66,490970.95,443963.2625,39.0
30,2012-02-10,451365.99,1,46.52,3.409,219.9049073,7.057,False,2012,6,2,0.8660254037844386,0.5000000000000001,0.6631226582407952,0.7485107481711011,434080.74,470921.24,438225.7325,38.0
30,2012-02-17,435109.11,0,45.03,3.51,220.0651993,7.057,False,2012,7,2,0.8660254037844386,0.5000000000000001,0.7485107481711011,0.6631226582407953,451365.99,417070.51,439311.2525,37.0
30,2012-02-24,425215.71,0,54.81,3.555,220.275944,7.057,False,2012,8,2,0.8660254037844386,0.5000000000000001,0.8229838658936564,0.5680647467311559,435109.11,432687.97,438398.375,36.0
30,2012-03-02,438640.61,0,59.3,3.63,220.4866886,7.057,False,2012,9,3,1.0,6.123233995736766e-17,0.8854560256532099,0.4647231720437686,425215.71,443334.71,436442.8875,35.0
30,2012-03-09,446617.89,0,57.16,3.669,220.6974332,7.057,False,2012,10,3,1.0,6.123233995736766e-17,0.9350162426854148,0.35460488704253557,438640.61,438529.81,437582.855,34.0
30,2012-03-16,413617.45,0,63.39,3.734,220.8498468,7.057,False,2012,11,3,1.0,6.123233995736766e-17,0.970941817426052,0.23931566428755804,446617.89,425470.84,436395.83,33.0
30,2012-03-23,430222.97,0,62.96,3.787,220.9244858,7.057,False,2012,12,3,1.0,6.123233995736766e-17,0.992708874098054,0.120536680255323,413617.45,431754.01,431022.915,32.0
30,2012-03-30,449603.91,0,67.87,3.845,220.9991248,7.057,False,2012,13,3,1.0,6.123233995736766e-17,1.0,-1.6081226496766364e-16,430222.97,437926.79,432274.73,31.0
30,2012-04-06,461511.92,0,69.02,3.891,221.0737638,6.891,False,2012,14,4,0.8660254037844387,-0.4999999999999998,0.992708874098054,-0.12053668025532288,449603.91,443889.5,435015.555,30.0
30,2012-04-13,428784.7,0,69.03,3.891,221.1484028,6.891,False,2012,15,4,0.8660254037844387,-0.4999999999999998,0.9709418174260521,-0.2393156642875575,461511.92,426666.92,438739.0625,29.0
30,2012-04-20,462909.41,0,66.97,3.877,221.2021074,6.891,False,2012,16,4,0.8660254037844387,-0.4999999999999998,0.9350162426854148,-0.35460488704253545,428784.7,445358.73,442530.875,28.0
30,2012-04-27,433744.83,0,69.21,3.814,221.255812,6.891,False,2012,17,4,0.8660254037844387,-0.4999999999999998,0.8854560256532099,-0.4647231720437685,462909.41,423687.2,450702.485,27.0
30,2012-05-04,454477.54,0,77.53,3.749,221.3095166,6.891,False,2012,18,5,0.49999999999999994,-0.8660254037844387,0.8229838658936565,-0.5680647467311557,433744.83,438789.52,446737.715,26.0
30,2012-05-11,436070.45,0,74.14,3.688,221.3632212,6.891,False,2012,19,5,0.49999999999999994,-0.8660254037844387,0.7485107481711013,-0.663122658240795,454477.54,424614.59,444979.12,25.0
30,2012-05-18,460945.14,0,72.42,3.63,221.380331,6.891,False,2012,20,5,0.49999999999999994,-0.8660254037844387,0.6631226582407952,-0.7485107481711012,436070.45,435102.2,446800.5575,24.0
30,2012-05-25,449355.91,0,79.49,3.561,221.3828029,6.891,False,2012,21,5,0.49999999999999994,-0.8660254037844387,0.5680647467311558,-0.8229838658936564,460945.14,429305.82,446309.49,23.0
30,2012-06-01,427021.18,0,79.24,3.501,221.3852748,6.891,False,2012,22,6,1.2246467991473532e-16,-1.0,0.46472317204376906,-0.8854560256532096,449355.91,432808.48,450212.26,22.0
30,2012-06-08,437222.94,0,79.47,3.452,221.3877467,6.891,False,2012,23,6,1.2246467991473532e-16,-1.0,0.35460488704253584,-0.9350162426854147,427021.18,424697.05,443348.17,21.0
30,2012-06-15,438523.24,0,81.51,3.393,221.4009901,6.891,False,2012,24,6,1.2246467991473532e-16,-1.0,0.23931566428755768,-0.970941817426052,437222.94,435481.03,443636.2925,20.0
30,2012-06-22,428554.63,0,81.78,3.346,221.4411622,6.891,False,2012,25,6,1.2246467991473532e-16,-1.0,0.12053668025532308,-0.992708874098054,438523.24,422715.74,438030.8175,19.0
30,2012-06-29,423192.4,0,88.05,3.286,221.4813343,6.891,False,2012,26,6,1.2246467991473532e-16,-1.0,-3.216245299353273e-16,-1.0,428554.63,428782.38,432830.49749999994,18.0
30,2012-07-06,440553.42,0,85.26,3.227,221.5215064,6.565,False,2012,27,7,-0.4999999999999997,-0.8660254037844388,-0.12053668025532283,-0.992708874098054,423192.4,419764.37,431873.3025,17.0
30,2012-07-13,417640.34,0,82.51,3.256,221.5616784,6.565,False,2012,28,7,-0.4999999999999997,-0.8660254037844388,-0.23931566428755743,-0.9709418174260521,440553.42,420515.63,432705.9225,16.0
30,2012-07-20,427491.04,0,84.25,3.311,221.5701123,6.565,False,2012,29,7,-0.4999999999999997,-0.8660254037844388,-0.3546048870425356,-0.9350162426854148,417640.34,423441.76,427485.1975,15.0
30,2012-07-27,424581.17,0,88.09,3.407,221.5785461,6.565,False,2012,30,7,-0.4999999999999997,-0.8660254037844388,-0.46472317204376806,-0.8854560256532101,427491.04,414245.96,427219.30000000005,14.0
30,2012-08-03,425136.55,0,91.57,3.417,221.5869799,6.565,False,2012,31,8,-0.8660254037844384,-0.5000000000000004,-0.5680647467311556,-0.8229838658936565,424581.17,431798.64,427566.4925,13.0
30,2012-08-10,430878.28,0,89.57,3.494,221.5954138,6.565,False,2012,32,8,-0.8660254037844384,-0.5000000000000004,-0.663122658240795,-0.7485107481711013,425136.55,412224.67,423712.275,12.0
30,2012-08-17,423351.15,0,85.55,3.571,221.6751459,6.565,False,2012,33,8,-0.8660254037844384,-0.5000000000000004,-0.7485107481711011,-0.6631226582407952,430878.28,414450.61,427021.76,11.0
30,2012-08-24,425296.65,0,77.72,3.62,221.8083518,6.565,False,2012,34,8,-0.8660254037844384,-0.5000000000000004,-0.8229838658936564,-0.5680647467311559,423351.15,387944.83,425986.7875,10.0
30,2012-08-31,439132.5,0,83.58,3.638,221.9415576,6.565,False,2012,35,8,-0.8660254037844384,-0.5000000000000004,-0.8854560256532096,-0.4647231720437691,425296.65,369722.32,426165.65750000003,9.0
30,2012-09-07,433565.77,1,88.4,3.73,222.0747635,6.565,False,2012,36,9,-1.0,-1.8369701987210297e-16,-0.9350162426854147,-0.3546048870425359,439132.5,370897.82,429664.645,8.0
30,2012-09-14,437773.31,0,76.1,3.717,222.2174395,6.565,False,2012,37,9,-1.0,-1.8369701987210297e-16,-0.970941817426052,-0.23931566428755774,433565.77,382914.66,430336.5175,7.0
30,2012-09-21,443891.64,0,71.54,3.721,222.4169362,6.565,False,2012,38,9,-1.0,-1.8369701987210297e-16,-0.992708874098054,-0.12053668025532357,437773.31,391837.56,433942.0575,6.0
30,2012-09-28,425410.04,0,80.38,3.666,222.6164329,6.565,False,2012,39,9,-1.0,-1.8369701987210297e-16,-1.0,-1.8369701987210297e-16,443891.64,387001.13,438590.805,5.0
30,2012-10-05,446751.45,0,70.28,3.617,222.8159296,6.17,False,2012,40,10,-0.8660254037844386,0.5000000000000001,-0.992708874098054,0.1205366802553232,425410.04,417528.26,435160.19,4.0
30,2012-10-12,434593.26,0,61.53,3.601,223.0154263,6.17,False,2012,41,10,-0.8660254037844386,0.5000000000000001,-0.9709418174260521,0.23931566428755738,446751.45,410711.99,438456.61,3.0
30,2012-10-19,437537.29,0,68.52,3.594,223.0598077,6.17,False,2012,42,10,-0.8660254037844386,0.5000000000000001,-0.9350162426854148,0.35460488704253557,434593.26,428958.53,437661.5975,2.0
30,2012-10-26,439424.5,0,70.5,3.506,223.0783366,6.17,False,2012,43,10,-0.8660254037844386,0.5000000000000001,-0.8854560256532101,0.464723172043768,437537.29,426151.88,436073.01,1.0
31,2011-02-04,1443206.46,0,36.33,2.989,212.2240646,8.028,False,2011,5,2,0.8660254037844386,0.5000000000000001,0.5680647467311558,0.8229838658936564,1254955.68,1469252.05,1315459.9975,91.0
31,2011-02-11,1539230.32,1,34.61,3.022,212.5928624,8.028,False,2011,6,2,0.8660254037844386,0.5000000000000001,0.6631226582407952,0.7485107481711011,1443206.46,1543947.23,1348264.895,90.0
31,2011-02-18,1539063.91,0,59.87,3.045,212.9033115,8.028,False,2011,7,2,0.8660254037844386,0.5000000000000001,0.7485107481711011,0.6631226582407953,1539230.32,1473386.75,1395389.8975,89.0
31,2011-02-25,1365678.22,0,61.27,3.065,213.190421,8.028,False,2011,8,2,0.8660254037844386,0.5000000000000001,0.8229838658936564,0.5680647467311559,1539063.91,1344354.41,1444114.0925,88.0
31,2011-03-04,1412721.18,0,59.52,3.288,213.4775305,8.028,False,2011,9,3,1.0,6.123233995736766e-17,0.8854560256532099,0.4647231720437686,1365678.22,1384870.51,1471794.7274999998,87.0
31,2011-03-11,1405572.93,0,54.69,3.459,213.7646401,8.028,False,2011,10,3,1.0,6.123233995736766e-17,0.9350162426854148,0.35460488704253557,1412721.18,1366193.35,1464173.4074999997,86.0
31,2011-03-18,1425559.02,0,63.26,3.488,214.0156238,8.028,False,2011,11,3,1.0,6.123233995736766e-17,0.970941817426052,0.23931566428755804,1405572.93,1332261.01,1430759.06,85.0
31,2011-03-25,1357036.1,0,70.33,3.473,214.2521573,8.028,False,2011,12,3,1.0,6.123233995736766e-17,0.992708874098054,0.120536680255323,1425559.02,1229635.7,1402382.8375,84.0
31,2011-04-01,1344890.73,0,56.36,3.524,214.4886908,7.931,False,2011,13,4,0.8660254037844387,-0.4999999999999998,1.0,-1.6081226496766364e-16,1357036.1,1357600.68,1400222.3075,83.0
31,2011-04-08,1416790.17,0,68.62,3.622,214.7252242,7.931,False,2011,14,4,0.8660254037844387,-0.4999999999999998,0.992708874098054,-0.12053668025532288,1344890.73,1395710.09,1383264.695,82.0
31,2011-04-15,1408464.08,0,71.01,3.743,214.9420631,7.931,False,2011,15,4,0.8660254037844387,-0.4999999999999998,0.9709418174260521,-0.2393156642875575,1416790.17,1367448.28,1386069.0050000001,81.0
31,2011-04-22,1461393.91,0,70.79,3.807,215.1096657,7.931,False,2011,16,4,0.8660254037844387,-0.4999999999999998,0.9350162426854148,-0.35460488704253545,1408464.08,1280465.8,1381795.27,80.0
31,2011-04-29,1331137.96,0,70.19,3.81,215.2772683,7.931,False,2011,17,4,0.8660254037844387,-0.4999999999999998,0.8854560256532099,-0.4647231720437685,1461393.91,1243200.24,1407884.7225000001,79.0
31,2011-05-06,1388755.61,0,61.87,3.906,215.4448709,7.931,False,2011,18,5,0.49999999999999994,-0.8660254037844387,0.8229838658936565,-0.5680647467311557,1331137.96,1381796.8,1404446.5299999998,78.0
31,2011-05-13,1408118.22,0,75.04,3.899,215.6124735,7.931,False,2011,19,5,0.49999999999999994,-0.8660254037844387,0.7485107481711013,-0.663122658240795,1388755.61,1287288.59,1397437.89,77.0
31,2011-05-20,1387365.19,0,68.36,3.907,215.3834778,7.931,False,2011,20,5,0.49999999999999994,-0.8660254037844387,0.6631226582407952,-0.7485107481711012,1408118.22,1337405.6,1397351.4249999998,76.0
31,2011-05-27,1342273.64,0,76.86,3.786,215.1544822,7.931,False,2011,21,5,0.49999999999999994,-0.8660254037844387,0.5680647467311558,-0.8229838658936564,1387365.19,1309437.17,1378844.245,75.0
31,2011-06-03,1430348.1,0,83.82,3.699,214.9254865,7.931,False,2011,22,6,1.2246467991473532e-16,-1.0,0.46472317204376906,-0.8854560256532096,1342273.64,1427624.5,1381628.165,74.0
31,2011-06-10,1425299.37,0,84.71,3.648,214.6964908,7.931,False,2011,23,6,1.2246467991473532e-16,-1.0,0.35460488704253584,-0.9350162426854147,1430348.1,1377092.33,1392026.2874999999,73.0
31,2011-06-17,1491039.14,0,87.54,3.637,214.6513538,7.931,False,2011,24,6,1.2246467991473532e-16,-1.0,0.23931566428755768,-0.970941817426052,1425299.37,1368090.08,1396321.575,72.0
31,2011-06-24,1375962.46,0,85.72,3.594,214.7441108,7.931,False,2011,25,6,1.2246467991473532e-16,-1.0,0.12053668025532308,-0.992708874098054,1491039.14,1303523.73,1422240.0625,71.0
31,2011-07-01,1371889.27,0,87.57,3.524,214.8368678,7.852,False,2011,26,7,-0.4999999999999997,-0.8660254037844388,-3.216245299353273e-16,-1.0,1375962.46,1311704.92,1430662.2675,70.0
31,2011-07-08,1423144.47,0,89.16,3.48,214.9296249,7.852,False,2011,27,7,-0.4999999999999997,-0.8660254037844388,-0.12053668025532283,-0.992708874098054,1371889.27,1315118.4,1416047.56,69.0
31,2011-07-15,1415473.91,0,91.05,3.575,215.0134426,7.852,False,2011,28,7,-0.4999999999999997,-0.8660254037844388,-0.23931566428755743,-0.9709418174260521,1423144.47,1335433.72,1415508.835,68.0
31,2011-07-22,1401944.8,0,90.27,3.651,215.0749122,7.852,False,2011,29,7,-0.4999999999999997,-0.8660254037844388,-0.3546048870425356,-0.9350162426854148,1415473.91,1276031.84,1396617.5274999999,67.0
31,2011-07-29,1308122.15,0,91.56,3.682,215.1363819,7.852,False,2011,30,7,-0.4999999999999997,-0.8660254037844388,-0.46472317204376806,-0.8854560256532101,1401944.8,1231993.14,1403113.1125,66.0
31,2011-08-05,1428993.33,0,94.22,3.684,215.1978515,7.852,False,2011,31,8,-0.8660254037844384,-0.5000000000000004,-0.5680647467311556,-0.8229838658936565,1308122.15,1352401.08,1387171.3324999998,65.0
31,2011-08-12,1443311.49,0,92.32,3.638,215.2593211,7.852,False,2011,32,8,-0.8660254037844384,-0.5000000000000004,-0.663122658240795,-0.7485107481711013,1428993.33,1327719.34,1388633.5474999999,64.0
31,2011-08-19,1487542.53,0,90.11,3.554,215.3229307,7.852,False,2011,33,8,-0.8660254037844384,-0.5000000000000004,-0.7485107481711011,-0.6631226582407952,1443311.49,1376571.21,1395592.9425,63.0
31,2011-08-26,1417267.07,0,92.07,3.523,215.386897,7.852,False,2011,34,8,-0.8660254037844384,-0.5000000000000004,-0.8229838658936564,-0.5680647467311559,1487542.53,1326621.98,1416992.375,62.0
31,2011-09-02,1385769.03,0,91.94,3.533,215.4508632,7.852,False,2011,35,9,-1.0,-1.8369701987210297e-16,-0.8854560256532096,-0.4647231720437691,1417267.07,1302047.48,1444278.605,61.0
31,2011-09-09,1376670.27,1,78.87,3.546,215.5148295,7.852,False,2011,36,9,-1.0,-1.8369701987210297e-16,-0.9350162426854147,-0.3546048870425359,1385769.03,1308179.02,1433472.53,60.0
31,2011-09-16,1363460.86,0,80.62,3.526,215.6944378,7.852,False,2011,37,9,-1.0,-1.8369701987210297e-16,-0.970941817426052,-0.23931566428755774,1376670.27,1294105.01,1416812.225,59.0
31,2011-09-23,1347607.74,0,75.68,3.467,216.0282356,7.852,False,2011,38,9,-1.0,-1.8369701987210297e-16,-0.992708874098054,-0.12053668025532357,1363460.86,1230250.25,1385791.8075,58.0
31,2011-09-30,1285534.74,0,78.91,3.355,216.3620333,7.852,False,2011,39,9,-1.0,-1.8369701987210297e-16,-1.0,-1.8369701987210297e-16,1347607.74,1213981.64,1368376.975,57.0
31,2011-10-07,1427383.24,0,71.64,3.285,216.6958311,7.441,False,2011,40,10,-0.8660254037844386,0.5000000000000001,-0.992708874098054,0.1205366802553232,1285534.74,1300131.68,1343318.4024999999,56.0
31,2011-10-14,1378340.18,0,69.79,3.274,217.0048261,7.441,False,2011,41,10,-0.8660254037844386,0.5000000000000001,-0.9709418174260521,0.23931566428755738,1427383.24,1265852.43,1355996.645,55.0
31,2011-10-21,1409310.4,0,65.16,3.353,217.1650042,7.441,False,2011,42,10,-0.8660254037844386,0.5000000000000001,-0.9350162426854148,0.35460488704253557,1378340.18,1262289.29,1359716.475,54.0
31,2011-10-28,1346862.72,0,65.46,3.372,217.3251824,7.441,False,2011,43,10,-0.8660254037844386,0.5000000000000001,-0.8854560256532101,0.464723172043768,1409310.4,1257921.28,1375142.14,53.0
31,2011-11-04,1426405.46,0,56.01,3.332,217.4853605,7.441,False,2011,44,11,-0.5000000000000004,0.8660254037844384,-0.822983865893657,0.5680647467311548,1346862.72,1324455.72,1390474.135,52.0
31,2011-11-11,1444783.64,0,59.8,3.297,217.6455387,7.441,False,2011,45,11,-0.5000000000000004,0.8660254037844384,-0.7485107481711011,0.6631226582407952,1426405.46,1352780.76,1390229.69,51.0
31,2011-11-18,1445174.79,0,61.9,3.308,217.8670218,7.441,False,2011,46,11,-0.5000000000000004,0.8660254037844384,-0.6631226582407955,0.7485107481711007,1444783.64,1359158.57,1406840.555,50.0
31,2011-11-25,1934099.65,1,56.43,3.236,218.1130269,7.441,True,2011,47,11,-0.5000000000000004,0.8660254037844384,-0.5680647467311559,0.8229838658936564,1445174.79,1858856.06,1415806.6525,49.0
31,2011-12-02,1388809.43,0,48.72,3.172,218.3590319,7.441,False,2011,48,12,-2.4492935982947064e-16,1.0,-0.4647231720437684,0.88545602565321,1934099.65,1338716.37,1562615.8849999998,48.0
31,2011-12-09,1556798.94,0,41.44,3.158,218.605037,7.441,False,2011,49,12,-2.4492935982947064e-16,1.0,-0.35460488704253595,0.9350162426854147,1388809.43,1475685.1,1553216.8775,47.0
31,2011-12-16,1611196.61,0,50.56,3.159,218.8217928,7.441,True,2011,50,12,-2.4492935982947064e-16,1.0,-0.2393156642875578,0.970941817426052,1556798.94,1714667.0,1581220.7025,46.0
31,2011-12-23,2026176.14,0,46.54,3.112,218.9995495,7.441,True,2011,51,12,-2.4492935982947064e-16,1.0,-0.12053668025532363,0.992708874098054,1611196.61,2068942.97,1622726.1575,45.0
31,2011-12-30,1355405.95,1,45.16,3.129,219.1773063,7.441,False,2011,52,12,-2.4492935982947064e-16,1.0,6.432490598706546e-16,1.0,2026176.14,1198071.6,1645745.28,44.0
31,2012-01-06,1401232.52,0,48.1,3.157,219.355063,7.057,False,2012,1,1,0.49999999999999994,0.8660254037844387,0.12053668025532305,0.992708874098054,1355405.95,1311986.87,1637394.41,43.0
31,2012-01-13,1377485.12,0,45.0,3.261,219.5328198,7.057,False,2012,2,1,0.49999999999999994,0.8660254037844387,0.23931566428755774,0.970941817426052,1401232.52,1350730.31,1598502.8050000002,42.0
31,2012-01-20,1372504.9,0,52.21,3.268,219.6258417,7.057,False,2012,3,1,0.49999999999999994,0.8660254037844387,0.3546048870425356,0.9350162426854148,1377485.12,1344167.13,1540074.9325,41.0
31,2012-01-27,1259941.48,0,50.79,3.29,219.7188636,7.057,False,2012,4,1,0.49999999999999994,0.8660254037844387,0.4647231720437685,0.8854560256532099,1372504.9,1254955.68,1376657.1225,40.0
31,2012-02-03,1391479.91,0,55.83,3.36,219.8118854,7.057,False,2012,5,2,0.8660254037844386,0.5000000000000001,0.5680647467311558,0.8229838658936564,1259941.48,1443206.46,1352791.005,39.0
31,2012-02-10,1527688.58,1,46.52,3.409,219.9049073,7.057,False,2012,6,2,0.8660254037844386,0.5000000000000001,0.6631226582407952,0.7485107481711011,1391479.91,1539230.32,1350352.8525,38.0
31,2012-02-17,1570813.52,0,45.03,3.51,220.0651993,7.057,True,2012,7,2,0.8660254037844386,0.5000000000000001,0.7485107481711011,0.6631226582407953,1527688.58,1539063.91,1387903.7175,37.0
31,2012-02-24,1392543.37,0,54.81,3.555,220.275944,7.057,False,2012,8,2,0.8660254037844386,0.5000000000000001,0.8229838658936564,0.5680647467311559,1570813.52,1365678.22,1437480.8725,36.0
31,2012-03-02,1427881.22,0,59.3,3.63,220.4866886,7.057,False,2012,9,3,1.0,6.123233995736766e-17,0.8854560256532099,0.4647231720437686,1392543.37,1412721.18,1470631.345,35.0
31,2012-03-09,1439034.86,0,57.16,3.669,220.6974332,7.057,False,2012,10,3,1.0,6.123233995736766e-17,0.9350162426854148,0.35460488704253557,1427881.22,1405572.93,1479731.6725,34.0
31,2012-03-16,1481728.13,0,63.39,3.734,220.8498468,7.057,False,2012,11,3,1.0,6.123233995736766e-17,0.970941817426052,0.23931566428755804,1439034.86,1425559.02,1457568.2425000002,33.0
31,2012-03-23,1365824.97,0,62.96,3.787,220.9244858,7.057,False,2012,12,3,1.0,6.123233995736766e-17,0.992708874098054,0.120536680255323,1481728.13,1357036.1,1435296.895,32.0
31,2012-03-30,1318854.22,0,67.87,3.845,220.9991248,7.057,False,2012,13,3,1.0,6.123233995736766e-17,1.0,-1.6081226496766364e-16,1365824.97,1344890.73,1428617.295,31.0
31,2012-04-06,1496169.81,0,69.02,3.891,221.0737638,6.891,False,2012,14,4,0.8660254037844387,-0.4999999999999998,0.992708874098054,-0.12053668025532288,1318854.22,1416790.17,1401360.545,30.0
31,2012-04-13,1407842.91,0,69.03,3.891,221.1484028,6.891,False,2012,15,4,0.8660254037844387,-0.4999999999999998,0.9709418174260521,-0.2393156642875575,1496169.81,1408464.08,1415644.2825,29.0
31,2012-04-20,1407036.59,0,66.97,3.877,221.2021074,6.891,False,2012,16,4,0.8660254037844387,-0.4999999999999998,0.9350162426854148,-0.35460488704253545,1407842.91,1461393.91,1397172.9775,28.0
31,2012-04-27,1311352.25,0,69.21,3.814,221.255812,6.891,False,2012,17,4,0.8660254037844387,-0.4999999999999998,0.8854560256532099,-0.4647231720437685,1407036.59,1331137.96,1407475.8825,27.0
31,2012-05-04,1391257.28,0,77.53,3.749,221.3095166,6.891,False,2012,18,5,0.49999999999999994,-0.8660254037844387,0.8229838658936565,-0.5680647467311557,1311352.25,1388755.61,1405600.3900000001,26.0
31,2012-05-11,1392938.06,0,74.14,3.688,221.3632212,6.891,False,2012,19,5,0.49999999999999994,-0.8660254037844387,0.7485107481711013,-0.663122658240795,1391257.28,1408118.22,1379372.2574999998,25.0
31,2012-05-18,1441473.82,0,72.42,3.63,221.380331,6.891,False,2012,20,5,0.49999999999999994,-0.8660254037844387,0.6631226582407952,-0.7485107481711012,1392938.06,1387365.19,1375646.045,24.0
31,2012-05-25,1397094.26,0,79.49,3.561,221.3828029,6.891,False,2012,21,5,0.49999999999999994,-0.8660254037844387,0.5680647467311558,-0.8229838658936564,1441473.82,1342273.64,1384255.3525,23.0
31,2012-06-01,1404516.29,0,79.24,3.501,221.3852748,6.891,False,2012,22,6,1.2246467991473532e-16,-1.0,0.46472317204376906,-0.8854560256532096,1397094.26,1430348.1,1405690.855,22.0
31,2012-06-08,1443285.79,0,79.47,3.452,221.3877467,6.891,False,2012,23,6,1.2246467991473532e-16,-1.0,0.35460488704253584,-0.9350162426854147,1404516.29,1425299.37,1409005.6075,21.0
31,2012-06-15,1431003.43,0,81.51,3.393,221.4009901,6.891,False,2012,24,6,1.2246467991473532e-16,-1.0,0.23931566428755768,-0.970941817426052,1443285.79,1491039.14,1421592.54,20.0
31,2012-06-22,1394065.76,0,81.78,3.346,221.4411622,6.891,False,2012,25,6,1.2246467991473532e-16,-1.0,0.12053668025532308,-0.992708874098054,1431003.43,1375962.46,1418974.9425000001,19.0
31,2012-06-29,1349202.25,0,88.05,3.286,221.4813343,6.891,False,2012,26,6,1.2246467991473532e-16,-1.0,-3.216245299353273e-16,-1.0,1394065.76,1371889.27,1418217.8175,18.0
31,2012-07-06,1458059.42,0,85.26,3.227,221.5215064,6.565,False,2012,27,7,-0.4999999999999997,-0.8660254037844388,-0.12053668025532283,-0.992708874098054,1349202.25,1423144.47,1404389.3075,17.0
31,2012-07-13,1374301.34,0,82.51,3.256,221.5616784,6.565,False,2012,28,7,-0.4999999999999997,-0.8660254037844388,-0.23931566428755743,-0.9709418174260521,1458059.42,1415473.91,1408082.7149999999,16.0
31,2012-07-20,1392395.2,0,84.25,3.311,221.5701123,6.565,False,2012,29,7,-0.4999999999999997,-0.8660254037844388,-0.3546048870425356,-0.9350162426854148,1374301.34,1401944.8,1393907.1925000001,15.0
31,2012-07-27,1303732.36,0,88.09,3.407,221.5785461,6.565,False,2012,30,7,-0.4999999999999997,-0.8660254037844388,-0.46472317204376806,-0.8854560256532101,1392395.2,1308122.15,1393489.5525,14.0
31,2012-08-03,1390174.63,0,91.57,3.417,221.5869799,6.565,False,2012,31,8,-0.8660254037844384,-0.5000000000000004,-0.5680647467311556,-0.8229838658936565,1303732.36,1428993.33,1382122.08,13.0
31,2012-08-10,1386472.59,0,89.57,3.494,221.5954138,6.565,False,2012,32,8,-0.8660254037844384,-0.5000000000000004,-0.663122658240795,-0.7485107481711013,1390174.63,1443311.49,1365150.8825,12.0
31,2012-08-17,1410181.7,0,85.55,3.571,221.6751459,6.565,False,2012,33,8,-0.8660254037844384,-0.5000000000000004,-0.7485107481711011,-0.6631226582407952,1386472.59,1487542.53,1368193.695,11.0
31,2012-08-24,1379783.21,0,77.72,3.62,221.8083518,6.565,False,2012,34,8,-0.8660254037844384,-0.5000000000000004,-0.8229838658936564,-0.5680647467311559,1410181.7,1417267.07,1372640.32,10.0
31,2012-08-31,1373651.49,0,83.58,3.638,221.9415576,6.565,False,2012,35,8,-0.8660254037844384,-0.5000000000000004,-0.8854560256532096,-0.4647231720437691,1379783.21,1385769.03,1391653.0325,9.0
31,2012-09-07,1358111.62,1,88.4,3.73,222.0747635,6.565,False,2012,36,9,-1.0,-1.8369701987210297e-16,-0.9350162426854147,-0.3546048870425359,1373651.49,1376670.27,1387522.2475,8.0
31,2012-09-14,1327705.44,0,76.1,3.717,222.2174395,6.565,False,2012,37,9,-1.0,-1.8369701987210297e-16,-0.970941817426052,-0.23931566428755774,1358111.62,1363460.86,1380432.005,7.0
31,2012-09-21,1373064.87,0,71.54,3.721,222.4169362,6.565,False,2012,38,9,-1.0,-1.8369701987210297e-16,-0.992708874098054,-0.12053668025532357,1327705.44,1347607.74,1359812.94,6.0
31,2012-09-28,1279080.58,0,80.38,3.666,222.6164329,6.565,False,2012,39,9,-1.0,-1.8369701987210297e-16,-1.0,-1.8369701987210297e-16,1373064.87,1285534.74,1358133.355,5.0
31,2012-10-05,1363365.05,0,70.28,3.617,222.8159296,6.17,False,2012,40,10,-0.8660254037844386,0.5000000000000001,-0.992708874098054,0.1205366802553232,1279080.58,1427383.24,1334490.6275,4.0
31,2012-10-12,1401113.42,0,61.53,3.601,223.0154263,6.17,False,2012,41,10,-0.8660254037844386,0.5000000000000001,-0.9709418174260521,0.23931566428755738,1363365.05,1378340.18,1335803.985,3.0
31,2012-10-19,1378730.45,0,68.52,3.594,223.0598077,6.17,False,2012,42,10,-0.8660254037844386,0.5000000000000001,-0.9350162426854148,0.35460488704253557,1401113.42,1409310.4,1354155.98,2.0
31,2012-10-26,1340232.55,0,70.5,3.506,223.0783366,6.17,False,2012,43,10,-0.8660254037844386,0.5000000000000001,-0.8854560256532101,0.464723172043768,1378730.45,1346862.72,1355572.375,1.0
32,2011-02-04,1070457.8,0,15.47,3.011,191.7625895,8.818,False,2011,5,2,0.8660254037844386,0.5000000000000001,0.5680647467311558,0.8229838658936564,1006814.85,1087616.19,1039946.61,91.0
32,2011-02-11,1124357.2,1,18.51,3.037,191.8572881,8.818,False,2011,6,2,0.8660254037844386,0.5000000000000001,0.6631226582407952,0.7485107481711011,1070457.8,1123566.12,1045957.0175,90.0
32,2011-02-18,1183528.58,0,42.09,3.051,191.9178331,8.818,False,2011,7,2,0.8660254037844386,0.5000000000000001,0.7485107481711011,0.6631226582407953,1124357.2,1082559.06,1069994.69,89.0
32,2011-02-25,1054754.67,0,33.0,3.101,191.9647167,8.818,False,2011,8,2,0.8660254037844386,0.5000000000000001,0.8229838658936564,0.5680647467311559,1183528.58,1053247.1,1096289.6075,88.0
32,2011-03-04,1106847.62,0,39.17,3.232,192.0116004,8.818,False,2011,9,3,1.0,6.123233995736766e-17,0.8854560256532099,0.4647231720437686,1054754.67,1066566.74,1108274.5625,87.0
32,2011-03-11,1101458.21,0,36.51,3.372,192.058484,8.818,False,2011,10,3,1.0,6.123233995736766e-17,0.9350162426854148,0.35460488704253557,1106847.62,1093319.37,1117372.0175,86.0
32,2011-03-18,1100765.5,0,45.25,3.406,192.1237981,8.818,False,2011,11,3,1.0,6.123233995736766e-17,0.970941817426052,0.23931566428755804,1101458.21,1059781.78,1111647.27,85.0
32,2011-03-25,1068719.22,0,46.7,3.414,192.1964844,8.818,False,2011,12,3,1.0,6.123233995736766e-17,0.992708874098054,0.120536680255323,1100765.5,1076021.58,1090956.5,84.0
32,2011-04-01,1051121.02,0,44.83,3.461,192.2691707,8.595,False,2011,13,4,0.8660254037844387,-0.4999999999999998,1.0,-1.6081226496766364e-16,1068719.22,1131732.94,1094447.6375,83.0
32,2011-04-08,1102975.59,0,48.81,3.532,192.3418571,8.595,False,2011,14,4,0.8660254037844387,-0.4999999999999998,0.992708874098054,-0.12053668025532288,1051121.02,1095889.22,1080515.9874999998,82.0
32,2011-04-15,1120508.14,0,45.97,3.611,192.4225954,8.595,False,2011,15,4,0.8660254037844387,-0.4999999999999998,0.9709418174260521,-0.2393156642875575,1102975.59,1082763.27,1080895.3325,81.0
32,2011-04-22,1210602.91,0,48.69,3.636,192.5234638,8.595,False,2011,16,4,0.8660254037844387,-0.4999999999999998,0.9350162426854148,-0.35460488704253545,1120508.14,1072474.8,1085830.9925,80.0
32,2011-04-29,1107494.55,0,44.86,3.663,192.6243322,8.595,False,2011,17,4,0.8660254037844387,-0.4999999999999998,0.8854560256532099,-0.4647231720437685,1210602.91,1066792.63,1121301.915,79.0
32,2011-05-06,1181793.55,0,46.65,3.735,192.7252006,8.595,False,2011,18,5,0.49999999999999994,-0.8660254037844387,0.8229838658936565,-0.5680647467311557,1107494.55,1133657.58,1135395.2974999999,78.0
32,2011-05-13,1138162.76,0,56.09,3.767,192.826069,8.595,False,2011,19,5,0.49999999999999994,-0.8660254037844387,0.7485107481711013,-0.663122658240795,1181793.55,1079314.52,1155099.7875,77.0
32,2011-05-20,1145084.76,0,45.71,3.828,192.831317,8.595,False,2011,20,5,0.49999999999999994,-0.8660254037844387,0.6631226582407952,-0.7485107481711012,1138162.76,1143819.35,1159513.4425,76.0
32,2011-05-27,1175447.49,0,55.13,3.795,192.8365651,8.595,False,2011,21,5,0.49999999999999994,-0.8660254037844387,0.5680647467311558,-0.8229838658936564,1145084.76,1205662.85,1143133.905,75.0
32,2011-06-03,1167757.0,0,61.25,3.763,192.8418131,8.595,False,2011,22,6,1.2246467991473532e-16,-1.0,0.46472317204376906,-0.8854560256532096,1175447.49,1149234.96,1160122.1400000001,74.0
32,2011-06-10,1239741.34,0,65.49,3.735,192.8470612,8.595,False,2011,23,6,1.2246467991473532e-16,-1.0,0.35460488704253584,-0.9350162426854147,1167757.0,1192074.09,1156613.0025,73.0
32,2011-06-17,1192031.38,0,67.38,3.697,192.9034759,8.595,False,2011,24,6,1.2246467991473532e-16,-1.0,0.23931566428755768,-0.970941817426052,1239741.34,1150191.72,1182007.6475,72.0
32,2011-06-24,1163869.52,0,65.06,3.661,192.9982655,8.595,False,2011,25,6,1.2246467991473532e-16,-1.0,0.12053668025532308,-0.992708874098054,1192031.38,1124763.74,1193744.3025,71.0
32,2011-07-01,1199845.29,0,72.86,3.597,193.0930552,8.622,False,2011,26,7,-0.4999999999999997,-0.8660254037844388,-3.216245299353273e-16,-1.0,1163869.52,1187988.64,1190849.81,70.0
32,2011-07-08,1110244.52,0,72.56,3.54,193.1878448,8.622,False,2011,27,7,-0.4999999999999997,-0.8660254037844388,-0.12053668025532283,-0.992708874098054,1199845.29,1077253.67,1198871.8825,69.0
32,2011-07-15,1144254.26,0,70.55,3.532,193.3125484,8.622,False,2011,28,7,-0.4999999999999997,-0.8660254037844388,-0.23931566428755743,-0.9709418174260521,1110244.52,1120172.24,1166497.6775,68.0
32,2011-07-22,1185674.48,0,76.0,3.545,193.5120367,8.622,False,2011,29,7,-0.4999999999999997,-0.8660254037844388,-0.3546048870425356,-0.9350162426854148,1144254.26,1109574.11,1154553.3975,67.0
32,2011-07-29,1169988.62,0,75.91,3.547,193.711525,8.622,False,2011,30,7,-0.4999999999999997,-0.8660254037844388,-0.46472317204376806,-0.8854560256532101,1185674.48,1065350.56,1160004.6375,66.0
32,2011-08-05,1201694.14,0,74.83,3.554,193.9110133,8.622,False,2011,31,8,-0.8660254037844384,-0.5000000000000004,-0.5680647467311556,-0.8229838658936565,1169988.62,1144552.09,1152540.47,65.0
32,2011-08-12,1206795.74,0,74.2,3.542,194.1105017,8.622,False,2011,32,8,-0.8660254037844384,-0.5000000000000004,-0.663122658240795,-0.7485107481711013,1201694.14,1157975.68,1175402.875,64.0
32,2011-08-19,1221318.17,0,73.72,3.499,194.2500634,8.622,False,2011,33,8,-0.8660254037844384,-0.5000000000000004,-0.7485107481711011,-0.6631226582407952,1206795.74,1189887.86,1191038.245,63.0
32,2011-08-26,1183740.91,0,75.64,3.485,194.3796374,8.622,False,2011,34,8,-0.8660254037844384,-0.5000000000000004,-0.8229838658936564,-0.5680647467311559,1221318.17,1140501.03,1199949.1675,62.0
32,2011-09-02,1152117.5,0,74.6,3.511,194.5092113,8.622,False,2011,35,9,-1.0,-1.8369701987210297e-16,-0.8854560256532096,-0.4647231720437691,1183740.91,1095932.51,1203387.24,61.0
32,2011-09-09,1128237.3,1,61.24,3.566,194.6387853,8.622,False,2011,36,9,-1.0,-1.8369701987210297e-16,-0.9350162426854147,-0.3546048870425359,1152117.5,1028635.39,1190993.08,60.0
32,2011-09-16,1142499.25,0,60.88,3.596,194.7419707,8.622,False,2011,37,9,-1.0,-1.8369701987210297e-16,-0.970941817426052,-0.23931566428755774,1128237.3,1043962.36,1171353.47,59.0
32,2011-09-23,1116140.29,0,58.66,3.581,194.8099713,8.622,False,2011,38,9,-1.0,-1.8369701987210297e-16,-0.992708874098054,-0.12053668025532357,1142499.25,1067432.1,1151648.74,58.0
32,2011-09-30,1088943.98,0,65.04,3.538,194.8779718,8.622,False,2011,39,9,-1.0,-1.8369701987210297e-16,-1.0,-1.8369701987210297e-16,1116140.29,1061089.56,1134748.585,57.0
32,2011-10-07,1149448.02,0,62.62,3.498,194.9459724,8.513,False,2011,40,10,-0.8660254037844386,0.5000000000000001,-0.992708874098054,0.1205366802553232,1088943.98,1085483.44,1118955.205,56.0
32,2011-10-14,1175420.26,0,50.15,3.491,195.0261012,8.513,False,2011,41,10,-0.8660254037844386,0.5000000000000001,-0.9709418174260521,0.23931566428755738,1149448.02,1096692.88,1124257.885,55.0
32,2011-10-21,1151258.74,0,48.87,3.548,195.1789994,8.513,False,2011,42,10,-0.8660254037844386,0.5000000000000001,-0.9350162426854148,0.35460488704253557,1175420.26,1102185.0,1132488.1375,54.0
32,2011-10-28,1185391.96,0,42.76,3.55,195.3318977,8.513,False,2011,43,10,-0.8660254037844386,0.5000000000000001,-0.8854560256532101,0.464723172043768,1151258.74,1115138.51,1141267.75,53.0
32,2011-11-04,1204628.28,0,37.95,3.527,195.4847959,8.513,False,2011,44,11,-0.5000000000000004,0.8660254037844384,-0.822983865893657,0.5680647467311548,1185391.96,1063056.21,1165379.745,52.0
32,2011-11-11,1182733.0,0,38.1,3.505,195.6376941,8.513,False,2011,45,11,-0.5000000000000004,0.8660254037844384,-0.7485107481711011,0.6631226582407952,1204628.28,1141019.11,1179174.81,51.0
32,2011-11-18,1181651.55,0,42.61,3.479,195.7184713,8.513,False,2011,46,11,-0.5000000000000004,0.8660254037844384,-0.6631226582407955,0.7485107481711007,1182733.0,1150729.89,1181002.995,50.0
32,2011-11-25,1684468.66,1,40.22,3.424,195.7704,8.513,True,2011,47,11,-0.5000000000000004,0.8660254037844384,-0.5680647467311559,0.8229838658936564,1181651.55,1634635.86,1188601.1975,49.0
32,2011-12-02,1179773.88,0,33.8,3.378,195.8223287,8.513,False,2011,48,12,-2.4492935982947064e-16,1.0,-0.4647231720437684,0.88545602565321,1684468.66,1200892.56,1313370.3725,48.0
32,2011-12-09,1415746.91,0,17.94,3.331,195.8742575,8.513,True,2011,49,12,-2.4492935982947064e-16,1.0,-0.35460488704253595,0.9350162426854147,1179773.88,1377322.73,1307156.7725,47.0
32,2011-12-16,1556017.91,0,26.23,3.266,195.9841685,8.513,True,2011,50,12,-2.4492935982947064e-16,1.0,-0.2393156642875578,0.970941817426052,1415746.91,1557776.1,1365410.25,46.0
32,2011-12-23,1959526.96,0,25.97,3.173,196.1713893,8.513,True,2011,51,12,-2.4492935982947064e-16,1.0,-0.12053668025532363,0.992708874098054,1556017.91,1949183.14,1459001.8399999999,45.0
32,2011-12-30,1102367.65,1,32.99,3.119,196.3586101,8.513,False,2011,52,12,-2.4492935982947064e-16,1.0,6.432490598706546e-16,1.0,1959526.96,955463.84,1527766.4149999998,44.0
32,2012-01-06,1099937.25,0,36.75,3.095,196.5458309,8.256,False,2012,1,1,0.49999999999999994,0.8660254037844387,0.12053668025532305,0.992708874098054,1102367.65,1046416.17,1508414.8575,43.0
32,2012-01-13,1071598.36,0,28.99,3.077,196.7330517,8.256,False,2012,2,1,0.49999999999999994,0.8660254037844387,0.23931566428755774,0.970941817426052,1099937.25,1028206.51,1429462.4425,42.0
32,2012-01-20,1080012.04,0,36.86,3.055,196.7796652,8.256,False,2012,3,1,0.49999999999999994,0.8660254037844387,0.3546048870425356,0.9350162426854148,1071598.36,1078348.91,1308357.5550000002,41.0
32,2012-01-27,1051864.6,0,36.67,3.038,196.8262786,8.256,False,2012,4,1,0.49999999999999994,0.8660254037844387,0.4647231720437685,0.8854560256532099,1080012.04,1006814.85,1088478.8250000002,40.0
32,2012-02-03,1156826.31,0,35.89,3.031,196.8728921,8.256,False,2012,5,2,0.8660254037844386,0.5000000000000001,0.5680647467311558,0.8229838658936564,1051864.6,1070457.8,1075853.0625,39.0
32,2012-02-10,1129422.86,1,23.34,3.103,196.9195056,8.256,False,2012,6,2,0.8660254037844386,0.5000000000000001,0.6631226582407952,0.7485107481711011,1156826.31,1124357.2,1090075.3275000001,38.0
32,2012-02-17,1243812.59,0,24.26,3.113,196.9432711,8.256,False,2012,7,2,0.8660254037844386,0.5000000000000001,0.7485107481711011,0.6631226582407953,1129422.86,1183528.58,1104531.4525000001,37.0
32,2012-02-24,1091822.72,0,33.41,3.129,196.9499007,8.256,False,2012,8,2,0.8660254037844386,0.5000000000000001,0.8229838658936564,0.5680647467311559,1243812.59,1054754.67,1145481.59,36.0
32,2012-03-02,1153332.89,0,33.4,3.191,196.9565303,8.256,False,2012,9,3,1.0,6.123233995736766e-17,0.8854560256532099,0.4647231720437686,1091822.72,1106847.62,1155471.12,35.0
32,2012-03-09,1124537.97,0,39.9,3.286,196.9631599,8.256,False,2012,10,3,1.0,6.123233995736766e-17,0.9350162426854148,0.35460488704253557,1153332.89,1101458.21,1154597.7650000001,34.0
32,2012-03-16,1138101.18,0,51.51,3.486,197.0457208,8.256,False,2012,11,3,1.0,6.123233995736766e-17,0.970941817426052,0.23931566428755804,1124537.97,1100765.5,1153376.5425,33.0
32,2012-03-23,1146632.46,0,47.64,3.664,197.2295234,8.256,False,2012,12,3,1.0,6.123233995736766e-17,0.992708874098054,0.120536680255323,1138101.18,1068719.22,1126948.69,32.0
32,2012-03-30,1108686.87,0,56.09,3.75,197.4133259,8.256,False,2012,13,3,1.0,6.123233995736766e-17,1.0,-1.6081226496766364e-16,1146632.46,1051121.02,1140651.125,31.0
32,2012-04-06,1270577.01,0,51.49,3.854,197.5971285,8.09,False,2012,14,4,0.8660254037844387,-0.4999999999999998,0.992708874098054,-0.12053668025532288,1108686.87,1102975.59,1129489.62,30.0
32,2012-04-13,1171834.47,0,52.1,3.901,197.780931,8.09,False,2012,15,4,0.8660254037844387,-0.4999999999999998,0.9709418174260521,-0.2393156642875575,1270577.01,1120508.14,1165999.3800000001,29.0
32,2012-04-20,1121405.91,0,49.15,3.936,197.7227385,8.09,False,2012,16,4,0.8660254037844387,-0.4999999999999998,0.9350162426854148,-0.35460488704253545,1171834.47,1210602.91,1174432.7025000001,28.0
32,2012-04-27,1126962.44,0,61.76,3.927,197.664546,8.09,False,2012,17,4,0.8660254037844387,-0.4999999999999998,0.8854560256532099,-0.4647231720437685,1121405.91,1107494.55,1168126.065,27.0
32,2012-05-04,1187384.53,0,58.29,3.903,197.6063534,8.09,False,2012,18,5,0.49999999999999994,-0.8660254037844387,0.8229838658936565,-0.5680647467311557,1126962.44,1181793.55,1172694.9575,26.0
32,2012-05-11,1187051.07,0,55.4,3.87,197.5481609,8.09,False,2012,19,5,0.49999999999999994,-0.8660254037844387,0.7485107481711013,-0.663122658240795,1187384.53,1138162.76,1151896.8375,25.0
32,2012-05-18,1177539.71,0,57.46,3.837,197.5553137,8.09,False,2012,20,5,0.49999999999999994,-0.8660254037844387,0.6631226582407952,-0.7485107481711012,1187051.07,1145084.76,1155700.9875,24.0
32,2012-05-25,1232784.22,0,59.74,3.804,197.5886046,8.09,False,2012,21,5,0.49999999999999994,-0.8660254037844387,0.5680647467311558,-0.8229838658936564,1177539.71,1175447.49,1169734.4375,23.0
32,2012-06-01,1157557.79,0,62.84,3.764,197.6218954,8.09,False,2012,22,6,1.2246467991473532e-16,-1.0,0.46472317204376906,-0.8854560256532096,1232784.22,1167757.0,1196189.8825,22.0
32,2012-06-08,1246322.44,0,71.14,3.741,197.6551863,8.09,False,2012,23,6,1.2246467991473532e-16,-1.0,0.35460488704253584,-0.9350162426854147,1157557.79,1239741.34,1188733.1975,21.0
32,2012-06-15,1234759.54,0,70.91,3.723,197.692292,8.09,False,2012,24,6,1.2246467991473532e-16,-1.0,0.23931566428755768,-0.970941817426052,1246322.44,1192031.38,1203551.04,20.0
32,2012-06-22,1196880.11,0,74.85,3.735,197.7389345,8.09,False,2012,25,6,1.2246467991473532e-16,-1.0,0.12053668025532308,-0.992708874098054,1234759.54,1163869.52,1217855.9975,19.0
32,2012-06-29,1178211.81,0,81.95,3.693,197.785577,8.09,False,2012,26,6,1.2246467991473532e-16,-1.0,-3.216245299353273e-16,-1.0,1196880.11,1199845.29,1208879.97,18.0
32,2012-07-06,1214183.97,0,78.68,3.646,197.8322195,7.872,False,2012,27,7,-0.4999999999999997,-0.8660254037844388,-0.12053668025532283,-0.992708874098054,1178211.81,1110244.52,1214043.475,17.0
32,2012-07-13,1141184.66,0,71.57,3.613,197.8788621,7.872,False,2012,28,7,-0.4999999999999997,-0.8660254037844388,-0.23931566428755743,-0.9709418174260521,1214183.97,1144254.26,1206008.8575,16.0
32,2012-07-20,1167829.33,0,77.76,3.585,197.9290378,7.872,False,2012,29,7,-0.4999999999999997,-0.8660254037844388,-0.3546048870425356,-0.9350162426854148,1141184.66,1185674.48,1182615.1375,15.0
32,2012-07-27,1144901.52,0,77.56,3.57,197.9792136,7.872,False,2012,30,7,-0.4999999999999997,-0.8660254037844388,-0.46472317204376806,-0.8854560256532101,1167829.33,1169988.62,1175352.4425,14.0
32,2012-08-03,1183571.35,0,75.09,3.528,198.0293893,7.872,False,2012,31,8,-0.8660254037844384,-0.5000000000000004,-0.5680647467311556,-0.8229838658936565,1144901.52,1201694.14,1167024.87,13.0
32,2012-08-10,1227469.2,0,75.93,3.509,198.0795651,7.872,False,2012,32,8,-0.8660254037844384,-0.5000000000000004,-0.663122658240795,-0.7485107481711013,1183571.35,1206795.74,1159371.715,12.0
32,2012-08-17,1261306.37,0,70.75,3.545,198.1001057,7.872,False,2012,33,8,-0.8660254037844384,-0.5000000000000004,-0.7485107481711011,-0.6631226582407952,1227469.2,1221318.17,1180942.85,11.0
32,2012-08-24,1272809.11,0,70.12,3.558,198.0984199,7.872,False,2012,34,8,-0.8660254037844384,-0.5000000000000004,-0.8229838658936564,-0.5680647467311559,1261306.37,1183740.91,1204312.1099999999,10.0
32,2012-08-31,1183979.27,0,76.12,3.556,198.0967341,7.872,False,2012,35,8,-0.8660254037844384,-0.5000000000000004,-0.8854560256532096,-0.4647231720437691,1272809.11,1152117.5,1236289.0075,9.0
32,2012-09-07,1126685.95,1,72.56,3.596,198.0950484,7.872,False,2012,36,9,-1.0,-1.8369701987210297e-16,-0.9350162426854147,-0.3546048870425359,1183979.27,1128237.3,1236390.9875,8.0
32,2012-09-14,1156377.47,0,64.05,3.659,198.1267184,7.872,False,2012,37,9,-1.0,-1.8369701987210297e-16,-0.970941817426052,-0.23931566428755774,1126685.95,1142499.25,1211195.175,7.0
32,2012-09-21,1159119.6,0,63.49,3.765,198.358523,7.872,False,2012,38,9,-1.0,-1.8369701987210297e-16,-0.992708874098054,-0.12053668025532357,1156377.47,1116140.29,1184962.95,6.0
32,2012-09-28,1157111.15,0,60.62,3.789,198.5903276,7.872,False,2012,39,9,-1.0,-1.8369701987210297e-16,-1.0,-1.8369701987210297e-16,1159119.6,1088943.98,1156540.5725,5.0
32,2012-10-05,1202775.24,0,55.34,3.779,198.8221322,7.557,False,2012,40,10,-0.8660254037844386,0.5000000000000001,-0.992708874098054,0.1205366802553232,1157111.15,1149448.02,1149823.5425,4.0
32,2012-10-12,1176681.31,0,43.49,3.76,199.0539368,7.557,False,2012,41,10,-0.8660254037844386,0.5000000000000001,-0.9709418174260521,0.23931566428755738,1202775.24,1175420.26,1168845.865,3.0
32,2012-10-19,1199292.06,0,53.57,3.75,199.1481963,7.557,False,2012,42,10,-0.8660254037844386,0.5000000000000001,-0.9350162426854148,0.35460488704253557,1176681.31,1151258.74,1173921.8250000002,2.0
32,2012-10-26,1219979.29,0,47.22,3.686,199.2195317,7.557,False,2012,43,10,-0.8660254037844386,0.5000000000000001,-0.8854560256532101,0.464723172043768,1199292.06,1185391.96,1183964.94,1.0
33,2011-02-04,234218.03,0,49.26,3.348,127.7195806,8.951,False,2011,5,2,0.8660254037844386,0.5000000000000001,0.5680647467311558,0.8229838658936564,231155.9,274593.43,244872.2275,91.0
33,2011-02-11,276198.74,1,53.35,3.381,127.859129,8.951,False,2011,6,2,0.8660254037844386,0.5000000000000001,0.6631226582407952,0.7485107481711011,234218.03,294882.83,242439.53000000003,90.0
33,2011-02-18,252349.6,0,62.03,3.43,127.99525,8.951,False,2011,7,2,0.8660254037844386,0.5000000000000001,0.7485107481711011,0.6631226582407953,276198.74,296850.83,246607.27750000003,89.0
33,2011-02-25,242901.21,0,54.89,3.398,128.13,8.951,False,2011,8,2,0.8660254037844386,0.5000000000000001,0.8229838658936564,0.5680647467311559,252349.6,284052.77,248480.5675,88.0
33,2011-03-04,245435.8,0,59.51,3.674,128.26475,8.951,False,2011,9,3,1.0,6.123233995736766e-17,0.8854560256532099,0.4647231720437686,242901.21,291484.89,251416.895,87.0
33,2011-03-11,270921.44,0,66.51,3.63,128.3995,8.951,False,2011,10,3,1.0,6.123233995736766e-17,0.9350162426854148,0.35460488704253557,245435.8,312161.0,254221.33750000002,86.0
33,2011-03-18,247234.47,0,72.72,3.892,128.5121935,8.951,False,2011,11,3,1.0,6.123233995736766e-17,0.970941817426052,0.23931566428755804,270921.44,282235.73,252902.0125,85.0
33,2011-03-25,238084.08,0,63.34,3.716,128.6160645,8.951,False,2011,12,3,1.0,6.123233995736766e-17,0.992708874098054,0.120536680255323,247234.47,262893.76,251623.22999999998,84.0
33,2011-04-01,232769.09,0,71.41,3.772,128.7199355,8.687,False,2011,13,4,0.8660254037844387,-0.4999999999999998,1.0,-1.6081226496766364e-16,238084.08,274634.52,250418.9475,83.0
33,2011-04-08,271924.73,0,75.11,3.818,128.8238065,8.687,False,2011,14,4,0.8660254037844387,-0.4999999999999998,0.992708874098054,-0.12053668025532288,232769.09,325201.05,247252.27,82.0
33,2011-04-15,275749.56,0,64.64,4.089,128.9107333,8.687,False,2011,15,4,0.8660254037844387,-0.4999999999999998,0.9709418174260521,-0.2393156642875575,271924.73,307779.64,247503.0925,81.0
33,2011-04-22,248603.3,0,79.46,3.917,128.9553,8.687,False,2011,16,4,0.8660254037844387,-0.4999999999999998,0.9350162426854148,-0.35460488704253545,275749.56,263263.02,254631.865,80.0
33,2011-04-29,248561.86,0,77.44,4.151,128.9998667,8.687,False,2011,17,4,0.8660254037844387,-0.4999999999999998,0.8854560256532099,-0.4647231720437685,248603.3,275883.23,257261.66999999998,79.0
33,2011-05-06,257031.19,0,77.92,4.193,129.0444333,8.687,False,2011,18,5,0.49999999999999994,-0.8660254037844387,0.8229838658936565,-0.5680647467311557,248561.86,326870.13,261209.8625,78.0
33,2011-05-13,279466.87,0,78.24,4.202,129.089,8.687,False,2011,19,5,0.49999999999999994,-0.8660254037844387,0.7485107481711013,-0.663122658240795,257031.19,331173.51,257486.47749999998,77.0
33,2011-05-20,239206.26,0,76.07,3.99,129.0756774,8.687,False,2011,20,5,0.49999999999999994,-0.8660254037844387,0.6631226582407952,-0.7485107481711012,279466.87,294264.2,258415.805,76.0
33,2011-05-27,239431.85,0,82.32,3.933,129.0623548,8.687,False,2011,21,5,0.49999999999999994,-0.8660254037844387,0.5680647467311558,-0.8229838658936564,239206.26,279246.33,256066.54499999998,75.0
33,2011-06-03,243477.03,0,82.93,3.893,129.0490323,8.687,False,2011,22,6,1.2246467991473532e-16,-1.0,0.46472317204376906,-0.8854560256532096,239431.85,285100.0,253784.0425,74.0
33,2011-06-10,258427.39,0,87.02,3.981,129.0357097,8.687,False,2011,23,6,1.2246467991473532e-16,-1.0,0.35460488704253584,-0.9350162426854147,243477.03,310800.79,250395.5025,73.0
33,2011-06-17,238172.66,0,91.11,3.935,129.0432,8.687,False,2011,24,6,1.2246467991473532e-16,-1.0,0.23931566428755768,-0.970941817426052,258427.39,272399.08,245135.6325,72.0
33,2011-06-24,238433.53,0,94.11,3.807,129.0663,8.687,False,2011,25,6,1.2246467991473532e-16,-1.0,0.12053668025532308,-0.992708874098054,238172.66,259419.91,244877.2325,71.0
33,2011-07-01,226702.36,0,98.43,3.842,129.0894,8.442,False,2011,26,7,-0.4999999999999997,-0.8660254037844388,-3.216245299353273e-16,-1.0,238433.53,267495.76,244627.6525,70.0
33,2011-07-08,262717.71,0,96.44,3.793,129.1125,8.442,False,2011,27,7,-0.4999999999999997,-0.8660254037844388,-0.12053668025532283,-0.992708874098054,226702.36,302423.93,240433.98500000002,69.0
33,2011-07-15,265003.47,0,92.83,3.779,129.1338387,8.442,False,2011,28,7,-0.4999999999999997,-0.8660254037844388,-0.23931566428755743,-0.9709418174260521,262717.71,280937.84,241506.565,68.0
33,2011-07-22,238915.05,0,97.17,3.697,129.1507742,8.442,False,2011,29,7,-0.4999999999999997,-0.8660254037844388,-0.3546048870425356,-0.9350162426854148,265003.47,252734.31,248214.26750000002,67.0
33,2011-07-29,224806.96,0,95.28,3.694,129.1677097,8.442,False,2011,30,7,-0.4999999999999997,-0.8660254037844388,-0.46472317204376806,-0.8854560256532101,238915.05,242047.03,248334.6475,66.0
33,2011-08-05,242456.39,0,96.93,3.803,129.1846452,8.442,False,2011,31,8,-0.8660254037844384,-0.5000000000000004,-0.5680647467311556,-0.8229838658936565,224806.96,262789.95,247860.7975,65.0
33,2011-08-12,274721.85,0,96.0,3.794,129.2015806,8.442,False,2011,32,8,-0.8660254037844384,-0.5000000000000004,-0.663122658240795,-0.7485107481711013,242456.39,265367.51,242795.4675,64.0
33,2011-08-19,242771.37,0,95.89,3.743,129.2405806,8.442,False,2011,33,8,-0.8660254037844384,-0.5000000000000004,-0.7485107481711011,-0.6631226582407952,274721.85,230519.49,245225.06249999997,63.0
33,2011-08-26,237095.82,0,99.66,3.663,129.2832581,8.442,False,2011,34,8,-0.8660254037844384,-0.5000000000000004,-0.8229838658936564,-0.5680647467311559,242771.37,224031.19,246189.1425,62.0
33,2011-09-02,239198.36,0,99.2,3.798,129.3259355,8.442,False,2011,35,9,-1.0,-1.8369701987210297e-16,-0.8854560256532096,-0.4647231720437691,237095.82,237405.82,249261.35749999998,61.0
33,2011-09-09,281842.28,1,96.22,3.771,129.3686129,8.442,False,2011,36,9,-1.0,-1.8369701987210297e-16,-0.9350162426854147,-0.3546048870425359,239198.36,272834.88,248446.84999999998,60.0
33,2011-09-16,262407.57,0,85.79,3.784,129.4306,8.442,False,2011,37,9,-1.0,-1.8369701987210297e-16,-0.970941817426052,-0.23931566428755774,281842.28,246277.18,250226.95750000002,59.0
33,2011-09-23,234793.12,0,88.93,3.789,129.5183333,8.442,False,2011,38,9,-1.0,-1.8369701987210297e-16,-0.992708874098054,-0.12053668025532357,262407.57,231976.84,255136.0075,58.0
33,2011-09-30,229731.98,0,89.1,3.877,129.6060667,8.442,False,2011,39,9,-1.0,-1.8369701987210297e-16,-1.0,-1.8369701987210297e-16,234793.12,224294.39,254560.3325,57.0
33,2011-10-07,262159.13,0,81.16,3.827,129.6938,8.01,False,2011,40,10,-0.8660254037844386,0.5000000000000001,-0.992708874098054,0.1205366802553232,229731.98,266484.19,252193.7375,56.0
33,2011-10-14,272487.33,0,76.49,3.698,129.7706452,8.01,False,2011,41,10,-0.8660254037844386,0.5000000000000001,-0.9709418174260521,0.23931566428755738,262159.13,251732.92,247272.94999999998,55.0
33,2011-10-21,233543.08,0,81.74,3.842,129.7821613,8.01,False,2011,42,10,-0.8660254037844386,0.5000000000000001,-0.9350162426854148,0.35460488704253557,272487.33,234175.92,249792.89,54.0
33,2011-10-28,231319.96,0,76.73,3.843,129.7936774,8.01,False,2011,43,10,-0.8660254037844386,0.5000000000000001,-0.8854560256532101,0.464723172043768,233543.08,213538.32,249480.38,53.0
33,2011-11-04,236157.12,0,71.91,3.828,129.8051935,8.01,False,2011,44,11,-0.5000000000000004,0.8660254037844384,-0.822983865893657,0.5680647467311548,231319.96,246124.61,249877.375,52.0
33,2011-11-11,271961.04,0,58.75,3.677,129.8167097,8.01,False,2011,45,11,-0.5000000000000004,0.8660254037844384,-0.7485107481711011,0.6631226582407952,236157.12,272803.94,243376.8725,51.0
33,2011-11-18,251294.5,0,63.35,3.669,129.8268333,8.01,False,2011,46,11,-0.5000000000000004,0.8660254037844384,-0.6631226582407955,0.7485107481711007,271961.04,224639.76,243245.3,50.0
33,2011-11-25,255996.47,1,62.35,3.76,129.8364,8.01,False,2011,47,11,-0.5000000000000004,0.8660254037844384,-0.5680647467311559,0.8229838658936564,251294.5,240044.57,247683.15499999997,49.0
33,2011-12-02,220060.35,0,59.12,3.701,129.8459667,8.01,False,2011,48,12,-2.4492935982947064e-16,1.0,-0.4647231720437684,0.88545602565321,255996.47,209986.25,253852.2825,48.0
33,2011-12-09,270373.05,0,47.7,3.644,129.8555333,8.01,False,2011,49,12,-2.4492935982947064e-16,1.0,-0.35460488704253595,0.9350162426854147,220060.35,253050.1,249828.09,47.0
33,2011-12-16,259638.35,0,53.18,3.489,129.8980645,8.01,False,2011,50,12,-2.4492935982947064e-16,1.0,-0.2393156642875578,0.970941817426052,270373.05,238875.26,249431.09250000003,46.0
33,2011-12-23,256235.19,0,53.39,3.541,129.9845484,8.01,False,2011,51,12,-2.4492935982947064e-16,1.0,-0.12053668025532363,0.992708874098054,259638.35,249246.8,251517.05500000002,45.0
33,2011-12-30,215359.21,1,51.6,3.428,130.0710323,8.01,False,2011,52,12,-2.4492935982947064e-16,1.0,6.432490598706546e-16,1.0,256235.19,219804.85,251576.735,44.0
33,2012-01-06,267058.08,0,60.92,3.443,130.1575161,7.603,False,2012,1,1,0.49999999999999994,0.8660254037844387,0.12053668025532305,0.992708874098054,215359.21,243948.82,250401.45,43.0
33,2012-01-13,279447.22,0,54.61,3.477,130.244,7.603,False,2012,2,1,0.49999999999999994,0.8660254037844387,0.23931566428755774,0.970941817426052,267058.08,259527.75,249572.7075,42.0
33,2012-01-20,244899.2,0,55.99,3.66,130.2792258,7.603,False,2012,3,1,0.49999999999999994,0.8660254037844387,0.3546048870425356,0.9350162426854148,279447.22,244856.44,254524.925,41.0
33,2012-01-27,236920.49,0,56.33,3.675,130.3144516,7.603,False,2012,4,1,0.49999999999999994,0.8660254037844387,0.4647231720437685,0.8854560256532099,244899.2,231155.9,251690.9275,40.0
33,2012-02-03,256091.32,0,59.53,3.543,130.3496774,7.603,False,2012,5,2,0.8660254037844386,0.5000000000000001,0.5680647467311558,0.8229838658936564,236920.49,234218.03,257081.2475,39.0
33,2012-02-10,282552.58,1,59.94,3.722,130.3849032,7.603,False,2012,6,2,0.8660254037844386,0.5000000000000001,0.6631226582407952,0.7485107481711011,256091.32,276198.74,254339.5575,38.0
33,2012-02-17,266300.98,0,57.8,3.781,130.4546207,7.603,False,2012,7,2,0.8660254037844386,0.5000000000000001,0.7485107481711011,0.6631226582407953,282552.58,252349.6,255115.89750000002,37.0
33,2012-02-24,242526.7,0,59.41,3.95,130.5502069,7.603,False,2012,8,2,0.8660254037844386,0.5000000000000001,0.8229838658936564,0.5680647467311559,266300.98,242901.21,260466.34250000003,36.0
33,2012-03-02,248051.53,0,60.91,3.882,130.6457931,7.603,False,2012,9,3,1.0,6.123233995736766e-17,0.8854560256532099,0.4647231720437686,242526.7,245435.8,261867.89500000002,35.0
33,2012-03-09,287346.29,0,62.2,3.963,130.7413793,7.603,False,2012,10,3,1.0,6.123233995736766e-17,0.9350162426854148,0.35460488704253557,248051.53,270921.44,259857.9475,34.0
33,2012-03-16,278067.73,0,65.99,4.273,130.8261935,7.603,False,2012,11,3,1.0,6.123233995736766e-17,0.970941817426052,0.23931566428755804,287346.29,247234.47,261056.37499999997,33.0
33,2012-03-23,246970.97,0,60.82,4.288,130.8966452,7.603,False,2012,12,3,1.0,6.123233995736766e-17,0.992708874098054,0.120536680255323,278067.73,238084.08,263998.0625,32.0
33,2012-03-30,251327.67,0,71.34,4.294,130.9670968,7.603,False,2012,13,3,1.0,6.123233995736766e-17,1.0,-1.6081226496766364e-16,246970.97,232769.09,265109.13,31.0
33,2012-04-06,275911.97,0,70.75,4.282,131.0375484,7.396,False,2012,14,4,0.8660254037844387,-0.4999999999999998,0.992708874098054,-0.12053668025532288,251327.67,271924.73,265928.165,30.0
33,2012-04-13,312698.67,0,73.17,4.254,131.108,7.396,False,2012,15,4,0.8660254037844387,-0.4999999999999998,0.9709418174260521,-0.2393156642875575,275911.97,275749.56,263069.58499999996,29.0
33,2012-04-20,261837.2,0,72.94,4.111,131.1173333,7.396,False,2012,16,4,0.8660254037844387,-0.4999999999999998,0.9350162426854148,-0.35460488704253545,312698.67,248603.3,271727.32,28.0
33,2012-04-27,249798.75,0,83.07,4.088,131.1266667,7.396,False,2012,17,4,0.8660254037844387,-0.4999999999999998,0.8854560256532099,-0.4647231720437685,261837.2,248561.86,275443.8775,27.0
33,2012-05-04,270497.51,0,82.43,4.058,131.136,7.396,False,2012,18,5,0.49999999999999994,-0.8660254037844387,0.8229838658936565,-0.5680647467311557,249798.75,257031.19,275061.64749999996,26.0
33,2012-05-11,295841.84,0,81.02,4.186,131.1453333,7.396,False,2012,19,5,0.49999999999999994,-0.8660254037844387,0.7485107481711013,-0.663122658240795,270497.51,279466.87,273708.0325,25.0
33,2012-05-18,276899.95,0,89.81,4.308,131.0983226,7.396,False,2012,20,5,0.49999999999999994,-0.8660254037844387,0.6631226582407952,-0.7485107481711012,295841.84,239206.26,269493.825,24.0
33,2012-05-25,261851.74,0,88.89,4.127,131.0287742,7.396,False,2012,21,5,0.49999999999999994,-0.8660254037844387,0.5680647467311558,-0.8229838658936564,276899.95,239431.85,273259.5125,23.0
33,2012-06-01,261131.09,0,83.57,4.277,130.9592258,7.396,False,2012,22,6,1.2246467991473532e-16,-1.0,0.46472317204376906,-0.8854560256532096,261851.74,243477.03,276272.76,22.0
33,2012-06-08,286082.76,0,90.94,4.103,130.8896774,7.396,False,2012,23,6,1.2246467991473532e-16,-1.0,0.35460488704253584,-0.9350162426854147,261131.09,258427.39,273931.155,21.0
33,2012-06-15,290444.31,0,92.44,4.144,130.8295333,7.396,False,2012,24,6,1.2246467991473532e-16,-1.0,0.23931566428755768,-0.970941817426052,286082.76,238172.66,271491.385,20.0
33,2012-06-22,261666.29,0,95.75,4.014,130.7929,7.396,False,2012,25,6,1.2246467991473532e-16,-1.0,0.12053668025532308,-0.992708874098054,290444.31,238433.53,274877.475,19.0
33,2012-06-29,244338.31,0,98.15,3.875,130.7562667,7.396,False,2012,26,6,1.2246467991473532e-16,-1.0,-3.216245299353273e-16,-1.0,261666.29,226702.36,274831.1125,18.0
33,2012-07-06,273690.37,0,93.21,3.666,130.7196333,7.147,False,2012,27,7,-0.4999999999999997,-0.8660254037844388,-0.12053668025532283,-0.992708874098054,244338.31,262717.71,270632.9175,17.0
33,2012-07-13,287033.64,0,97.6,3.723,130.683,7.147,False,2012,28,7,-0.4999999999999997,-0.8660254037844388,-0.23931566428755743,-0.9709418174260521,273690.37,265003.47,267534.82,16.0
33,2012-07-20,253205.89,0,91.49,3.589,130.7012903,7.147,False,2012,29,7,-0.4999999999999997,-0.8660254037844388,-0.3546048870425356,-0.9350162426854148,287033.64,238915.05,266682.15249999997,15.0
33,2012-07-27,249134.32,0,93.95,3.769,130.7195806,7.147,False,2012,30,7,-0.4999999999999997,-0.8660254037844388,-0.46472317204376806,-0.8854560256532101,253205.89,224806.96,264567.0525,14.0
33,2012-08-03,258533.12,0,92.13,3.595,130.737871,7.147,False,2012,31,8,-0.8660254037844384,-0.5000000000000004,-0.5680647467311556,-0.8229838658936565,249134.32,242456.39,265766.055,13.0
33,2012-08-10,297753.49,0,100.07,3.811,130.7561613,7.147,False,2012,32,8,-0.8660254037844384,-0.5000000000000004,-0.663122658240795,-0.7485107481711013,258533.12,274721.85,261976.7425,12.0
33,2012-08-17,270097.76,0,96.79,4.002,130.7909677,7.147,False,2012,33,8,-0.8660254037844384,-0.5000000000000004,-0.7485107481711011,-0.6631226582407952,297753.49,242771.37,264656.705,11.0
33,2012-08-24,247672.56,0,89.62,4.055,130.8381613,7.147,False,2012,34,8,-0.8660254037844384,-0.5000000000000004,-0.8229838658936564,-0.5680647467311559,270097.76,237095.82,268879.6725,10.0
33,2012-08-31,237129.81,0,94.55,3.886,130.8853548,7.147,False,2012,35,8,-0.8660254037844384,-0.5000000000000004,-0.8854560256532096,-0.4647231720437691,247672.56,239198.36,268514.2325,9.0
33,2012-09-07,286428.78,1,92.02,4.124,130.9325484,7.147,False,2012,36,9,-1.0,-1.8369701987210297e-16,-0.9350162426854147,-0.3546048870425359,237129.81,281842.28,263163.405,8.0
33,2012-09-14,277417.53,0,83.4,3.966,130.9776667,7.147,False,2012,37,9,-1.0,-1.8369701987210297e-16,-0.970941817426052,-0.23931566428755774,286428.78,262407.57,260332.22750000004,7.0
33,2012-09-21,252709.58,0,86.53,4.125,131.0103333,7.147,False,2012,38,9,-1.0,-1.8369701987210297e-16,-0.992708874098054,-0.12053668025532357,277417.53,234793.12,262162.17000000004,6.0
33,2012-09-28,242813.51,0,86.42,3.966,131.043,7.147,False,2012,39,9,-1.0,-1.8369701987210297e-16,-1.0,-1.8369701987210297e-16,252709.58,229731.98,263421.425,5.0
33,2012-10-05,265444.9,0,85.18,4.132,131.0756667,6.895,False,2012,40,10,-0.8660254037844386,0.5000000000000001,-0.992708874098054,0.1205366802553232,242813.51,262159.13,264842.35,4.0
33,2012-10-12,291781.15,0,79.64,4.468,131.1083333,6.895,False,2012,41,10,-0.8660254037844386,0.5000000000000001,-0.9709418174260521,0.23931566428755738,265444.9,272487.33,259596.38,3.0
33,2012-10-19,254412.34,0,75.55,4.449,131.1499677,6.895,False,2012,42,10,-0.8660254037844386,0.5000000000000001,-0.9350162426854148,0.35460488704253557,291781.15,233543.08,263187.28500000003,2.0
33,2012-10-26,253731.13,0,73.7,4.301,131.1930968,6.895,False,2012,43,10,-0.8660254037844386,0.5000000000000001,-0.8854560256532101,0.464723172043768,254412.34,231319.96,263612.97500000003,1.0
34,2011-02-04,971932.87,0,23.82,2.996,127.7195806,10.398,False,2011,5,2,0.8660254037844386,0.5000000000000001,0.5680647467311558,0.8229838658936564,836717.75,956228.96,881750.1025,91.0
34,2011-02-11,1015654.6,1,28.66,3.033,127.859129,10.398,False,2011,6,2,0.8660254037844386,0.5000000000000001,0.6631226582407952,0.7485107481711011,971932.87,994610.99,899571.585,90.0
34,2011-02-18,1062629.3,0,45.12,3.058,127.99525,10.398,False,2011,7,2,0.8660254037844386,0.5000000000000001,0.7485107481711011,0.6631226582407953,1015654.6,983963.07,928832.6525,89.0
34,2011-02-25,953331.45,0,44.57,3.087,128.13,10.398,False,2011,8,2,0.8660254037844386,0.5000000000000001,0.8229838658936564,0.5680647467311559,1062629.3,905756.13,971733.6299999999,88.0
34,2011-03-04,963910.81,0,46.21,3.305,128.26475,10.398,False,2011,9,3,1.0,6.123233995736766e-17,0.8854560256532099,0.4647231720437686,953331.45,918295.79,1000887.0549999999,87.0
34,2011-03-11,943951.67,0,45.87,3.461,128.3995,10.398,False,2011,10,3,1.0,6.123233995736766e-17,0.9350162426854148,0.35460488704253557,963910.81,921247.88,998881.54,86.0
34,2011-03-18,1014218.8,0,55.58,3.495,128.5121935,10.398,False,2011,11,3,1.0,6.123233995736766e-17,0.970941817426052,0.23931566428755804,943951.67,892070.82,980955.8075,85.0
34,2011-03-25,922898.38,0,53.11,3.48,128.6160645,10.398,False,2011,12,3,1.0,6.123233995736766e-17,0.992708874098054,0.120536680255323,1014218.8,880742.35,968853.1825,84.0
34,2011-04-01,884233.67,0,55.46,3.521,128.7199355,10.581,False,2011,13,4,0.8660254037844387,-0.4999999999999998,1.0,-1.6081226496766364e-16,922898.38,979428.66,961244.915,83.0
34,2011-04-08,975479.83,0,58.59,3.605,128.8238065,10.581,False,2011,14,4,0.8660254037844387,-0.4999999999999998,0.992708874098054,-0.12053668025532288,884233.67,950684.2,941325.63,82.0
34,2011-04-15,941829.0,0,53.3,3.724,128.9107333,10.581,False,2011,15,4,0.8660254037844387,-0.4999999999999998,0.9709418174260521,-0.2393156642875575,975479.83,923344.54,949207.67,81.0
34,2011-04-22,1051518.45,0,63.83,3.781,128.9553,10.581,False,2011,16,4,0.8660254037844387,-0.4999999999999998,0.9350162426854148,-0.35460488704253545,941829.0,910240.68,931110.22,80.0
34,2011-04-29,895973.02,0,57.73,3.781,128.9998667,10.581,False,2011,17,4,0.8660254037844387,-0.4999999999999998,0.8854560256532099,-0.4647231720437685,1051518.45,859922.19,963265.2375,79.0
34,2011-05-06,965853.58,0,54.4,3.866,129.0444333,10.581,False,2011,18,5,0.49999999999999994,-0.8660254037844387,0.8229838658936565,-0.5680647467311557,895973.02,953495.48,966200.075,78.0
34,2011-05-13,966232.69,0,63.05,3.872,129.089,10.581,False,2011,19,5,0.49999999999999994,-0.8660254037844387,0.7485107481711013,-0.663122658240795,965853.58,933924.44,963793.5125,77.0
34,2011-05-20,945018.83,0,61.47,3.881,129.0756774,10.581,False,2011,20,5,0.49999999999999994,-0.8660254037844387,0.6631226582407952,-0.7485107481711012,966232.69,913616.32,969894.4349999999,76.0
34,2011-05-27,941311.83,0,65.99,3.771,129.0623548,10.581,False,2011,21,5,0.49999999999999994,-0.8660254037844387,0.5680647467311558,-0.8229838658936564,945018.83,942868.38,943269.53,75.0
34,2011-06-03,947229.24,0,74.64,3.683,129.0490323,10.581,False,2011,22,6,1.2246467991473532e-16,-1.0,0.46472317204376906,-0.8854560256532096,941311.83,966187.51,954604.2324999999,74.0
34,2011-06-10,943912.77,0,74.57,3.64,129.0357097,10.581,False,2011,23,6,1.2246467991473532e-16,-1.0,0.35460488704253584,-0.9350162426854147,947229.24,954681.56,949948.1475,73.0
34,2011-06-17,968258.09,0,76.58,3.618,129.0432,10.581,False,2011,24,6,1.2246467991473532e-16,-1.0,0.23931566428755768,-0.970941817426052,943912.77,941612.04,944368.1675,72.0
34,2011-06-24,923795.04,0,77.16,3.57,129.0663,10.581,False,2011,25,6,1.2246467991473532e-16,-1.0,0.12053668025532308,-0.992708874098054,968258.09,895800.07,950177.9824999999,71.0
34,2011-07-01,911106.22,0,81.96,3.504,129.0894,10.641,False,2011,26,7,-0.4999999999999997,-0.8660254037844388,-3.216245299353273e-16,-1.0,923795.04,919229.36,945798.7849999999,70.0
34,2011-07-08,926934.57,0,80.84,3.469,129.1125,10.641,False,2011,27,7,-0.4999999999999997,-0.8660254037844388,-0.12053668025532283,-0.992708874098054,911106.22,911210.81,936768.03,69.0
34,2011-07-15,903882.96,0,78.09,3.563,129.1338387,10.641,False,2011,28,7,-0.4999999999999997,-0.8660254037844388,-0.23931566428755743,-0.9709418174260521,926934.57,930269.79,932523.48,68.0
34,2011-07-22,913236.62,0,80.75,3.627,129.1507742,10.641,False,2011,29,7,-0.4999999999999997,-0.8660254037844388,-0.3546048870425356,-0.9350162426854148,903882.96,902050.95,916429.6975,67.0
34,2011-07-29,851461.9,0,78.04,3.659,129.1677097,10.641,False,2011,30,7,-0.4999999999999997,-0.8660254037844388,-0.46472317204376806,-0.8854560256532101,913236.62,875976.83,913790.0925,66.0
34,2011-08-05,942236.45,0,76.71,3.662,129.1846452,10.641,False,2011,31,8,-0.8660254037844384,-0.5000000000000004,-0.5680647467311556,-0.8229838658936565,851461.9,987435.35,898879.0125,65.0
34,2011-08-12,956251.18,0,80.23,3.617,129.2015806,10.641,False,2011,32,8,-0.8660254037844384,-0.5000000000000004,-0.663122658240795,-0.7485107481711013,942236.45,951208.65,902704.4825,64.0
34,2011-08-19,960418.54,0,77.08,3.55,129.2405806,10.641,False,2011,33,8,-0.8660254037844384,-0.5000000000000004,-0.7485107481711011,-0.6631226582407952,956251.18,985152.94,915796.5375000001,63.0
34,2011-08-26,871404.6,0,77.27,3.523,129.2832581,10.641,False,2011,34,8,-0.8660254037844384,-0.5000000000000004,-0.8229838658936564,-0.5680647467311559,960418.54,855421.39,927592.0175000001,62.0
34,2011-09-02,926455.64,0,78.24,3.533,129.3259355,10.641,False,2011,35,9,-1.0,-1.8369701987210297e-16,-0.8854560256532096,-0.4647231720437691,871404.6,964356.74,932577.6925,61.0
34,2011-09-09,930506.14,1,70.05,3.554,129.3686129,10.641,False,2011,36,9,-1.0,-1.8369701987210297e-16,-0.9350162426854147,-0.3546048870425359,926455.64,932240.96,928632.49,60.0
34,2011-09-16,927249.61,0,64.94,3.532,129.4306,10.641,False,2011,37,9,-1.0,-1.8369701987210297e-16,-0.970941817426052,-0.23931566428755774,930506.14,885445.47,922196.2300000001,59.0
34,2011-09-23,902852.73,0,66.23,3.473,129.5183333,10.641,False,2011,38,9,-1.0,-1.8369701987210297e-16,-0.992708874098054,-0.12053668025532357,927249.61,867539.07,913903.9974999999,58.0
34,2011-09-30,871847.85,0,69.44,3.371,129.6060667,10.641,False,2011,39,9,-1.0,-1.8369701987210297e-16,-1.0,-1.8369701987210297e-16,902852.73,865709.11,921766.03,57.0
34,2011-10-07,954069.45,0,60.42,3.299,129.6938,10.148,False,2011,40,10,-0.8660254037844386,0.5000000000000001,-0.992708874098054,0.1205366802553232,871847.85,931710.67,908114.0825,56.0
34,2011-10-14,911788.79,0,54.72,3.283,129.7706452,10.148,False,2011,41,10,-0.8660254037844386,0.5000000000000001,-0.9709418174260521,0.23931566428755738,954069.45,888703.62,914004.9099999999,55.0
34,2011-10-21,953693.23,0,58.93,3.361,129.7821613,10.148,False,2011,42,10,-0.8660254037844386,0.5000000000000001,-0.9350162426854148,0.35460488704253557,911788.79,936293.6,910139.705,54.0
34,2011-10-28,958063.87,0,54.56,3.362,129.7936774,10.148,False,2011,43,10,-0.8660254037844386,0.5000000000000001,-0.8854560256532101,0.464723172043768,953693.23,926294.02,922849.83,53.0
34,2011-11-04,992621.93,0,48.04,3.322,129.8051935,10.148,False,2011,44,11,-0.5000000000000004,0.8660254037844384,-0.822983865893657,0.5680647467311548,958063.87,972292.31,944403.835,52.0
34,2011-11-11,991570.02,0,41.04,3.286,129.8167097,10.148,False,2011,45,11,-0.5000000000000004,0.8660254037844384,-0.7485107481711011,0.6631226582407952,992621.93,979730.78,954041.9550000001,51.0
34,2011-11-18,947552.44,0,46.0,3.294,129.8268333,10.148,False,2011,46,11,-0.5000000000000004,0.8660254037844384,-0.6631226582407955,0.7485107481711007,991570.02,955766.33,973987.2625000001,50.0
34,2011-11-25,1345595.82,1,45.99,3.225,129.8364,10.148,True,2011,47,11,-0.5000000000000004,0.8660254037844384,-0.5680647467311559,0.8229838658936564,947552.44,1309476.68,972452.0650000001,49.0
34,2011-12-02,988742.08,0,39.75,3.176,129.8459667,10.148,False,2011,48,12,-2.4492935982947064e-16,1.0,-0.4647231720437684,0.88545602565321,1345595.82,1001512.21,1069335.0525,48.0
34,2011-12-09,1084243.91,0,24.69,3.153,129.8555333,10.148,True,2011,49,12,-2.4492935982947064e-16,1.0,-0.35460488704253595,0.9350162426854147,988742.08,1086661.02,1068365.0899999999,47.0
34,2011-12-16,1151052.86,0,32.31,3.149,129.8980645,10.148,True,2011,50,12,-2.4492935982947064e-16,1.0,-0.2393156642875578,0.970941817426052,1084243.91,1227148.13,1091533.5625,46.0
34,2011-12-23,1593655.96,0,32.45,3.103,129.9845484,10.148,True,2011,51,12,-2.4492935982947064e-16,1.0,-0.12053668025532363,0.992708874098054,1151052.86,1620748.25,1142408.6675,45.0
34,2011-12-30,965512.36,1,28.84,3.119,130.0710323,10.148,False,2011,52,12,-2.4492935982947064e-16,1.0,6.432490598706546e-16,1.0,1593655.96,902109.69,1204423.7025,44.0
34,2012-01-06,953844.85,0,36.39,3.158,130.1575161,9.653,False,2012,1,1,0.49999999999999994,0.8660254037844387,0.12053668025532305,0.992708874098054,965512.36,900646.94,1198616.2725,43.0
34,2012-01-13,913755.12,0,33.99,3.263,130.244,9.653,False,2012,2,1,0.49999999999999994,0.8660254037844387,0.23931566428755774,0.970941817426052,953844.85,898610.33,1166016.5075,42.0
34,2012-01-20,910899.05,0,39.28,3.273,130.2792258,9.653,False,2012,3,1,0.49999999999999994,0.8660254037844387,0.3546048870425356,0.9350162426854148,913755.12,891025.39,1106692.0725,41.0
34,2012-01-27,872450.37,0,39.81,3.29,130.3144516,9.653,False,2012,4,1,0.49999999999999994,0.8660254037844387,0.4647231720437685,0.8854560256532099,910899.05,836717.75,936002.845,40.0
34,2012-02-03,939367.14,0,38.64,3.354,130.3496774,9.653,False,2012,5,2,0.8660254037844386,0.5000000000000001,0.5680647467311558,0.8229838658936564,872450.37,971932.87,912737.3474999999,39.0
34,2012-02-10,1047658.09,1,36.7,3.411,130.3849032,9.653,False,2012,6,2,0.8660254037844386,0.5000000000000001,0.6631226582407952,0.7485107481711011,939367.14,1015654.6,909117.92,38.0
34,2012-02-17,1123446.51,0,37.25,3.493,130.4546207,9.653,True,2012,7,2,0.8660254037844386,0.5000000000000001,0.7485107481711011,0.6631226582407953,1047658.09,1062629.3,942593.6625000001,37.0
34,2012-02-24,950154.24,0,39.89,3.541,130.5502069,9.653,False,2012,8,2,0.8660254037844386,0.5000000000000001,0.8229838658936564,0.5680647467311559,1123446.51,953331.45,995730.5275,36.0
34,2012-03-02,990263.7,0,42.74,3.619,130.6457931,9.653,False,2012,9,3,1.0,6.123233995736766e-17,0.8854560256532099,0.4647231720437686,950154.24,963910.81,1015156.4950000001,35.0
34,2012-03-09,976393.43,0,42.7,3.667,130.7413793,9.653,False,2012,10,3,1.0,6.123233995736766e-17,0.9350162426854148,0.35460488704253557,990263.7,943951.67,1027880.635,34.0
34,2012-03-16,999298.43,0,48.09,3.707,130.8261935,9.653,False,2012,11,3,1.0,6.123233995736766e-17,0.970941817426052,0.23931566428755804,976393.43,1014218.8,1010064.4700000001,33.0
34,2012-03-23,945143.33,0,47.93,3.759,130.8966452,9.653,False,2012,12,3,1.0,6.123233995736766e-17,0.992708874098054,0.120536680255323,999298.43,922898.38,979027.45,32.0
34,2012-03-30,938861.77,0,59.29,3.82,130.9670968,9.653,False,2012,13,3,1.0,6.123233995736766e-17,1.0,-1.6081226496766364e-16,945143.33,884233.67,977774.7224999999,31.0
34,2012-04-06,1091020.37,0,54.42,3.864,131.0375484,9.575,True,2012,14,4,0.8660254037844387,-0.4999999999999998,0.992708874098054,-0.12053668025532288,938861.77,975479.83,964924.24,30.0
34,2012-04-13,987353.65,0,59.12,3.881,131.108,9.575,False,2012,15,4,0.8660254037844387,-0.4999999999999998,0.9709418174260521,-0.2393156642875575,1091020.37,941829.0,993580.975,29.0
34,2012-04-20,977628.78,0,55.34,3.864,131.1173333,9.575,False,2012,16,4,0.8660254037844387,-0.4999999999999998,0.9350162426854148,-0.35460488704253545,987353.65,1051518.45,990594.7799999999,28.0
34,2012-04-27,940299.87,0,66.49,3.81,131.1266667,9.575,False,2012,17,4,0.8660254037844387,-0.4999999999999998,0.8854560256532099,-0.4647231720437685,977628.78,895973.02,998716.1425000001,27.0
34,2012-05-04,991104.4,0,65.04,3.747,131.136,9.575,False,2012,18,5,0.49999999999999994,-0.8660254037844387,0.8229838658936565,-0.5680647467311557,940299.87,965853.58,999075.6675,26.0
34,2012-05-11,949625.52,0,61.92,3.685,131.1453333,9.575,False,2012,19,5,0.49999999999999994,-0.8660254037844387,0.7485107481711013,-0.663122658240795,991104.4,966232.69,974096.675,25.0
34,2012-05-18,998672.85,0,64.97,3.62,131.0983226,9.575,False,2012,20,5,0.49999999999999994,-0.8660254037844387,0.6631226582407952,-0.7485107481711012,949625.52,945018.83,964664.6425000001,24.0
34,2012-05-25,1015737.61,0,72.42,3.551,131.0287742,9.575,False,2012,21,5,0.49999999999999994,-0.8660254037844387,0.5680647467311558,-0.8229838658936564,998672.85,941311.83,969925.6599999999,23.0
34,2012-06-01,977062.44,0,70.41,3.483,130.9592258,9.575,False,2012,22,6,1.2246467991473532e-16,-1.0,0.46472317204376906,-0.8854560256532096,1015737.61,947229.24,988785.095,22.0
34,2012-06-08,999511.29,0,75.35,3.433,130.8896774,9.575,False,2012,23,6,1.2246467991473532e-16,-1.0,0.35460488704253584,-0.9350162426854147,977062.44,943912.77,985274.605,21.0
34,2012-06-15,982345.51,0,76.48,3.372,130.8295333,9.575,False,2012,24,6,1.2246467991473532e-16,-1.0,0.23931566428755768,-0.970941817426052,999511.29,968258.09,997746.0475,20.0
34,2012-06-22,1000285.1,0,78.85,3.329,130.7929,9.575,False,2012,25,6,1.2246467991473532e-16,-1.0,0.12053668025532308,-0.992708874098054,982345.51,923795.04,993664.2124999999,19.0
34,2012-06-29,942970.63,0,81.91,3.257,130.7562667,9.575,False,2012,26,6,1.2246467991473532e-16,-1.0,-3.216245299353273e-16,-1.0,1000285.1,911106.22,989801.085,18.0
34,2012-07-06,1007867.68,0,77.95,3.187,130.7196333,9.285,False,2012,27,7,-0.4999999999999997,-0.8660254037844388,-0.12053668025532283,-0.992708874098054,942970.63,926934.57,981278.1325,17.0
34,2012-07-13,954677.75,0,74.02,3.224,130.683,9.285,False,2012,28,7,-0.4999999999999997,-0.8660254037844388,-0.23931566428755743,-0.9709418174260521,1007867.68,903882.96,983367.23,16.0
34,2012-07-20,950929.59,0,77.7,3.263,130.7012903,9.285,False,2012,29,7,-0.4999999999999997,-0.8660254037844388,-0.3546048870425356,-0.9350162426854148,954677.75,913236.62,976450.29,15.0
34,2012-07-27,917883.79,0,77.3,3.356,130.7195806,9.285,False,2012,30,7,-0.4999999999999997,-0.8660254037844388,-0.46472317204376806,-0.8854560256532101,950929.59,851461.9,964111.4125,14.0
34,2012-08-03,973250.41,0,78.93,3.374,130.737871,9.285,False,2012,31,8,-0.8660254037844384,-0.5000000000000004,-0.5680647467311556,-0.8229838658936565,917883.79,942236.45,957839.7025,13.0
34,2012-08-10,1004523.59,0,78.26,3.476,130.7561613,9.285,False,2012,32,8,-0.8660254037844384,-0.5000000000000004,-0.663122658240795,-0.7485107481711013,973250.41,956251.18,949185.385,12.0
34,2012-08-17,1013820.86,0,77.78,3.552,130.7909677,9.285,False,2012,33,8,-0.8660254037844384,-0.5000000000000004,-0.7485107481711011,-0.6631226582407952,1004523.59,960418.54,961646.845,11.0
34,2012-08-24,926250.21,0,72.44,3.61,130.8381613,9.285,False,2012,34,8,-0.8660254037844384,-0.5000000000000004,-0.8229838658936564,-0.5680647467311559,1013820.86,871404.6,977369.6625000001,10.0
34,2012-08-31,933487.71,0,75.89,3.646,130.8853548,9.285,False,2012,35,8,-0.8660254037844384,-0.5000000000000004,-0.8854560256532096,-0.4647231720437691,926250.21,926455.64,979461.2675000001,9.0
34,2012-09-07,976415.56,1,78.26,3.709,130.9325484,9.285,False,2012,36,9,-1.0,-1.8369701987210297e-16,-0.9350162426854147,-0.3546048870425359,933487.71,930506.14,969520.5925,8.0
34,2012-09-14,955211.7,0,64.28,3.706,130.9776667,9.285,False,2012,37,9,-1.0,-1.8369701987210297e-16,-0.970941817426052,-0.23931566428755774,976415.56,927249.61,962493.585,7.0
34,2012-09-21,943047.78,0,66.08,3.721,131.0103333,9.285,False,2012,38,9,-1.0,-1.8369701987210297e-16,-0.992708874098054,-0.12053668025532357,955211.7,902852.73,947841.2949999999,6.0
34,2012-09-28,928629.31,0,67.06,3.666,131.043,9.285,False,2012,39,9,-1.0,-1.8369701987210297e-16,-1.0,-1.8369701987210297e-16,943047.78,871847.85,952040.6875,5.0
34,2012-10-05,968896.68,0,65.41,3.62,131.0756667,8.839,False,2012,40,10,-0.8660254037844386,0.5000000000000001,-0.992708874098054,0.1205366802553232,928629.31,954069.45,950826.0874999999,4.0
34,2012-10-12,948613.39,0,59.94,3.603,131.1083333,8.839,False,2012,41,10,-0.8660254037844386,0.5000000000000001,-0.9709418174260521,0.23931566428755738,968896.68,911788.79,948946.3675,3.0
34,2012-10-19,963516.28,0,58.47,3.61,131.1499677,8.839,False,2012,42,10,-0.8660254037844386,0.5000000000000001,-0.9350162426854148,0.35460488704253557,948613.39,953693.23,947296.79,2.0
34,2012-10-26,956987.81,0,57.95,3.514,131.1930968,8.839,False,2012,43,10,-0.8660254037844386,0.5000000000000001,-0.8854560256532101,0.464723172043768,963516.28,958063.87,952413.915,1.0
35,2011-02-04,747577.05,0,28.7,3.231,137.0542431,8.549,False,2011,5,2,0.8660254037844386,0.5000000000000001,0.5680647467311558,0.8229838658936564,633289.78,1230613.5,657538.095,91.0
35,2011-02-11,859258.17,1,30.45,3.239,137.1378318,8.549,False,2011,6,2,0.8660254037844386,0.5000000000000001,0.6631226582407952,0.7485107481711011,747577.05,1168815.31,682109.92,90.0
35,2011-02-18,865305.88,0,39.32,3.245,137.2511849,8.549,False,2011,7,2,0.8660254037844386,0.5000000000000001,0.7485107481711011,0.6631226582407953,859258.17,1270658.64,725006.7675000001,89.0
35,2011-02-25,841129.26,0,33.05,3.274,137.3764439,8.549,False,2011,8,2,0.8660254037844386,0.5000000000000001,0.8229838658936564,0.5680647467311559,865305.88,1020651.74,776357.7200000001,88.0
35,2011-03-04,850448.54,0,36.99,3.433,137.5017028,8.549,False,2011,9,3,1.0,6.123233995736766e-17,0.8854560256532099,0.4647231720437686,841129.26,1162610.27,828317.59,87.0
35,2011-03-11,830601.39,0,43.64,3.582,137.6269617,8.549,False,2011,10,3,1.0,6.123233995736766e-17,0.9350162426854148,0.35460488704253557,850448.54,1150344.39,854035.4625,86.0
35,2011-03-18,800662.82,0,46.65,3.631,137.7398929,8.549,False,2011,11,3,1.0,6.123233995736766e-17,0.970941817426052,0.23931566428755804,830601.39,1117536.09,846871.2675,85.0
35,2011-03-25,762184.1,0,40.11,3.625,137.8478929,8.549,False,2011,12,3,1.0,6.123233995736766e-17,0.992708874098054,0.120536680255323,800662.82,1078900.44,830710.5025,84.0
35,2011-04-01,762620.94,0,37.27,3.638,137.9558929,8.512,False,2011,13,4,0.8660254037844387,-0.4999999999999998,1.0,-1.6081226496766364e-16,762184.1,1189556.47,810974.2125,83.0
35,2011-04-08,813352.41,0,46.87,3.72,138.0638929,8.512,False,2011,14,4,0.8660254037844387,-0.4999999999999998,0.992708874098054,-0.12053668025532288,762620.94,1198014.97,789017.3125,82.0
35,2011-04-15,795157.2,0,52.24,3.821,138.1646952,8.512,False,2011,15,4,0.8660254037844387,-0.4999999999999998,0.9709418174260521,-0.2393156642875575,813352.41,1084487.55,784705.0675,81.0
35,2011-04-22,841778.34,0,50.02,3.892,138.2475036,8.512,False,2011,16,4,0.8660254037844387,-0.4999999999999998,0.9350162426854148,-0.35460488704253545,795157.2,1110827.48,783328.6625,80.0
35,2011-04-29,811824.06,0,61.71,3.962,138.3303119,8.512,False,2011,17,4,0.8660254037844387,-0.4999999999999998,0.8854560256532099,-0.4647231720437685,841778.34,1096930.65,803227.2224999999,79.0
35,2011-05-06,835181.18,0,56.48,4.046,138.4131202,8.512,False,2011,18,5,0.49999999999999994,-0.8660254037844387,0.8229838658936565,-0.5680647467311557,811824.06,1182099.88,815528.0025,78.0
35,2011-05-13,826155.95,0,60.07,4.066,138.4959286,8.512,False,2011,19,5,0.49999999999999994,-0.8660254037844387,0.7485107481711013,-0.663122658240795,835181.18,1104277.57,820985.195,77.0
35,2011-05-20,776838.56,0,60.22,4.062,138.587106,8.512,False,2011,20,5,0.49999999999999994,-0.8660254037844387,0.6631226582407952,-0.7485107481711012,826155.95,1078182.18,828734.8825000001,76.0
35,2011-05-27,850708.6,0,66.43,3.985,138.6782834,8.512,False,2011,21,5,0.49999999999999994,-0.8660254037844387,0.5680647467311558,-0.8229838658936564,776838.56,1223777.48,812499.9375000001,75.0
35,2011-06-03,955466.84,0,74.17,3.922,138.7694608,8.512,False,2011,22,6,1.2246467991473532e-16,-1.0,0.46472317204376906,-0.8854560256532096,850708.6,1282378.71,822221.0725,74.0
35,2011-06-10,855130.21,0,73.26,3.881,138.8606382,8.512,False,2011,23,6,1.2246467991473532e-16,-1.0,0.35460488704253584,-0.9350162426854147,955466.84,1160412.71,852292.4875,73.0
35,2011-06-17,828594.86,0,67.03,3.842,139.0028333,8.512,False,2011,24,6,1.2246467991473532e-16,-1.0,0.23931566428755768,-0.970941817426052,855130.21,1198025.76,859536.0525,72.0
35,2011-06-24,849397.57,0,72.02,3.804,139.1832917,8.512,False,2011,25,6,1.2246467991473532e-16,-1.0,0.12053668025532308,-0.992708874098054,828594.86,1230245.74,872475.1275,71.0
35,2011-07-01,874453.88,0,73.76,3.748,139.36375,8.684,False,2011,26,7,-0.4999999999999997,-0.8660254037844388,-3.216245299353273e-16,-1.0,849397.57,1245827.08,872147.37,70.0
35,2011-07-08,827717.85,0,76.87,3.711,139.5442083,8.684,False,2011,27,7,-0.4999999999999997,-0.8660254037844388,-0.12053668025532283,-0.992708874098054,874453.88,1268766.76,851894.1299999999,69.0
35,2011-07-15,813845.5,0,77.83,3.76,139.7006325,8.684,False,2011,28,7,-0.4999999999999997,-0.8660254037844388,-0.23931566428755743,-0.9709418174260521,827717.85,1124414.87,845041.0399999999,68.0
35,2011-07-22,820188.42,0,82.28,3.811,139.7969712,8.684,False,2011,29,7,-0.4999999999999997,-0.8660254037844388,-0.3546048870425356,-0.9350162426854148,813845.5,1121756.43,841353.7,67.0
35,2011-07-29,770820.27,0,79.41,3.829,139.8933099,8.684,False,2011,30,7,-0.4999999999999997,-0.8660254037844388,-0.46472317204376806,-0.8854560256532101,820188.42,1139131.78,834051.4125000001,66.0
35,2011-08-05,826820.71,0,78.14,3.842,139.9896486,8.684,False,2011,31,8,-0.8660254037844384,-0.5000000000000004,-0.5680647467311556,-0.8229838658936565,770820.27,1180183.39,808143.01,65.0
35,2011-08-12,819911.89,0,76.67,3.812,140.0859873,8.684,False,2011,32,8,-0.8660254037844384,-0.5000000000000004,-0.663122658240795,-0.7485107481711013,826820.71,1090587.5,807918.7250000001,64.0
35,2011-08-19,820288.35,0,72.97,3.747,140.1289205,8.684,False,2011,33,8,-0.8660254037844384,-0.5000000000000004,-0.7485107481711011,-0.6631226582407952,819911.89,1033719.5,809435.3225,63.0
35,2011-08-26,897037.25,0,72.88,3.704,140.1629528,8.684,False,2011,34,8,-0.8660254037844384,-0.5000000000000004,-0.8229838658936564,-0.5680647467311559,820288.35,917693.06,809460.305,62.0
35,2011-09-02,813486.55,0,71.44,3.703,140.196985,8.684,False,2011,35,9,-1.0,-1.8369701987210297e-16,-0.8854560256532096,-0.4647231720437691,897037.25,948660.79,841014.55,61.0
35,2011-09-09,922440.64,1,70.93,3.738,140.2310173,8.684,False,2011,36,9,-1.0,-1.8369701987210297e-16,-0.9350162426854147,-0.3546048870425359,813486.55,961685.98,837681.01,60.0
35,2011-09-16,738792.11,0,69.65,3.742,140.2735,8.684,False,2011,37,9,-1.0,-1.8369701987210297e-16,-0.970941817426052,-0.23931566428755774,922440.64,831443.61,863313.1975,59.0
35,2011-09-23,705802.45,0,63.61,3.711,140.32725,8.684,False,2011,38,9,-1.0,-1.8369701987210297e-16,-0.992708874098054,-0.12053668025532357,738792.11,758069.78,842939.1375,58.0
35,2011-09-30,749676.95,0,70.92,3.645,140.381,8.684,False,2011,39,9,-1.0,-1.8369701987210297e-16,-1.0,-1.8369701987210297e-16,705802.45,771065.21,795130.4375,57.0
35,2011-10-07,791637.53,0,56.91,3.583,140.43475,8.745,False,2011,40,10,-0.8660254037844386,0.5000000000000001,-0.992708874098054,0.1205366802553232,749676.95,874615.32,779178.0375000001,56.0
35,2011-10-14,772859.25,0,64.78,3.541,140.4784194,8.745,False,2011,41,10,-0.8660254037844386,0.5000000000000001,-0.9709418174260521,0.23931566428755738,791637.53,798376.99,746477.26,55.0
35,2011-10-21,811328.4,0,59.62,3.57,140.4616048,8.745,False,2011,42,10,-0.8660254037844386,0.5000000000000001,-0.9350162426854148,0.35460488704253557,772859.25,827705.82,754994.0449999999,54.0
35,2011-10-28,808821.5,0,51.81,3.569,140.4447903,8.745,False,2011,43,10,-0.8660254037844386,0.5000000000000001,-0.8854560256532101,0.464723172043768,811328.4,857797.33,781375.5325,53.0
35,2011-11-04,653468.75,0,44.46,3.551,140.4279758,8.745,False,2011,44,11,-0.5000000000000004,0.8660254037844384,-0.822983865893657,0.5680647467311548,808821.5,843755.12,796161.6699999999,52.0
35,2011-11-11,880576.33,0,49.69,3.53,140.4111613,8.745,False,2011,45,11,-0.5000000000000004,0.8660254037844384,-0.7485107481711011,0.6631226582407952,653468.75,870914.69,761619.475,51.0
35,2011-11-18,820964.1,0,51.42,3.53,140.4127857,8.745,False,2011,46,11,-0.5000000000000004,0.8660254037844384,-0.6631226582407955,0.7485107481711007,880576.33,846850.35,788548.745,50.0
35,2011-11-25,1733822.4,1,47.88,3.492,140.4217857,8.745,True,2011,47,11,-0.5000000000000004,0.8660254037844384,-0.5680647467311559,0.8229838658936564,820964.1,1781866.98,790957.67,49.0
35,2011-12-02,903606.03,0,50.55,3.452,140.4307857,8.745,False,2011,48,12,-2.4492935982947064e-16,1.0,-0.4647231720437684,0.88545602565321,1733822.4,982598.88,1022207.895,48.0
35,2011-12-09,948964.99,0,46.28,3.415,140.4397857,8.745,False,2011,49,12,-2.4492935982947064e-16,1.0,-0.35460488704253595,0.9350162426854147,903606.03,1108580.19,1084742.215,47.0
35,2011-12-16,1115255.65,0,40.68,3.413,140.4700795,8.745,False,2011,50,12,-2.4492935982947064e-16,1.0,-0.2393156642875578,0.970941817426052,948964.99,1314987.4,1101839.38,46.0
35,2011-12-23,1550214.02,0,41.59,3.389,140.528765,8.745,True,2011,51,12,-2.4492935982947064e-16,1.0,-0.12053668025532363,0.992708874098054,1115255.65,1779236.54,1175412.2675,45.0
35,2011-12-30,904650.55,1,37.85,3.389,140.5874505,8.745,False,2011,52,12,-2.4492935982947064e-16,1.0,6.432490598706546e-16,1.0,1550214.02,576332.05,1129510.1724999999,44.0
35,2012-01-06,671708.09,0,35.8,3.422,140.6461359,8.744,False,2012,1,1,0.49999999999999994,0.8660254037844387,0.12053668025532305,0.992708874098054,904650.55,649289.75,1129771.3025,43.0
35,2012-01-13,625135.11,0,41.3,3.513,140.7048214,8.744,False,2012,2,1,0.49999999999999994,0.8660254037844387,0.23931566428755774,0.970941817426052,671708.09,687670.78,1060457.0775,42.0
35,2012-01-20,669850.04,0,30.35,3.533,140.8086118,8.744,False,2012,3,1,0.49999999999999994,0.8660254037844387,0.3546048870425356,0.9350162426854148,625135.11,659902.07,937926.9425,41.0
35,2012-01-27,588722.99,0,36.96,3.567,140.9124021,8.744,False,2012,4,1,0.49999999999999994,0.8660254037844387,0.4647231720437685,0.8854560256532099,669850.04,633289.78,717835.9475,40.0
35,2012-02-03,746901.03,0,42.52,3.617,141.0161924,8.744,False,2012,5,2,0.8660254037844386,0.5000000000000001,0.5680647467311558,0.8229838658936564,588722.99,747577.05,638854.0575,39.0
35,2012-02-10,849779.14,1,37.86,3.64,141.1199827,8.744,False,2012,6,2,0.8660254037844386,0.5000000000000001,0.6631226582407952,0.7485107481711011,746901.03,859258.17,657652.2925,38.0
35,2012-02-17,824568.39,0,37.24,3.695,141.2140357,8.744,False,2012,7,2,0.8660254037844386,0.5000000000000001,0.7485107481711011,0.6631226582407953,849779.14,865305.88,713813.3,37.0
35,2012-02-24,805028.74,0,41.74,3.739,141.3007857,8.744,False,2012,8,2,0.8660254037844386,0.5000000000000001,0.8229838658936564,0.5680647467311559,824568.39,841129.26,752492.8875,36.0
35,2012-03-02,766571.1,0,40.07,3.816,141.3875357,8.744,False,2012,9,3,1.0,6.123233995736766e-17,0.8854560256532099,0.4647231720437686,805028.74,850448.54,806569.325,35.0
35,2012-03-09,796351.35,0,44.32,3.848,141.4742857,8.744,False,2012,10,3,1.0,6.123233995736766e-17,0.9350162426854148,0.35460488704253557,766571.1,830601.39,811486.8425,34.0
35,2012-03-16,793045.82,0,49.6,3.862,141.55478,8.744,False,2012,11,3,1.0,6.123233995736766e-17,0.970941817426052,0.23931566428755804,796351.35,800662.82,798129.895,33.0
35,2012-03-23,760671.1,0,57.3,3.9,141.6269332,8.744,False,2012,12,3,1.0,6.123233995736766e-17,0.992708874098054,0.120536680255323,793045.82,762184.1,790249.2525000001,32.0
35,2012-03-30,744525.69,0,49.4,3.953,141.6990864,8.744,False,2012,13,3,1.0,6.123233995736766e-17,1.0,-1.6081226496766364e-16,760671.1,762620.94,779159.8425,31.0
35,2012-04-06,860293.46,0,48.73,3.996,141.7712396,8.876,False,2012,14,4,0.8660254037844387,-0.4999999999999998,0.992708874098054,-0.12053668025532288,744525.69,813352.41,773648.49,30.0
35,2012-04-13,788633.42,0,52.22,4.044,141.8433929,8.876,False,2012,15,4,0.8660254037844387,-0.4999999999999998,0.9709418174260521,-0.2393156642875575,860293.46,795157.2,789634.0175000001,29.0
35,2012-04-20,794660.24,0,62.62,4.027,141.9015262,8.876,False,2012,16,4,0.8660254037844387,-0.4999999999999998,0.9350162426854148,-0.35460488704253545,788633.42,841778.34,788530.9175,28.0
35,2012-04-27,721212.45,0,52.33,4.004,141.9596595,8.876,False,2012,17,4,0.8660254037844387,-0.4999999999999998,0.8854560256532099,-0.4647231720437685,794660.24,811824.06,797028.2025,27.0
35,2012-05-04,772036.6,0,53.68,3.951,142.0177929,8.876,False,2012,18,5,0.49999999999999994,-0.8660254037844387,0.8229838658936565,-0.5680647467311557,721212.45,835181.18,791199.8925000001,26.0
35,2012-05-11,802383.63,0,58.97,3.889,142.0759262,8.876,False,2012,19,5,0.49999999999999994,-0.8660254037844387,0.7485107481711013,-0.663122658240795,772036.6,826155.95,769135.6775,25.0
35,2012-05-18,819196.68,0,65.15,3.848,142.0970115,8.876,False,2012,20,5,0.49999999999999994,-0.8660254037844387,0.6631226582407952,-0.7485107481711012,802383.63,776838.56,772573.23,24.0
35,2012-05-25,822167.17,0,64.77,3.798,142.1032776,8.876,False,2012,21,5,0.49999999999999994,-0.8660254037844387,0.5680647467311558,-0.8229838658936564,819196.68,850708.6,778707.3400000001,23.0
35,2012-06-01,932195.52,0,73.4,3.742,142.1095438,8.876,False,2012,22,6,1.2246467991473532e-16,-1.0,0.46472317204376906,-0.8854560256532096,822167.17,955466.84,803946.02,22.0
35,2012-06-08,873415.01,0,64.05,3.689,142.1158099,8.876,False,2012,23,6,1.2246467991473532e-16,-1.0,0.35460488704253584,-0.9350162426854147,932195.52,855130.21,843985.7500000001,21.0
35,2012-06-15,848289.41,0,69.52,3.62,142.1292548,8.876,False,2012,24,6,1.2246467991473532e-16,-1.0,0.23931566428755768,-0.970941817426052,873415.01,828594.86,861743.595,20.0
35,2012-06-22,911696.0,0,73.23,3.564,142.1606464,8.876,False,2012,25,6,1.2246467991473532e-16,-1.0,0.12053668025532308,-0.992708874098054,848289.41,849397.57,869016.7775000001,19.0
35,2012-06-29,892133.41,0,73.94,3.506,142.1920381,8.876,False,2012,26,6,1.2246467991473532e-16,-1.0,-3.216245299353273e-16,-1.0,911696.0,874453.88,891398.985,18.0
35,2012-07-06,985479.64,0,82.08,3.475,142.2234298,8.839,False,2012,27,7,-0.4999999999999997,-0.8660254037844388,-0.12053668025532283,-0.992708874098054,892133.41,827717.85,881383.4575,17.0
35,2012-07-13,825763.48,0,78.95,3.523,142.2548214,8.839,False,2012,28,7,-0.4999999999999997,-0.8660254037844388,-0.23931566428755743,-0.9709418174260521,985479.64,813845.5,909399.615,16.0
35,2012-07-20,841224.74,0,78.64,3.567,142.2337569,8.839,False,2012,29,7,-0.4999999999999997,-0.8660254037844388,-0.3546048870425356,-0.9350162426854148,825763.48,820188.42,903768.1325000001,15.0
35,2012-07-27,808030.15,0,76.01,3.647,142.2126924,8.839,False,2012,30,7,-0.4999999999999997,-0.8660254037844388,-0.46472317204376806,-0.8854560256532101,841224.74,770820.27,886150.3175,14.0
35,2012-08-03,866216.36,0,75.22,3.654,142.1916279,8.839,False,2012,31,8,-0.8660254037844384,-0.5000000000000004,-0.5680647467311556,-0.8229838658936565,808030.15,826820.71,865124.5025,13.0
35,2012-08-10,888368.8,0,78.44,3.722,142.1705634,8.839,False,2012,32,8,-0.8660254037844384,-0.5000000000000004,-0.663122658240795,-0.7485107481711013,866216.36,819911.89,835308.6825000001,12.0
35,2012-08-17,887979.47,0,76.51,3.807,142.2157385,8.839,False,2012,33,8,-0.8660254037844384,-0.5000000000000004,-0.7485107481711011,-0.6631226582407952,888368.8,820288.35,850960.0125,11.0
35,2012-08-24,895274.72,0,72.93,3.834,142.3105933,8.839,False,2012,34,8,-0.8660254037844384,-0.5000000000000004,-0.8229838658936564,-0.5680647467311559,887979.47,897037.25,862648.6950000001,10.0
35,2012-08-31,931278.97,0,75.0,3.867,142.4054482,8.839,False,2012,35,8,-0.8660254037844384,-0.5000000000000004,-0.8854560256532096,-0.4647231720437691,895274.72,813486.55,884459.8375,9.0
35,2012-09-07,984833.35,1,76.0,3.911,142.500303,8.839,False,2012,36,9,-1.0,-1.8369701987210297e-16,-0.9350162426854147,-0.3546048870425359,931278.97,922440.64,900725.49,8.0
35,2012-09-14,821568.64,0,68.72,3.948,142.5938833,8.839,False,2012,37,9,-1.0,-1.8369701987210297e-16,-0.970941817426052,-0.23931566428755774,984833.35,738792.11,924841.6275,7.0
35,2012-09-21,772302.94,0,66.1,4.038,142.6798167,8.839,False,2012,38,9,-1.0,-1.8369701987210297e-16,-0.992708874098054,-0.12053668025532357,821568.64,705802.45,908238.92,6.0
35,2012-09-28,814099.86,0,64.92,3.997,142.76575,8.839,False,2012,39,9,-1.0,-1.8369701987210297e-16,-1.0,-1.8369701987210297e-16,772302.94,749676.95,877495.975,5.0
35,2012-10-05,866064.4,0,64.5,3.985,142.8516833,8.665,False,2012,40,10,-0.8660254037844386,0.5000000000000001,-0.992708874098054,0.1205366802553232,814099.86,791637.53,848201.1974999999,4.0
35,2012-10-12,873643.14,0,55.4,4.0,142.9376167,8.665,False,2012,41,10,-0.8660254037844386,0.5000000000000001,-0.9709418174260521,0.23931566428755738,866064.4,772859.25,818508.96,3.0
35,2012-10-19,829284.67,0,56.53,3.969,142.8633629,8.665,False,2012,42,10,-0.8660254037844386,0.5000000000000001,-0.9350162426854148,0.35460488704253557,873643.14,811328.4,831527.585,2.0
35,2012-10-26,865137.6,0,58.99,3.882,142.7624113,8.665,False,2012,43,10,-0.8660254037844386,0.5000000000000001,-0.8854560256532101,0.464723172043768,829284.67,808821.5,845773.0175000001,1.0
36,2011-02-04,417521.7,0,46.68,2.98,211.3333753,8.395,False,2011,5,2,0.8660254037844386,0.5000000000000001,0.5680647467311558,0.8229838658936564,372174.12,467546.74,391630.6875,91.0
36,2011-02-11,401501.2,1,41.16,3.009,211.6985093,8.395,False,2011,6,2,0.8660254037844386,0.5000000000000001,0.6631226582407952,0.7485107481711011,417521.7,469563.7,399846.15,90.0
36,2011-02-18,427175.03,0,57.48,3.017,212.0063522,8.395,False,2011,7,2,0.8660254037844386,0.5000000000000001,0.7485107481711011,0.6631226582407953,401501.2,470281.03,397597.0175,89.0
36,2011-02-25,380279.44,0,67.73,3.053,212.2912786,8.395,False,2011,8,2,0.8660254037844386,0.5000000000000001,0.8229838658936564,0.5680647467311559,427175.03,447519.44,404593.0125,88.0
36,2011-03-04,402579.84,0,64.55,3.282,212.576205,8.395,False,2011,9,3,1.0,6.123233995736766e-17,0.8854560256532099,0.4647231720437686,380279.44,480203.43,406619.3425,87.0
36,2011-03-11,407506.78,0,59.15,3.448,212.8611313,8.395,False,2011,10,3,1.0,6.123233995736766e-17,0.9350162426854148,0.35460488704253557,402579.84,441434.2,402883.8775,86.0
36,2011-03-18,431412.22,0,64.9,3.487,213.1096787,8.395,False,2011,11,3,1.0,6.123233995736766e-17,0.970941817426052,0.23931566428755804,407506.78,428851.99,404385.2725,85.0
36,2011-03-25,390732.02,0,71.07,3.488,213.3436744,8.395,False,2011,12,3,1.0,6.123233995736766e-17,0.992708874098054,0.120536680255323,431412.22,404438.51,405444.57,84.0
36,2011-04-01,385672.11,0,67.31,3.529,213.5776701,8.3,False,2011,13,4,0.8660254037844387,-0.4999999999999998,1.0,-1.6081226496766364e-16,390732.02,435972.82,408057.715,83.0
36,2011-04-08,428727.61,0,69.39,3.645,213.8116658,8.3,False,2011,14,4,0.8660254037844387,-0.4999999999999998,0.992708874098054,-0.12053668025532288,385672.11,453016.91,403830.7825,82.0
36,2011-04-15,414986.54,0,73.25,3.763,214.026217,8.3,False,2011,15,4,0.8660254037844387,-0.4999999999999998,0.9709418174260521,-0.2393156642875575,428727.61,483699.56,409135.99,81.0
36,2011-04-22,374574.72,0,74.57,3.805,214.1921572,8.3,False,2011,16,4,0.8660254037844387,-0.4999999999999998,0.9350162426854148,-0.35460488704253545,414986.54,434116.8,405029.57,80.0
36,2011-04-29,340708.78,0,76.1,3.837,214.3580974,8.3,False,2011,17,4,0.8660254037844387,-0.4999999999999998,0.8854560256532099,-0.4647231720437685,374574.72,457899.64,400990.245,79.0
36,2011-05-06,393401.4,0,69.56,3.917,214.5240376,8.3,False,2011,18,5,0.49999999999999994,-0.8660254037844387,0.8229838658936565,-0.5680647467311557,340708.78,489372.02,389749.41250000003,78.0
36,2011-05-13,395316.65,0,76.73,3.92,214.6899778,8.3,False,2011,19,5,0.49999999999999994,-0.8660254037844387,0.7485107481711013,-0.663122658240795,393401.4,476733.74,380917.86,77.0
36,2011-05-20,376183.44,0,73.02,3.925,214.465412,8.3,False,2011,20,5,0.49999999999999994,-0.8660254037844387,0.6631226582407952,-0.7485107481711012,395316.65,474917.98,376000.3875,76.0
36,2011-05-27,348655.2,0,81.28,3.786,214.2408462,8.3,False,2011,21,5,0.49999999999999994,-0.8660254037844387,0.5680647467311558,-0.8229838658936564,376183.44,447050.42,376402.5675,75.0
36,2011-06-03,373703.95,0,82.96,3.69,214.0162805,8.3,False,2011,22,6,1.2246467991473532e-16,-1.0,0.46472317204376906,-0.8854560256532096,348655.2,471088.88,378389.1725,74.0
36,2011-06-10,374182.04,0,82.41,3.633,213.7917147,8.3,False,2011,23,6,1.2246467991473532e-16,-1.0,0.35460488704253584,-0.9350162426854147,373703.95,467711.18,373464.81000000006,73.0
36,2011-06-17,394645.25,0,84.43,3.599,213.7481256,8.3,False,2011,24,6,1.2246467991473532e-16,-1.0,0.23931566428755768,-0.970941817426052,374182.04,485694.72,368181.1575,72.0
36,2011-06-24,360009.94,0,83.95,3.569,213.8402689,8.3,False,2011,25,6,1.2246467991473532e-16,-1.0,0.12053668025532308,-0.992708874098054,394645.25,434879.87,372796.61,71.0
36,2011-07-01,354270.77,0,85.33,3.502,213.9324122,8.177,False,2011,26,7,-0.4999999999999997,-0.8660254037844388,-3.216245299353273e-16,-1.0,360009.94,434252.15,375635.29500000004,70.0
36,2011-07-08,377464.62,0,84.71,3.44,214.0245556,8.177,False,2011,27,7,-0.4999999999999997,-0.8660254037844388,-0.12053668025532283,-0.992708874098054,354270.77,471713.59,370777.0,69.0
36,2011-07-15,385631.48,0,85.63,3.55,214.1083654,8.177,False,2011,28,7,-0.4999999999999997,-0.8660254037844388,-0.23931566428755743,-0.9709418174260521,377464.62,466962.04,371597.645,68.0
36,2011-07-22,361311.41,0,83.31,3.637,214.1713416,8.177,False,2011,29,7,-0.4999999999999997,-0.8660254037844388,-0.3546048870425356,-0.9350162426854148,385631.48,452021.2,369344.2025,67.0
36,2011-07-29,354361.08,0,84.99,3.66,214.2343177,8.177,False,2011,30,7,-0.4999999999999997,-0.8660254037844388,-0.46472317204376806,-0.8854560256532101,361311.41,432451.91,369669.57,66.0
36,2011-08-05,381017.75,0,86.71,3.652,214.2972939,8.177,False,2011,31,8,-0.8660254037844384,-0.5000000000000004,-0.5680647467311556,-0.8229838658936565,354361.08,467442.94,369692.14749999996,65.0
36,2011-08-12,380188.69,0,87.64,3.608,214.3602701,8.177,False,2011,32,8,-0.8660254037844384,-0.5000000000000004,-0.663122658240795,-0.7485107481711013,381017.75,470436.8,370580.43,64.0
36,2011-08-19,373267.58,0,87.24,3.534,214.4239935,8.177,False,2011,33,8,-0.8660254037844384,-0.5000000000000004,-0.7485107481711011,-0.6631226582407952,380188.69,437949.9,369219.7325,63.0
36,2011-08-26,344964.2,0,86.02,3.501,214.4878416,8.177,False,2011,34,8,-0.8660254037844384,-0.5000000000000004,-0.8229838658936564,-0.5680647467311559,373267.58,412050.73,372208.775,62.0
36,2011-09-02,350276.29,0,87.5,3.481,214.5516896,8.177,False,2011,35,9,-1.0,-1.8369701987210297e-16,-0.8854560256532096,-0.4647231720437691,344964.2,431294.45,369859.555,61.0
36,2011-09-09,352960.64,1,77.94,3.499,214.6155376,8.177,False,2011,36,9,-1.0,-1.8369701987210297e-16,-0.9350162426854147,-0.3546048870425359,350276.29,434471.38,362174.19,60.0
36,2011-09-16,343108.12,0,82.06,3.473,214.7934111,8.177,False,2011,37,9,-1.0,-1.8369701987210297e-16,-0.970941817426052,-0.23931566428755774,352960.64,454694.21,355367.1775,59.0
36,2011-09-23,322405.13,0,78.35,3.441,215.1233185,8.177,False,2011,38,9,-1.0,-1.8369701987210297e-16,-0.992708874098054,-0.12053668025532357,343108.12,419348.59,347827.3125,58.0
36,2011-09-30,314910.37,0,81.52,3.328,215.4532259,8.177,False,2011,39,9,-1.0,-1.8369701987210297e-16,-1.0,-1.8369701987210297e-16,322405.13,422169.47,342187.54500000004,57.0
36,2011-10-07,346137.87,0,71.2,3.262,215.7831333,7.716,False,2011,40,10,-0.8660254037844386,0.5000000000000001,-0.992708874098054,0.1205366802553232,314910.37,444351.61,333346.065,56.0
36,2011-10-14,342076.99,0,74.16,3.234,216.0885258,7.716,False,2011,41,10,-0.8660254037844386,0.5000000000000001,-0.9709418174260521,0.23931566428755738,346137.87,453308.15,331640.3725,55.0
36,2011-10-21,328633.34,0,67.89,3.308,216.2468287,7.716,False,2011,42,10,-0.8660254037844386,0.5000000000000001,-0.9350162426854148,0.35460488704253557,342076.99,424956.3,331382.58999999997,54.0
36,2011-10-28,306193.81,0,71.31,3.306,216.4051315,7.716,False,2011,43,10,-0.8660254037844386,0.5000000000000001,-0.8854560256532101,0.464723172043768,328633.34,392654.26,332939.6425,53.0
36,2011-11-04,313387.11,0,58.97,3.287,216.5634344,7.716,False,2011,44,11,-0.5000000000000004,0.8660254037844384,-0.822983865893657,0.5680647467311548,306193.81,405860.37,330760.5025,52.0
36,2011-11-11,328498.92,0,63.5,3.254,216.7217373,7.716,False,2011,45,11,-0.5000000000000004,0.8660254037844384,-0.7485107481711011,0.6631226582407952,313387.11,425804.8,322572.8125,51.0
36,2011-11-18,332901.94,0,66.28,3.26,216.9395861,7.716,False,2011,46,11,-0.5000000000000004,0.8660254037844384,-0.6631226582407955,0.7485107481711007,328498.92,411615.71,319178.295,50.0
36,2011-11-25,332811.55,1,66.41,3.181,217.1812533,7.716,False,2011,47,11,-0.5000000000000004,0.8660254037844384,-0.5680647467311559,0.8229838658936564,332901.94,408891.49,320245.44499999995,49.0
36,2011-12-02,293350.51,0,53.57,3.164,217.4229206,7.716,False,2011,48,12,-2.4492935982947064e-16,1.0,-0.4647231720437684,0.88545602565321,332811.55,360266.09,326899.88,48.0
36,2011-12-09,312298.37,0,50.64,3.147,217.6645878,7.716,False,2011,49,12,-2.4492935982947064e-16,1.0,-0.35460488704253595,0.9350162426854147,293350.51,404545.03,321890.73,47.0
36,2011-12-16,341503.92,0,58.31,3.133,217.8781339,7.716,False,2011,50,12,-2.4492935982947064e-16,1.0,-0.2393156642875578,0.970941817426052,312298.37,410214.7,317840.5925,46.0
36,2011-12-23,325262.46,0,55.41,3.098,218.0541851,7.716,False,2011,51,12,-2.4492935982947064e-16,1.0,-0.12053668025532363,0.992708874098054,341503.92,422093.59,319991.0875,45.0
36,2011-12-30,287425.22,1,48.26,3.132,218.2302364,7.716,False,2011,52,12,-2.4492935982947064e-16,1.0,6.432490598706546e-16,1.0,325262.46,359310.65,318103.815,44.0
36,2012-01-06,329467.82,0,57.18,3.129,218.4062876,7.244,False,2012,1,1,0.49999999999999994,0.8660254037844387,0.12053668025532305,0.992708874098054,287425.22,384659.85,316622.4925,43.0
36,2012-01-13,325976.34,0,56.28,3.254,218.5823389,7.244,False,2012,2,1,0.49999999999999994,0.8660254037844387,0.23931566428755774,0.970941817426052,329467.82,410497.73,320914.855,42.0
36,2012-01-20,330927.21,0,58.9,3.275,218.6755292,7.244,False,2012,3,1,0.49999999999999994,0.8660254037844387,0.3546048870425356,0.9350162426854148,325976.34,399191.05,317032.96,41.0
36,2012-01-27,301444.94,0,62.73,3.313,218.7687195,7.244,False,2012,4,1,0.49999999999999994,0.8660254037844387,0.4647231720437685,0.8854560256532099,330927.21,372174.12,318449.1475,40.0
36,2012-02-03,310982.87,0,61.33,3.421,218.8619099,7.244,False,2012,5,2,0.8660254037844386,0.5000000000000001,0.5680647467311558,0.8229838658936564,301444.94,417521.7,321954.0775,39.0
36,2012-02-10,335741.9,1,54.49,3.462,218.9551002,7.244,False,2012,6,2,0.8660254037844386,0.5000000000000001,0.6631226582407952,0.7485107481711011,310982.87,401501.2,317332.84,38.0
36,2012-02-17,326316.73,0,54.38,3.503,219.1148297,7.244,False,2012,7,2,0.8660254037844386,0.5000000000000001,0.7485107481711011,0.6631226582407953,335741.9,427175.03,319774.23,37.0
36,2012-02-24,313270.45,0,62.21,3.55,219.3244636,7.244,False,2012,8,2,0.8660254037844386,0.5000000000000001,0.8229838658936564,0.5680647467311559,326316.73,380279.44,318621.61,36.0
36,2012-03-02,315396.72,0,64.54,3.619,219.5340975,7.244,False,2012,9,3,1.0,6.123233995736766e-17,0.8854560256532099,0.4647231720437686,313270.45,402579.84,321577.98750000005,35.0
36,2012-03-09,318674.93,0,63.19,3.647,219.7437314,7.244,False,2012,10,3,1.0,6.123233995736766e-17,0.9350162426854148,0.35460488704253557,315396.72,407506.78,322681.44999999995,34.0
36,2012-03-16,335345.82,0,67.48,3.779,219.8956335,7.244,False,2012,11,3,1.0,6.123233995736766e-17,0.970941817426052,0.23931566428755804,318674.93,431412.22,318414.7075,33.0
36,2012-03-23,317872.51,0,69.18,3.845,219.9705599,7.244,False,2012,12,3,1.0,6.123233995736766e-17,0.992708874098054,0.120536680255323,335345.82,390732.02,320671.98,32.0
36,2012-03-30,304144.9,0,70.48,3.891,220.0454862,7.244,False,2012,13,3,1.0,6.123233995736766e-17,1.0,-1.6081226496766364e-16,317872.51,385672.11,321822.495,31.0
36,2012-04-06,331026.11,0,73.95,3.934,220.1204125,6.989,False,2012,14,4,0.8660254037844387,-0.4999999999999998,0.992708874098054,-0.12053668025532288,304144.9,428727.61,319009.54000000004,30.0
36,2012-04-13,339407.94,0,72.54,3.919,220.1953389,6.989,False,2012,15,4,0.8660254037844387,-0.4999999999999998,0.9709418174260521,-0.2393156642875575,331026.11,414986.54,322097.335,29.0
36,2012-04-20,323915.32,0,70.87,3.918,220.2483937,6.989,False,2012,16,4,0.8660254037844387,-0.4999999999999998,0.9350162426854148,-0.35460488704253545,339407.94,374574.72,323112.865,28.0
36,2012-04-27,308389.82,0,70.06,3.888,220.3014485,6.989,False,2012,17,4,0.8660254037844387,-0.4999999999999998,0.8854560256532099,-0.4647231720437685,323915.32,340708.78,324623.5675,27.0
36,2012-05-04,312467.52,0,77.17,3.835,220.3545033,6.989,False,2012,18,5,0.49999999999999994,-0.8660254037844387,0.8229838658936565,-0.5680647467311557,308389.82,393401.4,325684.7975,26.0
36,2012-05-11,330518.34,0,76.55,3.764,220.4075581,6.989,False,2012,19,5,0.49999999999999994,-0.8660254037844387,0.7485107481711013,-0.663122658240795,312467.52,395316.65,321045.15,25.0
36,2012-05-18,324801.13,0,73.7,3.713,220.4252149,6.989,False,2012,20,5,0.49999999999999994,-0.8660254037844387,0.6631226582407952,-0.7485107481711012,330518.34,376183.44,318822.75,24.0
36,2012-05-25,306098.17,0,78.94,3.636,220.4287124,6.989,False,2012,21,5,0.49999999999999994,-0.8660254037844387,0.5680647467311558,-0.8229838658936564,324801.13,348655.2,319044.2025,23.0
36,2012-06-01,306005.53,0,80.74,3.567,220.4322099,6.989,False,2012,22,6,1.2246467991473532e-16,-1.0,0.46472317204376906,-0.8854560256532096,306098.17,373703.95,318471.29,22.0
36,2012-06-08,338273.38,0,81.5,3.513,220.4357073,6.989,False,2012,23,6,1.2246467991473532e-16,-1.0,0.35460488704253584,-0.9350162426854147,306005.53,374182.04,316855.7925,21.0
36,2012-06-15,333146.88,0,82.15,3.407,220.4494148,6.989,False,2012,24,6,1.2246467991473532e-16,-1.0,0.23931566428755768,-0.970941817426052,338273.38,394645.25,318794.5525,20.0
36,2012-06-22,306411.01,0,80.4,3.358,220.4886472,6.989,False,2012,25,6,1.2246467991473532e-16,-1.0,0.12053668025532308,-0.992708874098054,333146.88,360009.94,320880.99,19.0
36,2012-06-29,291530.43,0,86.68,3.273,220.5278796,6.989,False,2012,26,6,1.2246467991473532e-16,-1.0,-3.216245299353273e-16,-1.0,306411.01,354270.77,320959.2,18.0
36,2012-07-06,306578.89,0,81.52,3.232,220.567112,6.623,False,2012,27,7,-0.4999999999999997,-0.8660254037844388,-0.12053668025532283,-0.992708874098054,291530.43,377464.62,317340.42500000005,17.0
36,2012-07-13,298337.41,0,78.15,3.245,220.6063444,6.623,False,2012,28,7,-0.4999999999999997,-0.8660254037844388,-0.23931566428755743,-0.9709418174260521,306578.89,385631.48,309416.8025,16.0
36,2012-07-20,303289.55,0,81.76,3.301,220.6148749,6.623,False,2012,29,7,-0.4999999999999997,-0.8660254037844388,-0.3546048870425356,-0.9350162426854148,298337.41,361311.41,300714.435,15.0
36,2012-07-27,279643.43,0,84.0,3.392,220.6234054,6.623,False,2012,30,7,-0.4999999999999997,-0.8660254037844388,-0.46472317204376806,-0.8854560256532101,303289.55,354361.08,299934.07,14.0
36,2012-08-03,304989.97,0,85.56,3.404,220.6319358,6.623,False,2012,31,8,-0.8660254037844384,-0.5000000000000004,-0.5680647467311556,-0.8229838658936565,279643.43,381017.75,296962.32,13.0
36,2012-08-10,298947.51,0,84.41,3.49,220.6404663,6.623,False,2012,32,8,-0.8660254037844384,-0.5000000000000004,-0.663122658240795,-0.7485107481711013,304989.97,380188.69,296565.08999999997,12.0
36,2012-08-17,314607.22,0,85.89,3.571,220.7199609,6.623,False,2012,33,8,-0.8660254037844384,-0.5000000000000004,-0.7485107481711011,-0.6631226582407952,298947.51,373267.58,296717.615,11.0
36,2012-08-24,282545.55,0,81.26,3.574,220.8526787,6.623,False,2012,34,8,-0.8660254037844384,-0.5000000000000004,-0.8229838658936564,-0.5680647467311559,314607.22,344964.2,299547.0325,10.0
36,2012-08-31,282647.48,0,84.79,3.608,220.9853964,6.623,False,2012,35,8,-0.8660254037844384,-0.5000000000000004,-0.8854560256532096,-0.4647231720437691,282545.55,350276.29,300272.5625,9.0
36,2012-09-07,293728.57,1,84.19,3.697,221.1181142,6.623,False,2012,36,9,-1.0,-1.8369701987210297e-16,-0.9350162426854147,-0.3546048870425359,282647.48,352960.64,294686.94,8.0
36,2012-09-14,301893.63,0,78.16,3.692,221.2601207,6.623,False,2012,37,9,-1.0,-1.8369701987210297e-16,-0.970941817426052,-0.23931566428755774,293728.57,343108.12,293382.205,7.0
36,2012-09-21,293804.45,0,75.98,3.709,221.4578604,6.623,False,2012,38,9,-1.0,-1.8369701987210297e-16,-0.992708874098054,-0.12053668025532357,301893.63,322405.13,290203.8075,6.0
36,2012-09-28,270677.98,0,79.49,3.66,221.6556,6.623,False,2012,39,9,-1.0,-1.8369701987210297e-16,-1.0,-1.8369701987210297e-16,293804.45,314910.37,293018.5325,5.0
36,2012-10-05,277137.86,0,73.57,3.611,221.8533396,6.228,False,2012,40,10,-0.8660254037844386,0.5000000000000001,-0.992708874098054,0.1205366802553232,270677.98,346137.87,290026.1575,4.0
36,2012-10-12,300236.85,0,71.28,3.576,222.0510793,6.228,False,2012,41,10,-0.8660254037844386,0.5000000000000001,-0.9709418174260521,0.23931566428755738,277137.86,342076.99,285878.48,3.0
36,2012-10-19,287360.05,0,74.06,3.57,222.0951719,6.228,False,2012,42,10,-0.8660254037844386,0.5000000000000001,-0.9350162426854148,0.35460488704253557,300236.85,328633.34,285464.28500000003,2.0
36,2012-10-26,272489.41,0,74.39,3.494,222.1136566,6.228,False,2012,43,10,-0.8660254037844386,0.5000000000000001,-0.8854560256532101,0.464723172043768,287360.05,306193.81,283853.185,1.0
37,2011-02-04,583835.18,0,46.68,2.989,211.3333753,8.395,True,2011,5,2,0.8660254037844386,0.5000000000000001,0.5680647467311558,0.8229838658936564,513672.36,536006.73,527060.025,91.0
37,2011-02-11,522514.32,1,41.16,3.022,211.6985093,8.395,False,2011,6,2,0.8660254037844386,0.5000000000000001,0.6631226582407952,0.7485107481711011,583835.18,529852.7,537402.815,90.0
37,2011-02-18,536840.69,0,57.48,3.045,212.0063522,8.395,False,2011,7,2,0.8660254037844386,0.5000000000000001,0.7485107481711011,0.6631226582407953,522514.32,510382.5,536627.17,89.0
37,2011-02-25,514758.19,0,67.73,3.065,212.2912786,8.395,False,2011,8,2,0.8660254037844386,0.5000000000000001,0.8229838658936564,0.5680647467311559,536840.69,513615.82,539215.6375,88.0
37,2011-03-04,527572.25,0,64.55,3.288,212.576205,8.395,False,2011,9,3,1.0,6.123233995736766e-17,0.8854560256532099,0.4647231720437686,514758.19,519255.68,539487.0950000001,87.0
37,2011-03-11,505610.4,0,59.15,3.459,212.8611313,8.395,False,2011,10,3,1.0,6.123233995736766e-17,0.9350162426854148,0.35460488704253557,527572.25,513015.35,525421.3625,86.0
37,2011-03-18,478503.06,0,64.9,3.488,213.1096787,8.395,False,2011,11,3,1.0,6.123233995736766e-17,0.970941817426052,0.23931566428755804,505610.4,460020.74,521195.38249999995,85.0
37,2011-03-25,522105.93,0,71.07,3.473,213.3436744,8.395,False,2011,12,3,1.0,6.123233995736766e-17,0.992708874098054,0.120536680255323,478503.06,515777.97,506610.975,84.0
37,2011-04-01,534578.78,0,67.31,3.524,213.5776701,8.3,False,2011,13,4,0.8660254037844387,-0.4999999999999998,1.0,-1.6081226496766364e-16,522105.93,540189.7,508447.91000000003,83.0
37,2011-04-08,543703.16,0,69.39,3.622,213.8116658,8.3,False,2011,14,4,0.8660254037844387,-0.4999999999999998,0.992708874098054,-0.12053668025532288,534578.78,513327.55,510199.5425,82.0
37,2011-04-15,543775.87,0,73.25,3.743,214.026217,8.3,False,2011,15,4,0.8660254037844387,-0.4999999999999998,0.9709418174260521,-0.2393156642875575,543703.16,524544.83,519722.73250000004,81.0
37,2011-04-22,526434.37,0,74.57,3.807,214.1921572,8.3,False,2011,16,4,0.8660254037844387,-0.4999999999999998,0.9350162426854148,-0.35460488704253545,543775.87,527019.78,536040.935,80.0
37,2011-04-29,502918.18,0,76.1,3.81,214.3580974,8.3,False,2011,17,4,0.8660254037844387,-0.4999999999999998,0.8854560256532099,-0.4647231720437685,526434.37,517850.83,537123.0449999999,79.0
37,2011-05-06,547513.3,0,69.56,3.906,214.5240376,8.3,False,2011,18,5,0.49999999999999994,-0.8660254037844387,0.8229838658936565,-0.5680647467311557,502918.18,543234.77,529207.895,78.0
37,2011-05-13,511871.63,0,76.73,3.899,214.6899778,8.3,False,2011,19,5,0.49999999999999994,-0.8660254037844387,0.7485107481711013,-0.663122658240795,547513.3,505196.08,530160.4299999999,77.0
37,2011-05-20,533564.42,0,73.02,3.907,214.465412,8.3,False,2011,20,5,0.49999999999999994,-0.8660254037844387,0.6631226582407952,-0.7485107481711012,511871.63,510494.7,522184.37,76.0
37,2011-05-27,507086.75,0,81.28,3.786,214.2408462,8.3,False,2011,21,5,0.49999999999999994,-0.8660254037844387,0.5680647467311558,-0.8229838658936564,533564.42,532241.22,523966.8825,75.0
37,2011-06-03,500381.23,0,82.96,3.699,214.0162805,8.3,False,2011,22,6,1.2246467991473532e-16,-1.0,0.46472317204376906,-0.8854560256532096,507086.75,479195.02,525009.025,74.0
37,2011-06-10,509647.25,0,82.41,3.648,213.7917147,8.3,False,2011,23,6,1.2246467991473532e-16,-1.0,0.35460488704253584,-0.9350162426854147,500381.23,481915.11,513226.0075,73.0
37,2011-06-17,525132.36,0,84.43,3.637,213.7481256,8.3,False,2011,24,6,1.2246467991473532e-16,-1.0,0.23931566428755768,-0.970941817426052,509647.25,505761.62,512669.9125,72.0
37,2011-06-24,509276.22,0,83.95,3.594,213.8402689,8.3,False,2011,25,6,1.2246467991473532e-16,-1.0,0.12053668025532308,-0.992708874098054,525132.36,485419.39,510561.89749999996,71.0
37,2011-07-01,517021.3,0,85.33,3.524,213.9324122,8.177,False,2011,26,7,-0.4999999999999997,-0.8660254037844388,-3.216245299353273e-16,-1.0,509276.22,498292.53,511109.265,70.0
37,2011-07-08,489059.93,0,84.71,3.48,214.0245556,8.177,False,2011,27,7,-0.4999999999999997,-0.8660254037844388,-0.12053668025532283,-0.992708874098054,517021.3,502456.04,515269.2825,69.0
37,2011-07-15,498749.62,0,85.63,3.575,214.1083654,8.177,False,2011,28,7,-0.4999999999999997,-0.8660254037844388,-0.23931566428755743,-0.9709418174260521,489059.93,485150.01,510122.4525,68.0
37,2011-07-22,505543.53,0,83.31,3.651,214.1713416,8.177,False,2011,29,7,-0.4999999999999997,-0.8660254037844388,-0.3546048870425356,-0.9350162426854148,498749.62,491998.12,503526.7675,67.0
37,2011-07-29,504974.95,0,84.99,3.682,214.2343177,8.177,False,2011,30,7,-0.4999999999999997,-0.8660254037844388,-0.46472317204376806,-0.8854560256532101,505543.53,487912.95,502593.59500000003,66.0
37,2011-08-05,510787.46,0,86.71,3.684,214.2972939,8.177,False,2011,31,8,-0.8660254037844384,-0.5000000000000004,-0.5680647467311556,-0.8229838658936565,504974.95,508576.62,499582.0075,65.0
37,2011-08-12,502504.39,0,87.64,3.638,214.3602701,8.177,False,2011,32,8,-0.8660254037844384,-0.5000000000000004,-0.663122658240795,-0.7485107481711013,510787.46,491815.83,505013.89,64.0
37,2011-08-19,506897.98,0,87.24,3.554,214.4239935,8.177,False,2011,33,8,-0.8660254037844384,-0.5000000000000004,-0.7485107481711011,-0.6631226582407952,502504.39,486930.72,505952.5825,63.0
37,2011-08-26,527947.21,0,86.02,3.523,214.4878416,8.177,False,2011,34,8,-0.8660254037844384,-0.5000000000000004,-0.8229838658936564,-0.5680647467311559,506897.98,512157.25,506291.195,62.0
37,2011-09-02,530367.83,0,87.5,3.533,214.5516896,8.177,False,2011,35,9,-1.0,-1.8369701987210297e-16,-0.8854560256532096,-0.4647231720437691,527947.21,510427.53,512034.26,61.0
37,2011-09-09,506273.74,1,77.94,3.546,214.6155376,8.177,False,2011,36,9,-1.0,-1.8369701987210297e-16,-0.9350162426854147,-0.3546048870425359,530367.83,510296.07,516929.35250000004,60.0
37,2011-09-16,513341.94,0,82.06,3.526,214.7934111,8.177,False,2011,37,9,-1.0,-1.8369701987210297e-16,-0.970941817426052,-0.23931566428755774,506273.74,501251.4,517871.68999999994,59.0
37,2011-09-23,516556.94,0,78.35,3.467,215.1233185,8.177,False,2011,38,9,-1.0,-1.8369701987210297e-16,-0.992708874098054,-0.12053668025532357,513341.94,494265.48,519482.68,58.0
37,2011-09-30,516402.1,0,81.52,3.355,215.4532259,8.177,False,2011,39,9,-1.0,-1.8369701987210297e-16,-1.0,-1.8369701987210297e-16,516556.94,529877.93,516635.1125,57.0
37,2011-10-07,522816.85,0,71.2,3.285,215.7831333,7.716,False,2011,40,10,-0.8660254037844386,0.5000000000000001,-0.992708874098054,0.1205366802553232,516402.1,524483.65,513143.68000000005,56.0
37,2011-10-14,513636.01,0,74.16,3.274,216.0885258,7.716,False,2011,41,10,-0.8660254037844386,0.5000000000000001,-0.9709418174260521,0.23931566428755738,522816.85,498925.86,517279.45749999996,55.0
37,2011-10-21,522784.33,0,67.89,3.353,216.2468287,7.716,False,2011,42,10,-0.8660254037844386,0.5000000000000001,-0.9350162426854148,0.35460488704253557,513636.01,510425.4,517352.975,54.0
37,2011-10-28,517355.44,0,71.31,3.372,216.4051315,7.716,False,2011,43,10,-0.8660254037844386,0.5000000000000001,-0.8854560256532101,0.464723172043768,522784.33,514485.9,518909.8225,53.0
37,2011-11-04,555925.6,0,58.97,3.332,216.5634344,7.716,False,2011,44,11,-0.5000000000000004,0.8660254037844384,-0.822983865893657,0.5680647467311548,517355.44,539683.42,519148.1575,52.0
37,2011-11-11,501268.78,0,63.5,3.297,216.7217373,7.716,False,2011,45,11,-0.5000000000000004,0.8660254037844384,-0.7485107481711011,0.6631226582407952,555925.6,517546.69,527425.345,51.0
37,2011-11-18,527495.09,0,66.28,3.308,216.9395861,7.716,False,2011,46,11,-0.5000000000000004,0.8660254037844384,-0.6631226582407955,0.7485107481711007,501268.78,518124.16,524333.5375,50.0
37,2011-11-25,522554.04,1,66.41,3.236,217.1812533,7.716,False,2011,47,11,-0.5000000000000004,0.8660254037844384,-0.5680647467311559,0.8229838658936564,527495.09,518220.72,525511.2275,49.0
37,2011-12-02,527117.81,0,53.57,3.172,217.4229206,7.716,False,2011,48,12,-2.4492935982947064e-16,1.0,-0.4647231720437684,0.88545602565321,522554.04,508213.14,526810.8775,48.0
37,2011-12-09,537224.52,0,50.64,3.158,217.6645878,7.716,False,2011,49,12,-2.4492935982947064e-16,1.0,-0.35460488704253595,0.9350162426854147,527117.81,511207.52,519608.93,47.0
37,2011-12-16,533905.67,0,58.31,3.159,217.8781339,7.716,False,2011,50,12,-2.4492935982947064e-16,1.0,-0.2393156642875578,0.970941817426052,537224.52,534285.21,528597.865,46.0
37,2011-12-23,605791.46,0,55.41,3.112,218.0541851,7.716,True,2011,51,12,-2.4492935982947064e-16,1.0,-0.12053668025532363,0.992708874098054,533905.67,576809.92,530200.51,45.0
37,2011-12-30,451327.61,1,48.26,3.129,218.2302364,7.716,True,2011,52,12,-2.4492935982947064e-16,1.0,6.432490598706546e-16,1.0,605791.46,460331.7,551009.865,44.0
37,2012-01-06,558343.57,0,57.18,3.157,218.4062876,7.244,False,2012,1,1,0.49999999999999994,0.8660254037844387,0.12053668025532305,0.992708874098054,451327.61,542464.02,532062.315,43.0
37,2012-01-13,546221.4,0,56.28,3.261,218.5823389,7.244,False,2012,2,1,0.49999999999999994,0.8660254037844387,0.23931566428755774,0.970941817426052,558343.57,525616.9,537342.0775,42.0
37,2012-01-20,543894.07,0,58.9,3.268,218.6755292,7.244,False,2012,3,1,0.49999999999999994,0.8660254037844387,0.3546048870425356,0.9350162426854148,546221.4,526486.82,540421.01,41.0
37,2012-01-27,514116.58,0,62.73,3.29,218.7687195,7.244,False,2012,4,1,0.49999999999999994,0.8660254037844387,0.4647231720437685,0.8854560256532099,543894.07,513672.36,524946.6625,40.0
37,2012-02-03,555424.24,0,61.33,3.36,218.8619099,7.244,False,2012,5,2,0.8660254037844386,0.5000000000000001,0.5680647467311558,0.8229838658936564,514116.58,583835.18,540643.905,39.0
37,2012-02-10,527041.46,1,54.49,3.409,218.9551002,7.244,False,2012,6,2,0.8660254037844386,0.5000000000000001,0.6631226582407952,0.7485107481711011,555424.24,522514.32,539914.0725,38.0
37,2012-02-17,541071.29,0,54.38,3.51,219.1148297,7.244,False,2012,7,2,0.8660254037844386,0.5000000000000001,0.7485107481711011,0.6631226582407953,527041.46,536840.69,535119.0874999999,37.0
37,2012-02-24,518696.89,0,62.21,3.555,219.3244636,7.244,False,2012,8,2,0.8660254037844386,0.5000000000000001,0.8229838658936564,0.5680647467311559,541071.29,514758.19,534413.3925000001,36.0
37,2012-03-02,525559.17,0,64.54,3.63,219.5340975,7.244,False,2012,9,3,1.0,6.123233995736766e-17,0.8854560256532099,0.4647231720437686,518696.89,527572.25,535558.47,35.0
37,2012-03-09,535937.25,0,63.19,3.669,219.7437314,7.244,False,2012,10,3,1.0,6.123233995736766e-17,0.9350162426854148,0.35460488704253557,525559.17,505610.4,528092.2025,34.0
37,2012-03-16,484588.34,0,67.48,3.734,219.8956335,7.244,False,2012,11,3,1.0,6.123233995736766e-17,0.970941817426052,0.23931566428755804,535937.25,478503.06,530316.15,33.0
37,2012-03-23,520887.23,0,69.18,3.787,219.9705599,7.244,False,2012,12,3,1.0,6.123233995736766e-17,0.992708874098054,0.120536680255323,484588.34,522105.93,516195.41250000003,32.0
37,2012-03-30,533734.94,0,70.48,3.845,220.0454862,7.244,False,2012,13,3,1.0,6.123233995736766e-17,1.0,-1.6081226496766364e-16,520887.23,534578.78,516742.99750000006,31.0
37,2012-04-06,564848.78,0,73.95,3.891,220.1204125,6.989,True,2012,14,4,0.8660254037844387,-0.4999999999999998,0.992708874098054,-0.12053668025532288,533734.94,543703.16,518786.94,30.0
37,2012-04-13,506973.17,0,72.54,3.891,220.1953389,6.989,False,2012,15,4,0.8660254037844387,-0.4999999999999998,0.9709418174260521,-0.2393156642875575,564848.78,543775.87,526014.8225,29.0
37,2012-04-20,523483.19,0,70.87,3.877,220.2483937,6.989,False,2012,16,4,0.8660254037844387,-0.4999999999999998,0.9350162426854148,-0.35460488704253545,506973.17,526434.37,531611.03,28.0
37,2012-04-27,528807.45,0,70.06,3.814,220.3014485,6.989,False,2012,17,4,0.8660254037844387,-0.4999999999999998,0.8854560256532099,-0.4647231720437685,523483.19,502918.18,532260.02,27.0
37,2012-05-04,535311.64,0,77.17,3.749,220.3545033,6.989,False,2012,18,5,0.49999999999999994,-0.8660254037844387,0.8229838658936565,-0.5680647467311557,528807.45,547513.3,531028.1475,26.0
37,2012-05-11,527983.04,0,76.55,3.688,220.4075581,6.989,False,2012,19,5,0.49999999999999994,-0.8660254037844387,0.7485107481711013,-0.663122658240795,535311.64,511871.63,523643.8625,25.0
37,2012-05-18,534847.96,0,73.7,3.63,220.4252149,6.989,False,2012,20,5,0.49999999999999994,-0.8660254037844387,0.6631226582407952,-0.7485107481711012,527983.04,533564.42,528896.3300000001,24.0
37,2012-05-25,540625.79,0,78.94,3.561,220.4287124,6.989,False,2012,21,5,0.49999999999999994,-0.8660254037844387,0.5680647467311558,-0.8229838658936564,534847.96,507086.75,531737.5225,23.0
37,2012-06-01,531811.85,0,80.74,3.501,220.4322099,6.989,False,2012,22,6,1.2246467991473532e-16,-1.0,0.46472317204376906,-0.8854560256532096,540625.79,500381.23,534692.1074999999,22.0
37,2012-06-08,528940.78,0,81.5,3.452,220.4357073,6.989,False,2012,23,6,1.2246467991473532e-16,-1.0,0.35460488704253584,-0.9350162426854147,531811.85,509647.25,533817.16,21.0
37,2012-06-15,508573.16,0,82.15,3.393,220.4494148,6.989,False,2012,24,6,1.2246467991473532e-16,-1.0,0.23931566428755768,-0.970941817426052,528940.78,525132.36,534056.595,20.0
37,2012-06-22,484032.75,0,80.4,3.346,220.4886472,6.989,False,2012,25,6,1.2246467991473532e-16,-1.0,0.12053668025532308,-0.992708874098054,508573.16,509276.22,527487.895,19.0
37,2012-06-29,508309.81,0,86.68,3.286,220.5278796,6.989,False,2012,26,6,1.2246467991473532e-16,-1.0,-3.216245299353273e-16,-1.0,484032.75,517021.3,513339.635,18.0
37,2012-07-06,519498.32,0,81.52,3.227,220.567112,6.623,False,2012,27,7,-0.4999999999999997,-0.8660254037844388,-0.12053668025532283,-0.992708874098054,508309.81,489059.93,507464.125,17.0
37,2012-07-13,506005.47,0,78.15,3.256,220.6063444,6.623,False,2012,28,7,-0.4999999999999997,-0.8660254037844388,-0.23931566428755743,-0.9709418174260521,519498.32,498749.62,505103.51,16.0
37,2012-07-20,503744.56,0,81.76,3.311,220.6148749,6.623,False,2012,29,7,-0.4999999999999997,-0.8660254037844388,-0.3546048870425356,-0.9350162426854148,506005.47,505543.53,504461.58749999997,15.0
37,2012-07-27,514489.17,0,84.0,3.407,220.6234054,6.623,False,2012,30,7,-0.4999999999999997,-0.8660254037844388,-0.46472317204376806,-0.8854560256532101,503744.56,504974.95,509389.54,14.0
37,2012-08-03,521959.28,0,85.56,3.417,220.6319358,6.623,False,2012,31,8,-0.8660254037844384,-0.5000000000000004,-0.5680647467311556,-0.8229838658936565,514489.17,510787.46,510934.38,13.0
37,2012-08-10,500964.59,0,84.41,3.494,220.6404663,6.623,False,2012,32,8,-0.8660254037844384,-0.5000000000000004,-0.663122658240795,-0.7485107481711013,521959.28,502504.39,511549.62,12.0
37,2012-08-17,509633.71,0,85.89,3.571,220.7199609,6.623,False,2012,33,8,-0.8660254037844384,-0.5000000000000004,-0.7485107481711011,-0.6631226582407952,500964.59,506897.98,510289.4,11.0
37,2012-08-24,522665.04,0,81.26,3.62,220.8526787,6.623,False,2012,34,8,-0.8660254037844384,-0.5000000000000004,-0.8229838658936564,-0.5680647467311559,509633.71,527947.21,511761.6875,10.0
37,2012-08-31,538344.1,0,84.79,3.638,220.9853964,6.623,False,2012,35,8,-0.8660254037844384,-0.5000000000000004,-0.8854560256532096,-0.4647231720437691,522665.04,530367.83,513805.655,9.0
37,2012-09-07,526838.14,1,84.19,3.73,221.1181142,6.623,False,2012,36,9,-1.0,-1.8369701987210297e-16,-0.9350162426854147,-0.3546048870425359,538344.1,506273.74,517901.86,8.0
37,2012-09-14,514651.74,0,78.16,3.717,221.2601207,6.623,False,2012,37,9,-1.0,-1.8369701987210297e-16,-0.970941817426052,-0.23931566428755774,526838.14,513341.94,524370.2475,7.0
37,2012-09-21,521320.98,0,75.98,3.721,221.4578604,6.623,False,2012,38,9,-1.0,-1.8369701987210297e-16,-0.992708874098054,-0.12053668025532357,514651.74,516556.94,525624.755,6.0
37,2012-09-28,527953.14,0,79.49,3.666,221.6556,6.623,False,2012,39,9,-1.0,-1.8369701987210297e-16,-1.0,-1.8369701987210297e-16,521320.98,516402.1,525288.74,5.0
37,2012-10-05,546122.37,0,73.57,3.617,221.8533396,6.228,False,2012,40,10,-0.8660254037844386,0.5000000000000001,-0.992708874098054,0.1205366802553232,527953.14,522816.85,522691.0,4.0
37,2012-10-12,521810.75,0,71.28,3.601,222.0510793,6.228,False,2012,41,10,-0.8660254037844386,0.5000000000000001,-0.9709418174260521,0.23931566428755738,546122.37,513636.01,527512.0575,3.0
37,2012-10-19,551969.1,0,74.06,3.594,222.0951719,6.228,False,2012,42,10,-0.8660254037844386,0.5000000000000001,-0.9350162426854148,0.35460488704253557,521810.75,522784.33,529301.81,2.0
37,2012-10-26,534738.43,0,74.39,3.506,222.1136566,6.228,False,2012,43,10,-0.8660254037844386,0.5000000000000001,-0.8854560256532101,0.464723172043768,551969.1,517355.44,536963.84,1.0
38,2011-02-04,402341.76,0,45.14,3.348,127.7195806,14.021,False,2011,5,2,0.8660254037844386,0.5000000000000001,0.5680647467311558,0.8229838658936564,357557.16,358496.14,360284.64249999996,91.0
38,2011-02-11,377672.46,1,51.3,3.381,127.859129,14.021,False,2011,6,2,0.8660254037844386,0.5000000000000001,0.6631226582407952,0.7485107481711011,402341.76,342214.9,364283.94749999995,90.0
38,2011-02-18,364606.7,0,53.35,3.43,127.99525,14.021,False,2011,7,2,0.8660254037844386,0.5000000000000001,0.7485107481711011,0.6631226582407953,377672.46,327237.92,369667.365,89.0
38,2011-02-25,354232.34,0,48.45,3.53,128.13,14.021,False,2011,8,2,0.8660254037844386,0.5000000000000001,0.8229838658936564,0.5680647467311559,364606.7,334222.73,375544.52,88.0
38,2011-03-04,405429.43,0,51.72,3.674,128.26475,14.021,False,2011,9,3,1.0,6.123233995736766e-17,0.8854560256532099,0.4647231720437686,354232.34,372239.89,374713.31500000006,87.0
38,2011-03-11,357897.18,0,57.75,3.818,128.3995,14.021,False,2011,10,3,1.0,6.123233995736766e-17,0.9350162426854148,0.35460488704253557,405429.43,342023.92,375485.23250000004,86.0
38,2011-03-18,349459.95,0,64.21,3.692,128.5121935,14.021,False,2011,11,3,1.0,6.123233995736766e-17,0.970941817426052,0.23931566428755804,357897.18,333025.47,370541.41250000003,85.0
38,2011-03-25,351541.62,0,54.4,3.909,128.6160645,14.021,False,2011,12,3,1.0,6.123233995736766e-17,0.992708874098054,0.120536680255323,349459.95,335858.11,366754.725,84.0
38,2011-04-01,382098.13,0,63.63,3.772,128.7199355,13.736,False,2011,13,4,0.8660254037844387,-0.4999999999999998,1.0,-1.6081226496766364e-16,351541.62,368929.55,366082.04500000004,83.0
38,2011-04-08,392152.3,0,64.47,4.003,128.8238065,13.736,False,2011,14,4,0.8660254037844387,-0.4999999999999998,0.992708874098054,-0.12053668025532288,382098.13,341630.46,360249.22,82.0
38,2011-04-15,362758.94,0,57.63,3.868,128.9107333,13.736,False,2011,15,4,0.8660254037844387,-0.4999999999999998,0.9709418174260521,-0.2393156642875575,392152.3,337723.49,368813.0,81.0
38,2011-04-22,362952.34,0,72.12,4.134,128.9553,13.736,False,2011,16,4,0.8660254037844387,-0.4999999999999998,0.9350162426854148,-0.35460488704253545,362758.94,335121.82,372137.7475,80.0
38,2011-04-29,344225.99,0,68.27,4.151,128.9998667,13.736,False,2011,17,4,0.8660254037844387,-0.4999999999999998,0.8854560256532099,-0.4647231720437685,362952.34,337979.65,374990.4275,79.0
38,2011-05-06,422186.65,0,68.4,4.193,129.0444333,13.736,False,2011,18,5,0.49999999999999994,-0.8660254037844387,0.8229838658936565,-0.5680647467311557,344225.99,383657.44,365522.3925,78.0
38,2011-05-13,366977.79,0,70.93,4.202,129.089,13.736,False,2011,19,5,0.49999999999999994,-0.8660254037844387,0.7485107481711013,-0.663122658240795,422186.65,346174.3,373030.98,77.0
38,2011-05-20,365730.76,0,66.59,4.169,129.0756774,13.736,False,2011,20,5,0.49999999999999994,-0.8660254037844387,0.6631226582407952,-0.7485107481711012,366977.79,340497.08,374085.6925,76.0
38,2011-05-27,356886.1,0,76.67,4.087,129.0623548,13.736,False,2011,21,5,0.49999999999999994,-0.8660254037844387,0.5680647467311558,-0.8229838658936564,365730.76,326469.43,374780.2975,75.0
38,2011-06-03,396826.06,0,71.81,4.031,129.0490323,13.736,False,2011,22,6,1.2246467991473532e-16,-1.0,0.46472317204376906,-0.8854560256532096,356886.1,376184.88,377945.325,74.0
38,2011-06-10,381763.02,0,78.72,3.981,129.0357097,13.736,False,2011,23,6,1.2246467991473532e-16,-1.0,0.35460488704253584,-0.9350162426854147,396826.06,354828.65,371605.1775,73.0
38,2011-06-17,356797.0,0,86.84,3.935,129.0432,13.736,False,2011,24,6,1.2246467991473532e-16,-1.0,0.23931566428755768,-0.970941817426052,381763.02,335691.85,375301.485,72.0
38,2011-06-24,354078.95,0,88.95,3.898,129.0663,13.736,False,2011,25,6,1.2246467991473532e-16,-1.0,0.12053668025532308,-0.992708874098054,356797.0,322046.76,373068.04500000004,71.0
38,2011-07-01,387334.04,0,89.85,3.842,129.0894,13.503,False,2011,26,7,-0.4999999999999997,-0.8660254037844388,-3.216245299353273e-16,-1.0,354078.95,361181.48,372366.2575,70.0
38,2011-07-08,399699.17,0,89.9,3.705,129.1125,13.503,False,2011,27,7,-0.4999999999999997,-0.8660254037844388,-0.12053668025532283,-0.992708874098054,387334.04,343850.34,369993.25250000006,69.0
38,2011-07-15,367181.71,0,88.1,3.692,129.1338387,13.503,False,2011,28,7,-0.4999999999999997,-0.8660254037844388,-0.23931566428755743,-0.9709418174260521,399699.17,338277.71,374477.29000000004,68.0
38,2011-07-22,365562.67,0,91.17,3.794,129.1507742,13.503,False,2011,29,7,-0.4999999999999997,-0.8660254037844388,-0.3546048870425356,-0.9350162426854148,367181.71,328336.85,377073.4675,67.0
38,2011-07-29,355131.33,0,93.29,3.805,129.1677097,13.503,False,2011,30,7,-0.4999999999999997,-0.8660254037844388,-0.46472317204376806,-0.8854560256532101,365562.67,336378.38,379944.39749999996,66.0
38,2011-08-05,437631.44,0,90.61,3.803,129.1846452,13.503,False,2011,31,8,-0.8660254037844384,-0.5000000000000004,-0.5680647467311556,-0.8229838658936565,355131.33,378574.44,371893.72,65.0
38,2011-08-12,387844.05,0,91.04,3.701,129.2015806,13.503,False,2011,32,8,-0.8660254037844384,-0.5000000000000004,-0.663122658240795,-0.7485107481711013,437631.44,341400.72,381376.7875,64.0
38,2011-08-19,362224.7,0,91.74,3.743,129.2405806,13.503,False,2011,33,8,-0.8660254037844384,-0.5000000000000004,-0.7485107481711011,-0.6631226582407952,387844.05,329139.73,386542.3725,63.0
38,2011-08-26,365672.55,0,94.61,3.74,129.2832581,13.503,False,2011,34,8,-0.8660254037844384,-0.5000000000000004,-0.8229838658936564,-0.5680647467311559,362224.7,322868.56,385707.88,62.0
38,2011-09-02,416953.51,0,93.66,3.798,129.3259355,13.503,False,2011,35,9,-1.0,-1.8369701987210297e-16,-0.8854560256532096,-0.4647231720437691,365672.55,377096.55,388343.185,61.0
38,2011-09-09,397771.68,1,88.0,3.913,129.3686129,13.503,False,2011,36,9,-1.0,-1.8369701987210297e-16,-0.9350162426854147,-0.3546048870425359,416953.51,336227.69,383173.7025,60.0
38,2011-09-16,408188.88,0,76.36,3.918,129.4306,13.503,False,2011,37,9,-1.0,-1.8369701987210297e-16,-0.970941817426052,-0.23931566428755774,397771.68,336253.19,385655.61,59.0
38,2011-09-23,394665.28,0,82.95,3.789,129.5183333,13.503,False,2011,38,9,-1.0,-1.8369701987210297e-16,-0.992708874098054,-0.12053668025532357,408188.88,330604.9,397146.655,58.0
38,2011-09-30,366819.84,0,83.26,3.877,129.6060667,13.503,False,2011,39,9,-1.0,-1.8369701987210297e-16,-1.0,-1.8369701987210297e-16,394665.28,360256.58,404394.8375,57.0
38,2011-10-07,449516.29,0,70.44,3.827,129.6938,12.89,False,2011,40,10,-0.8660254037844386,0.5000000000000001,-0.992708874098054,0.1205366802553232,366819.84,351271.36,391861.42000000004,56.0
38,2011-10-14,400430.78,0,67.31,3.805,129.7706452,12.89,False,2011,41,10,-0.8660254037844386,0.5000000000000001,-0.9709418174260521,0.23931566428755738,449516.29,337743.26,404797.5725,55.0
38,2011-10-21,402709.17,0,73.05,3.842,129.7821613,12.89,False,2011,42,10,-0.8660254037844386,0.5000000000000001,-0.9350162426854148,0.35460488704253557,400430.78,339042.18,402858.0475,54.0
38,2011-10-28,378539.17,0,67.41,3.727,129.7936774,12.89,False,2011,43,10,-0.8660254037844386,0.5000000000000001,-0.8854560256532101,0.464723172043768,402709.17,341219.63,404869.02,53.0
38,2011-11-04,436970.1,0,59.77,3.828,129.8051935,12.89,False,2011,44,11,-0.5000000000000004,0.8660254037844384,-0.822983865893657,0.5680647467311548,378539.17,380870.09,407798.85250000004,52.0
38,2011-11-11,411116.95,0,48.76,3.824,129.8167097,12.89,False,2011,45,11,-0.5000000000000004,0.8660254037844384,-0.7485107481711011,0.6631226582407952,436970.1,340147.2,404662.305,51.0
38,2011-11-18,392003.13,0,54.2,3.813,129.8268333,12.89,False,2011,46,11,-0.5000000000000004,0.8660254037844384,-0.6631226582407955,0.7485107481711007,411116.95,348593.99,407333.84750000003,50.0
38,2011-11-25,393715.71,1,53.25,3.622,129.8364,12.89,False,2011,47,11,-0.5000000000000004,0.8660254037844384,-0.5680647467311559,0.8229838658936564,392003.13,360857.98,404657.3375,49.0
38,2011-12-02,411252.02,0,52.5,3.701,129.8459667,12.89,False,2011,48,12,-2.4492935982947064e-16,1.0,-0.4647231720437684,0.88545602565321,393715.71,351925.36,408451.4725,48.0
38,2011-12-09,435401.64,0,42.17,3.644,129.8555333,12.89,False,2011,49,12,-2.4492935982947064e-16,1.0,-0.35460488704253595,0.9350162426854147,411252.02,355965.23,402021.9525,47.0
38,2011-12-16,404283.84,0,43.29,3.6,129.8980645,12.89,False,2011,50,12,-2.4492935982947064e-16,1.0,-0.2393156642875578,0.970941817426052,435401.64,334441.15,408093.125,46.0
38,2011-12-23,419717.41,0,45.4,3.541,129.9845484,12.89,False,2011,51,12,-2.4492935982947064e-16,1.0,-0.12053668025532363,0.992708874098054,404283.84,369106.72,411163.3025,45.0
38,2011-12-30,342667.35,1,44.64,3.428,130.0710323,12.89,False,2011,52,12,-2.4492935982947064e-16,1.0,6.432490598706546e-16,1.0,419717.41,303908.81,417663.72750000004,44.0
38,2012-01-06,478483.2,0,50.43,3.599,130.1575161,12.187,False,2012,1,1,0.49999999999999994,0.8660254037844387,0.12053668025532305,0.992708874098054,342667.35,386344.54,400517.56,43.0
38,2012-01-13,423260.82,0,48.07,3.657,130.244,12.187,False,2012,2,1,0.49999999999999994,0.8660254037844387,0.23931566428755774,0.970941817426052,478483.2,356138.79,411287.94999999995,42.0
38,2012-01-20,405215.91,0,46.2,3.66,130.2792258,12.187,False,2012,3,1,0.49999999999999994,0.8660254037844387,0.3546048870425356,0.9350162426854148,423260.82,341098.08,416032.195,41.0
38,2012-01-27,412882.31,0,50.43,3.675,130.3144516,12.187,False,2012,4,1,0.49999999999999994,0.8660254037844387,0.4647231720437685,0.8854560256532099,405215.91,357557.16,412406.81999999995,40.0
38,2012-02-03,457711.68,0,50.58,3.702,130.3496774,12.187,False,2012,5,2,0.8660254037844386,0.5000000000000001,0.5680647467311558,0.8229838658936564,412882.31,402341.76,429960.56,39.0
38,2012-02-10,469787.38,1,52.27,3.722,130.3849032,12.187,False,2012,6,2,0.8660254037844386,0.5000000000000001,0.6631226582407952,0.7485107481711011,457711.68,377672.46,424767.68000000005,38.0
38,2012-02-17,415513.97,0,51.8,3.781,130.4546207,12.187,False,2012,7,2,0.8660254037844386,0.5000000000000001,0.7485107481711011,0.6631226582407953,469787.38,364606.7,436399.32,37.0
38,2012-02-24,409411.61,0,53.13,3.95,130.5502069,12.187,False,2012,8,2,0.8660254037844386,0.5000000000000001,0.8229838658936564,0.5680647467311559,415513.97,354232.34,438973.835,36.0
38,2012-03-02,471115.38,0,52.27,4.178,130.6457931,12.187,False,2012,9,3,1.0,6.123233995736766e-17,0.8854560256532099,0.4647231720437686,409411.61,405429.43,438106.16000000003,35.0
38,2012-03-09,452792.53,0,54.54,4.25,130.7413793,12.187,False,2012,10,3,1.0,6.123233995736766e-17,0.9350162426854148,0.35460488704253557,471115.38,357897.18,441457.08499999996,34.0
38,2012-03-16,428465.11,0,64.44,4.273,130.8261935,12.187,False,2012,11,3,1.0,6.123233995736766e-17,0.970941817426052,0.23931566428755804,452792.53,349459.95,437208.3725,33.0
38,2012-03-23,412456.48,0,56.26,4.038,130.8966452,12.187,False,2012,12,3,1.0,6.123233995736766e-17,0.992708874098054,0.120536680255323,428465.11,351541.62,440446.1575,32.0
38,2012-03-30,408679.36,0,64.36,4.294,130.9670968,12.187,False,2012,13,3,1.0,6.123233995736766e-17,1.0,-1.6081226496766364e-16,412456.48,382098.13,441207.375,31.0
38,2012-04-06,499267.66,0,64.05,4.121,131.0375484,11.627,False,2012,14,4,0.8660254037844387,-0.4999999999999998,0.992708874098054,-0.12053668025532288,408679.36,392152.3,425598.37,30.0
38,2012-04-13,435790.74,0,64.28,4.254,131.108,11.627,False,2012,15,4,0.8660254037844387,-0.4999999999999998,0.9709418174260521,-0.2393156642875575,499267.66,362758.94,437217.15249999997,29.0
38,2012-04-20,401615.8,0,66.73,4.222,131.1173333,11.627,False,2012,16,4,0.8660254037844387,-0.4999999999999998,0.9350162426854148,-0.35460488704253545,435790.74,362952.34,439048.56,28.0
38,2012-04-27,419964.77,0,77.99,4.193,131.1266667,11.627,False,2012,17,4,0.8660254037844387,-0.4999999999999998,0.8854560256532099,-0.4647231720437685,401615.8,344225.99,436338.38999999996,27.0
38,2012-05-04,491755.69,0,76.03,4.171,131.136,11.627,False,2012,18,5,0.49999999999999994,-0.8660254037844387,0.8229838658936565,-0.5680647467311557,419964.77,422186.65,439159.7425,26.0
38,2012-05-11,429914.6,0,77.27,4.186,131.1453333,11.627,False,2012,19,5,0.49999999999999994,-0.8660254037844387,0.7485107481711013,-0.663122658240795,491755.69,366977.79,437281.75,25.0
38,2012-05-18,412314.71,0,84.51,4.11,131.0983226,11.627,False,2012,20,5,0.49999999999999994,-0.8660254037844387,0.6631226582407952,-0.7485107481711012,429914.6,365730.76,435812.715,24.0
38,2012-05-25,422810.12,0,83.84,4.293,131.0287742,11.627,False,2012,21,5,0.49999999999999994,-0.8660254037844387,0.5680647467311558,-0.8229838658936564,412314.71,356886.1,438487.4425,23.0
38,2012-06-01,435579.7,0,78.11,4.277,130.9592258,11.627,False,2012,22,6,1.2246467991473532e-16,-1.0,0.46472317204376906,-0.8854560256532096,422810.12,396826.06,439198.78,22.0
38,2012-06-08,448110.25,0,84.83,4.103,130.8896774,11.627,False,2012,23,6,1.2246467991473532e-16,-1.0,0.35460488704253584,-0.9350162426854147,435579.7,381763.02,425154.78250000003,21.0
38,2012-06-15,430222.07,0,85.94,4.144,130.8295333,11.627,False,2012,24,6,1.2246467991473532e-16,-1.0,0.23931566428755768,-0.970941817426052,448110.25,356797.0,429703.695,20.0
38,2012-06-22,405938.35,0,91.61,4.014,130.7929,11.627,False,2012,25,6,1.2246467991473532e-16,-1.0,0.12053668025532308,-0.992708874098054,430222.07,354078.95,434180.53500000003,19.0
38,2012-06-29,404634.36,0,90.47,3.875,130.7562667,11.627,False,2012,26,6,1.2246467991473532e-16,-1.0,-3.216245299353273e-16,-1.0,405938.35,387334.04,429962.59249999997,18.0
38,2012-07-06,471086.22,0,89.13,3.765,130.7196333,10.926,False,2012,27,7,-0.4999999999999997,-0.8660254037844388,-0.12053668025532283,-0.992708874098054,404634.36,399699.17,422226.25749999995,17.0
38,2012-07-13,416036.75,0,95.61,3.723,130.683,10.926,False,2012,28,7,-0.4999999999999997,-0.8660254037844388,-0.23931566428755743,-0.9709418174260521,471086.22,367181.71,427970.25,16.0
38,2012-07-20,441683.74,0,85.53,3.726,130.7012903,10.926,False,2012,29,7,-0.4999999999999997,-0.8660254037844388,-0.3546048870425356,-0.9350162426854148,416036.75,365562.67,424423.92000000004,15.0
38,2012-07-27,407186.47,0,93.47,3.769,130.7195806,10.926,False,2012,30,7,-0.4999999999999997,-0.8660254037844388,-0.46472317204376806,-0.8854560256532101,441683.74,355131.33,433360.26749999996,14.0
38,2012-08-03,469311.17,0,88.16,3.76,130.737871,10.926,False,2012,31,8,-0.8660254037844384,-0.5000000000000004,-0.5680647467311556,-0.8229838658936565,407186.47,437631.44,433998.29500000004,13.0
38,2012-08-10,436690.13,0,95.91,3.811,130.7561613,10.926,False,2012,32,8,-0.8660254037844384,-0.5000000000000004,-0.663122658240795,-0.7485107481711013,469311.17,387844.05,433554.5325,12.0
38,2012-08-17,411866.46,0,94.87,4.002,130.7909677,10.926,False,2012,33,8,-0.8660254037844384,-0.5000000000000004,-0.7485107481711011,-0.6631226582407952,436690.13,362224.7,438717.87749999994,11.0
38,2012-08-24,397428.22,0,85.32,4.055,130.8381613,10.926,False,2012,34,8,-0.8660254037844384,-0.5000000000000004,-0.8229838658936564,-0.5680647467311559,411866.46,365672.55,431263.5575,10.0
38,2012-08-31,424904.95,0,89.78,4.093,130.8853548,10.926,False,2012,35,8,-0.8660254037844384,-0.5000000000000004,-0.8854560256532096,-0.4647231720437691,397428.22,416953.51,428823.995,9.0
38,2012-09-07,490274.82,1,88.52,4.124,130.9325484,10.926,False,2012,36,9,-1.0,-1.8369701987210297e-16,-0.9350162426854147,-0.3546048870425359,424904.95,397771.68,417722.44,8.0
38,2012-09-14,430944.39,0,83.64,4.133,130.9776667,10.926,False,2012,37,9,-1.0,-1.8369701987210297e-16,-0.970941817426052,-0.23931566428755774,490274.82,408188.88,431118.61250000005,7.0
38,2012-09-21,409600.98,0,82.97,4.125,131.0103333,10.926,False,2012,38,9,-1.0,-1.8369701987210297e-16,-0.992708874098054,-0.12053668025532357,430944.39,394665.28,435888.09500000003,6.0
38,2012-09-28,398468.08,0,81.22,3.966,131.043,10.926,False,2012,39,9,-1.0,-1.8369701987210297e-16,-1.0,-1.8369701987210297e-16,409600.98,366819.84,438931.28500000003,5.0
38,2012-10-05,458479.01,0,81.61,3.966,131.0756667,10.199,False,2012,40,10,-0.8660254037844386,0.5000000000000001,-0.992708874098054,0.1205366802553232,398468.08,449516.29,432322.0675,4.0
38,2012-10-12,437320.66,0,71.74,4.468,131.1083333,10.199,False,2012,41,10,-0.8660254037844386,0.5000000000000001,-0.9709418174260521,0.23931566428755738,458479.01,400430.78,424373.11500000005,3.0
38,2012-10-19,428806.46,0,68.66,4.449,131.1499677,10.199,False,2012,42,10,-0.8660254037844386,0.5000000000000001,-0.9350162426854148,0.35460488704253557,437320.66,402709.17,425967.1825,2.0
38,2012-10-26,417290.38,0,65.95,4.301,131.1930968,10.199,False,2012,43,10,-0.8660254037844386,0.5000000000000001,-0.8854560256532101,0.464723172043768,428806.46,378539.17,430768.5525,1.0
39,2011-02-04,1343773.94,0,45.96,2.989,211.3333753,8.395,False,2011,5,2,0.8660254037844386,0.5000000000000001,0.5680647467311558,0.8229838658936564,1158698.44,1230596.8,1204935.9224999999,91.0
39,2011-02-11,1227893.89,1,40.34,3.022,211.6985093,8.395,False,2011,6,2,0.8660254037844386,0.5000000000000001,0.6631226582407952,0.7485107481711011,1343773.94,1266229.07,1234760.6275,90.0
39,2011-02-18,1335233.74,0,58.2,3.045,212.0063522,8.395,False,2011,7,2,0.8660254037844386,0.5000000000000001,0.7485107481711011,0.6631226582407953,1227893.89,1230591.97,1243434.2525,89.0
39,2011-02-25,1240921.19,0,67.77,3.065,212.2912786,8.395,False,2011,8,2,0.8660254037844386,0.5000000000000001,0.8229838658936564,0.5680647467311559,1335233.74,1168582.02,1266400.0025,88.0
39,2011-03-04,1316385.43,0,63.56,3.288,212.576205,8.395,False,2011,9,3,1.0,6.123233995736766e-17,0.8854560256532099,0.4647231720437686,1240921.19,1266254.21,1286955.69,87.0
39,2011-03-11,1283716.81,0,58.35,3.459,212.8611313,8.395,False,2011,10,3,1.0,6.123233995736766e-17,0.9350162426854148,0.35460488704253557,1316385.43,1244391.83,1280108.5625,86.0
39,2011-03-18,1348410.05,0,65.28,3.488,213.1096787,8.395,False,2011,11,3,1.0,6.123233995736766e-17,0.970941817426052,0.23931566428755804,1283716.81,1301590.13,1294064.2925,85.0
39,2011-03-25,1284334.79,0,71.17,3.473,213.3436744,8.395,False,2011,12,3,1.0,6.123233995736766e-17,0.992708874098054,0.120536680255323,1348410.05,1235094.66,1297358.3699999999,84.0
39,2011-04-01,1316849.36,0,66.57,3.524,213.5776701,8.3,False,2011,13,4,0.8660254037844387,-0.4999999999999998,1.0,-1.6081226496766364e-16,1284334.79,1463942.62,1308211.77,83.0
39,2011-04-08,1350646.16,0,69.45,3.622,213.8116658,8.3,False,2011,14,4,0.8660254037844387,-0.4999999999999998,0.992708874098054,-0.12053668025532288,1316849.36,1327035.27,1308327.7525,82.0
39,2011-04-15,1348031.55,0,73.19,3.743,214.026217,8.3,False,2011,15,4,0.8660254037844387,-0.4999999999999998,0.9709418174260521,-0.2393156642875575,1350646.16,1242874.98,1325060.09,81.0
39,2011-04-22,1563140.85,0,74.98,3.807,214.1921572,8.3,False,2011,16,4,0.8660254037844387,-0.4999999999999998,0.9350162426854148,-0.35460488704253545,1348031.55,1280231.85,1324965.465,80.0
39,2011-04-29,1379651.87,0,76.47,3.81,214.3580974,8.3,False,2011,17,4,0.8660254037844387,-0.4999999999999998,0.8854560256532099,-0.4647231720437685,1563140.85,1263836.59,1394666.98,79.0
39,2011-05-06,1370920.87,0,68.75,3.906,214.5240376,8.3,False,2011,18,5,0.49999999999999994,-0.8660254037844387,0.8229838658936565,-0.5680647467311557,1379651.87,1355704.21,1410367.6075,78.0
39,2011-05-13,1325022.77,0,77.39,3.899,214.6899778,8.3,False,2011,19,5,0.49999999999999994,-0.8660254037844387,0.7485107481711013,-0.663122658240795,1370920.87,1226997.7,1415436.2850000001,77.0
39,2011-05-20,1373907.21,0,73.31,3.907,214.465412,8.3,False,2011,20,5,0.49999999999999994,-0.8660254037844387,0.6631226582407952,-0.7485107481711012,1325022.77,1350673.98,1409684.09,76.0
39,2011-05-27,1406124.14,0,82.1,3.786,214.2408462,8.3,False,2011,21,5,0.49999999999999994,-0.8660254037844387,0.5680647467311558,-0.8229838658936564,1373907.21,1365541.59,1362375.6800000002,75.0
39,2011-06-03,1541745.59,0,83.59,3.699,214.0162805,8.3,False,2011,22,6,1.2246467991473532e-16,-1.0,0.46472317204376906,-0.8854560256532096,1406124.14,1512207.95,1368993.7475,74.0
39,2011-06-10,1442092.08,0,82.75,3.648,213.7917147,8.3,False,2011,23,6,1.2246467991473532e-16,-1.0,0.35460488704253584,-0.9350162426854147,1541745.59,1371405.33,1411699.9275,73.0
39,2011-06-17,1451392.67,0,85.21,3.637,213.7481256,8.3,False,2011,24,6,1.2246467991473532e-16,-1.0,0.23931566428755768,-0.970941817426052,1442092.08,1368312.45,1440967.255,72.0
39,2011-06-24,1363167.95,0,84.06,3.594,213.8402689,8.3,False,2011,25,6,1.2246467991473532e-16,-1.0,0.12053668025532308,-0.992708874098054,1451392.67,1280414.8,1460338.62,71.0
39,2011-07-01,1429829.36,0,84.93,3.524,213.9324122,8.177,False,2011,26,7,-0.4999999999999997,-0.8660254037844388,-3.216245299353273e-16,-1.0,1363167.95,1352547.7,1449599.5725,70.0
39,2011-07-08,1414564.53,0,84.33,3.48,214.0245556,8.177,False,2011,27,7,-0.4999999999999997,-0.8660254037844388,-0.12053668025532283,-0.992708874098054,1429829.36,1330473.47,1421620.5150000001,69.0
39,2011-07-15,1380257.12,0,85.96,3.575,214.1083654,8.177,False,2011,28,7,-0.4999999999999997,-0.8660254037844388,-0.23931566428755743,-0.9709418174260521,1414564.53,1339811.68,1414738.6275,68.0
39,2011-07-22,1416005.59,0,84.6,3.651,214.1713416,8.177,False,2011,29,7,-0.4999999999999997,-0.8660254037844388,-0.3546048870425356,-0.9350162426854148,1380257.12,1314651.83,1396954.74,67.0
39,2011-07-29,1426418.53,0,86.24,3.682,214.2343177,8.177,False,2011,30,7,-0.4999999999999997,-0.8660254037844388,-0.46472317204376806,-0.8854560256532101,1416005.59,1308222.24,1410164.15,66.0
39,2011-08-05,1518790.89,0,87.73,3.684,214.2972939,8.177,False,2011,31,8,-0.8660254037844384,-0.5000000000000004,-0.5680647467311556,-0.8229838658936565,1426418.53,1409989.67,1409311.4425000001,65.0
39,2011-08-12,1514055.97,0,88.27,3.638,214.3602701,8.177,False,2011,32,8,-0.8660254037844384,-0.5000000000000004,-0.663122658240795,-0.7485107481711013,1518790.89,1371465.66,1435368.0325000002,64.0
39,2011-08-19,1629066.9,0,87.93,3.554,214.4239935,8.177,False,2011,33,8,-0.8660254037844384,-0.5000000000000004,-0.7485107481711011,-0.6631226582407952,1514055.97,1471816.52,1468817.745,63.0
39,2011-08-26,1573898.63,0,86.49,3.523,214.4878416,8.177,False,2011,34,8,-0.8660254037844384,-0.5000000000000004,-0.8229838658936564,-0.5680647467311559,1629066.9,1417515.93,1522083.0725,62.0
39,2011-09-02,1465089.85,0,88.65,3.533,214.5516896,8.177,False,2011,35,9,-1.0,-1.8369701987210297e-16,-0.8854560256532096,-0.4647231720437691,1573898.63,1345167.61,1558953.0975,61.0
39,2011-09-09,1429345.86,1,79.15,3.546,214.6155376,8.177,False,2011,36,9,-1.0,-1.8369701987210297e-16,-0.9350162426854147,-0.3546048870425359,1465089.85,1279666.47,1545527.8375000001,60.0
39,2011-09-16,1372500.63,0,83.11,3.526,214.7934111,8.177,False,2011,37,9,-1.0,-1.8369701987210297e-16,-0.970941817426052,-0.23931566428755774,1429345.86,1252915.43,1524350.31,59.0
39,2011-09-23,1338657.95,0,78.75,3.467,215.1233185,8.177,False,2011,38,9,-1.0,-1.8369701987210297e-16,-0.992708874098054,-0.12053668025532357,1372500.63,1199449.54,1460208.7425000002,58.0
39,2011-09-30,1311775.83,0,81.51,3.355,215.4532259,8.177,False,2011,39,9,-1.0,-1.8369701987210297e-16,-1.0,-1.8369701987210297e-16,1338657.95,1219583.91,1401398.5725,57.0
39,2011-10-07,1443884.39,0,71.68,3.285,215.7831333,7.716,False,2011,40,10,-0.8660254037844386,0.5000000000000001,-0.992708874098054,0.1205366802553232,1311775.83,1286598.59,1363070.0675,56.0
39,2011-10-14,1384721.84,0,73.79,3.274,216.0885258,7.716,False,2011,41,10,-0.8660254037844386,0.5000000000000001,-0.9709418174260521,0.23931566428755738,1443884.39,1238742.0,1366704.7,55.0
39,2011-10-21,1465283.29,0,67.65,3.353,216.2468287,7.716,False,2011,42,10,-0.8660254037844386,0.5000000000000001,-0.9350162426854148,0.35460488704253557,1384721.84,1261109.01,1369760.0025,54.0
39,2011-10-28,1472663.1,0,71.05,3.372,216.4051315,7.716,False,2011,43,10,-0.8660254037844386,0.5000000000000001,-0.8854560256532101,0.464723172043768,1465283.29,1294769.08,1401416.3375,53.0
39,2011-11-04,1553629.59,0,58.04,3.332,216.5634344,7.716,False,2011,44,11,-0.5000000000000004,0.8660254037844384,-0.822983865893657,0.5680647467311548,1472663.1,1293707.19,1441638.155,52.0
39,2011-11-11,1456957.38,0,63.11,3.297,216.7217373,7.716,False,2011,45,11,-0.5000000000000004,0.8660254037844384,-0.7485107481711011,0.6631226582407952,1553629.59,1291398.71,1469074.455,51.0
39,2011-11-18,1510397.27,0,66.09,3.308,216.9395861,7.716,False,2011,46,11,-0.5000000000000004,0.8660254037844384,-0.6631226582407955,0.7485107481711007,1456957.38,1370659.54,1487133.34,50.0
39,2011-11-25,2338832.4,1,66.36,3.236,217.1812533,7.716,True,2011,47,11,-0.5000000000000004,0.8660254037844384,-0.5680647467311559,0.8229838658936564,1510397.27,2149355.2,1498411.835,49.0
39,2011-12-02,1632894.58,0,53.14,3.172,217.4229206,7.716,False,2011,48,12,-2.4492935982947064e-16,1.0,-0.4647231720437684,0.88545602565321,2338832.4,1431910.98,1714954.16,48.0
39,2011-12-09,1781528.77,0,49.36,3.158,217.6645878,7.716,False,2011,49,12,-2.4492935982947064e-16,1.0,-0.35460488704253595,0.9350162426854147,1632894.58,1630564.48,1734770.4075,47.0
39,2011-12-16,1991824.05,0,58.58,3.159,217.8781339,7.716,True,2011,50,12,-2.4492935982947064e-16,1.0,-0.2393156642875578,0.970941817426052,1781528.77,1842172.46,1815913.255,46.0
39,2011-12-23,2554482.84,0,54.62,3.112,218.0541851,7.716,True,2011,51,12,-2.4492935982947064e-16,1.0,-0.12053668025532363,0.992708874098054,1991824.05,2495489.25,1936269.9500000002,45.0
39,2011-12-30,1537139.56,1,47.6,3.129,218.2302364,7.716,False,2011,52,12,-2.4492935982947064e-16,1.0,6.432490598706546e-16,1.0,2554482.84,1230012.16,1990182.56,44.0
39,2012-01-06,1478537.93,0,55.83,3.157,218.4062876,7.244,False,2012,1,1,0.49999999999999994,0.8660254037844387,0.12053668025532305,0.992708874098054,1537139.56,1224475.12,1966243.8050000002,43.0
39,2012-01-13,1369125.37,0,54.66,3.261,218.5823389,7.244,False,2012,2,1,0.49999999999999994,0.8660254037844387,0.23931566428755774,0.970941817426052,1478537.93,1193199.39,1890496.0950000002,42.0
39,2012-01-20,1394841.03,0,58.04,3.268,218.6755292,7.244,False,2012,3,1,0.49999999999999994,0.8660254037844387,0.3546048870425356,0.9350162426854148,1369125.37,1243370.74,1734821.425,41.0
39,2012-01-27,1320301.61,0,60.65,3.29,218.7687195,7.244,False,2012,4,1,0.49999999999999994,0.8660254037844387,0.4647231720437685,0.8854560256532099,1394841.03,1158698.44,1444910.9725000001,40.0
39,2012-02-03,1396150.15,0,60.69,3.36,218.8619099,7.244,False,2012,5,2,0.8660254037844386,0.5000000000000001,0.5680647467311558,0.8229838658936564,1320301.61,1343773.94,1390701.4849999999,39.0
39,2012-02-10,1442988.44,1,52.89,3.409,218.9551002,7.244,False,2012,6,2,0.8660254037844386,0.5000000000000001,0.6631226582407952,0.7485107481711011,1396150.15,1227893.89,1370104.54,38.0
39,2012-02-17,1511041.69,0,52.75,3.51,219.1148297,7.244,False,2012,7,2,0.8660254037844386,0.5000000000000001,0.7485107481711011,0.6631226582407953,1442988.44,1335233.74,1388570.3074999999,37.0
39,2012-02-24,1412065.04,0,61.1,3.555,219.3244636,7.244,False,2012,8,2,0.8660254037844386,0.5000000000000001,0.8229838658936564,0.5680647467311559,1511041.69,1240921.19,1417620.4725,36.0
39,2012-03-02,1453047.02,0,64.05,3.63,219.5340975,7.244,False,2012,9,3,1.0,6.123233995736766e-17,0.8854560256532099,0.4647231720437686,1412065.04,1316385.43,1440561.3299999998,35.0
39,2012-03-09,1470764.35,0,61.64,3.669,219.7437314,7.244,False,2012,10,3,1.0,6.123233995736766e-17,0.9350162426854148,0.35460488704253557,1453047.02,1283716.81,1454785.5475,34.0
39,2012-03-16,1522421.07,0,65.81,3.734,219.8956335,7.244,False,2012,11,3,1.0,6.123233995736766e-17,0.970941817426052,0.23931566428755804,1470764.35,1348410.05,1461729.525,33.0
39,2012-03-23,1469593.37,0,67.91,3.787,219.9705599,7.244,False,2012,12,3,1.0,6.123233995736766e-17,0.992708874098054,0.120536680255323,1522421.07,1284334.79,1464574.37,32.0
39,2012-03-30,1499727.02,0,69.11,3.845,220.0454862,7.244,False,2012,13,3,1.0,6.123233995736766e-17,1.0,-1.6081226496766364e-16,1469593.37,1316849.36,1478956.4525000001,31.0
39,2012-04-06,1764847.94,0,73.49,3.891,220.1204125,6.989,False,2012,14,4,0.8660254037844387,-0.4999999999999998,0.992708874098054,-0.12053668025532288,1499727.02,1350646.16,1490626.4525000001,30.0
39,2012-04-13,1580732.73,0,71.59,3.891,220.1953389,6.989,False,2012,15,4,0.8660254037844387,-0.4999999999999998,0.9709418174260521,-0.2393156642875575,1764847.94,1348031.55,1564147.35,29.0
39,2012-04-20,1433391.04,0,70.04,3.877,220.2483937,6.989,False,2012,16,4,0.8660254037844387,-0.4999999999999998,0.9350162426854148,-0.35460488704253545,1580732.73,1563140.85,1578725.2650000001,28.0
39,2012-04-27,1456997.2,0,69.11,3.814,220.3014485,6.989,False,2012,17,4,0.8660254037844387,-0.4999999999999998,0.8854560256532099,-0.4647231720437685,1433391.04,1379651.87,1569674.6825,27.0
39,2012-05-04,1512227.34,0,77.15,3.749,220.3545033,6.989,False,2012,18,5,0.49999999999999994,-0.8660254037844387,0.8229838658936565,-0.5680647467311557,1456997.2,1370920.87,1558992.2275,26.0
39,2012-05-11,1470792.41,0,75.52,3.688,220.4075581,6.989,False,2012,19,5,0.49999999999999994,-0.8660254037844387,0.7485107481711013,-0.663122658240795,1512227.34,1325022.77,1495837.0775000001,25.0
39,2012-05-18,1522978.54,0,72.36,3.63,220.4252149,6.989,False,2012,20,5,0.49999999999999994,-0.8660254037844387,0.6631226582407952,-0.7485107481711012,1470792.41,1373907.21,1468351.9974999998,24.0
39,2012-05-25,1596036.66,0,78.31,3.561,220.4287124,6.989,False,2012,21,5,0.49999999999999994,-0.8660254037844387,0.5680647467311558,-0.8229838658936564,1522978.54,1406124.14,1490748.8724999998,23.0
39,2012-06-01,1640476.77,0,80.33,3.501,220.4322099,6.989,False,2012,22,6,1.2246467991473532e-16,-1.0,0.46472317204376906,-0.8854560256532096,1596036.66,1541745.59,1525508.7375,22.0
39,2012-06-08,1623442.24,0,81.12,3.452,220.4357073,6.989,False,2012,23,6,1.2246467991473532e-16,-1.0,0.35460488704253584,-0.9350162426854147,1640476.77,1442092.08,1557571.0949999997,21.0
39,2012-06-15,1587499.82,0,81.33,3.393,220.4494148,6.989,False,2012,24,6,1.2246467991473532e-16,-1.0,0.23931566428755768,-0.970941817426052,1623442.24,1451392.67,1595733.5525,20.0
39,2012-06-22,1532316.79,0,79.84,3.346,220.4886472,6.989,False,2012,25,6,1.2246467991473532e-16,-1.0,0.12053668025532308,-0.992708874098054,1587499.82,1363167.95,1611863.8725,19.0
39,2012-06-29,1492388.98,0,85.72,3.286,220.5278796,6.989,False,2012,26,6,1.2246467991473532e-16,-1.0,-3.216245299353273e-16,-1.0,1532316.79,1429829.36,1595933.905,18.0
39,2012-07-06,1659221.99,0,81.05,3.227,220.567112,6.623,False,2012,27,7,-0.4999999999999997,-0.8660254037844388,-0.12053668025532283,-0.992708874098054,1492388.98,1414564.53,1558911.9575,17.0
39,2012-07-13,1471261.76,0,78.16,3.256,220.6063444,6.623,False,2012,28,7,-0.4999999999999997,-0.8660254037844388,-0.23931566428755743,-0.9709418174260521,1659221.99,1380257.12,1567856.895,16.0
39,2012-07-20,1582168.27,0,80.32,3.311,220.6148749,6.623,False,2012,29,7,-0.4999999999999997,-0.8660254037844388,-0.3546048870425356,-0.9350162426854148,1471261.76,1416005.59,1538797.38,15.0
39,2012-07-27,1487797.54,0,82.89,3.407,220.6234054,6.623,False,2012,30,7,-0.4999999999999997,-0.8660254037844388,-0.46472317204376806,-0.8854560256532101,1582168.27,1426418.53,1551260.25,14.0
39,2012-08-03,1608277.74,0,84.05,3.417,220.6319358,6.623,False,2012,31,8,-0.8660254037844384,-0.5000000000000004,-0.5680647467311556,-0.8229838658936565,1487797.54,1518790.89,1550112.39,13.0
39,2012-08-10,1641867.92,0,83.47,3.494,220.6404663,6.623,False,2012,32,8,-0.8660254037844384,-0.5000000000000004,-0.663122658240795,-0.7485107481711013,1608277.74,1514055.97,1537376.3275000001,12.0
39,2012-08-17,1720221.91,0,84.72,3.571,220.7199609,6.623,False,2012,33,8,-0.8660254037844384,-0.5000000000000004,-0.7485107481711011,-0.6631226582407952,1641867.92,1629066.9,1580027.8675000002,11.0
39,2012-08-24,1724669.75,0,80.49,3.62,220.8526787,6.623,False,2012,34,8,-0.8660254037844384,-0.5000000000000004,-0.8229838658936564,-0.5680647467311559,1720221.91,1573898.63,1614541.2774999999,10.0
39,2012-08-31,1710923.94,0,83.72,3.638,220.9853964,6.623,False,2012,35,8,-0.8660254037844384,-0.5000000000000004,-0.8854560256532096,-0.4647231720437691,1724669.75,1465089.85,1673759.33,9.0
39,2012-09-07,1609811.75,1,83.71,3.73,221.1181142,6.623,False,2012,36,9,-1.0,-1.8369701987210297e-16,-0.9350162426854147,-0.3546048870425359,1710923.94,1429345.86,1699420.88,8.0
39,2012-09-14,1447614.08,0,76.71,3.717,221.2601207,6.623,False,2012,37,9,-1.0,-1.8369701987210297e-16,-0.970941817426052,-0.23931566428755774,1609811.75,1372500.63,1691406.8375,7.0
39,2012-09-21,1555672.51,0,73.58,3.721,221.4578604,6.623,False,2012,38,9,-1.0,-1.8369701987210297e-16,-0.992708874098054,-0.12053668025532357,1447614.08,1338657.95,1623254.88,6.0
39,2012-09-28,1495607.07,0,78.04,3.666,221.6556,6.623,False,2012,39,9,-1.0,-1.8369701987210297e-16,-1.0,-1.8369701987210297e-16,1555672.51,1311775.83,1581005.5699999998,5.0
39,2012-10-05,1574408.67,0,72.05,3.617,221.8533396,6.228,False,2012,40,10,-0.8660254037844386,0.5000000000000001,-0.992708874098054,0.1205366802553232,1495607.07,1443884.39,1527176.3525,4.0
39,2012-10-12,1494417.07,0,69.88,3.601,222.0510793,6.228,False,2012,41,10,-0.8660254037844386,0.5000000000000001,-0.9709418174260521,0.23931566428755738,1574408.67,1384721.84,1518325.5825,3.0
39,2012-10-19,1577486.33,0,71.45,3.594,222.0951719,6.228,False,2012,42,10,-0.8660254037844386,0.5000000000000001,-0.9350162426854148,0.35460488704253557,1494417.07,1465283.29,1530026.33,2.0
39,2012-10-26,1569502.0,0,72.9,3.506,222.1136566,6.228,False,2012,43,10,-0.8660254037844386,0.5000000000000001,-0.8854560256532101,0.464723172043768,1577486.33,1472663.1,1535479.7850000001,1.0
40,2011-02-04,904261.65,0,13.29,3.24,133.1834194,5.114,False,2011,5,2,0.8660254037844386,0.5000000000000001,0.5680647467311558,0.8229838658936564,775910.43,1001943.8,801380.2474999999,91.0
40,2011-02-11,931939.52,1,16.87,3.255,133.260871,5.114,False,2011,6,2,0.8660254037844386,0.5000000000000001,0.6631226582407952,0.7485107481711011,904261.65,955338.29,803875.6124999999,90.0
40,2011-02-18,968694.45,0,21.82,3.263,133.3701429,5.114,False,2011,7,2,0.8660254037844386,0.5000000000000001,0.7485107481711011,0.6631226582407953,931939.52,916289.2,844031.5875,89.0
40,2011-02-25,888869.27,0,16.5,3.281,133.4921429,5.114,False,2011,8,2,0.8660254037844386,0.5000000000000001,0.8229838658936564,0.5680647467311559,968694.45,863917.41,895201.5125000001,88.0
40,2011-03-04,977070.62,0,18.49,3.437,133.6141429,5.114,False,2011,9,3,1.0,6.123233995736766e-17,0.8854560256532099,0.4647231720437686,888869.27,990152.28,923441.2225,87.0
40,2011-03-11,860255.58,0,30.53,3.6,133.7361429,5.114,False,2011,10,3,1.0,6.123233995736766e-17,0.9350162426854148,0.35460488704253557,977070.62,899352.4,941643.4650000001,86.0
40,2011-03-18,871024.26,0,35.76,3.634,133.8492258,5.114,False,2011,11,3,1.0,6.123233995736766e-17,0.970941817426052,0.23931566428755804,860255.58,894865.3,923722.48,85.0
40,2011-03-25,834621.39,0,28.89,3.624,133.9587419,5.114,False,2011,12,3,1.0,6.123233995736766e-17,0.992708874098054,0.120536680255323,871024.26,873354.58,899304.9325,84.0
40,2011-04-01,841889.08,0,28.6,3.638,134.0682581,4.781,False,2011,13,4,0.8660254037844387,-0.4999999999999998,1.0,-1.6081226496766364e-16,834621.39,1041202.13,885742.9624999999,83.0
40,2011-04-08,947753.32,0,34.77,3.72,134.1777742,4.781,False,2011,14,4,0.8660254037844387,-0.4999999999999998,0.992708874098054,-0.12053668025532288,841889.08,919839.19,851947.5774999999,82.0
40,2011-04-15,874446.32,0,43.69,3.823,134.2784667,4.781,False,2011,15,4,0.8660254037844387,-0.4999999999999998,0.9709418174260521,-0.2393156642875575,947753.32,882636.96,873822.0125,81.0
40,2011-04-22,965056.4,0,39.32,3.919,134.3571,4.781,False,2011,16,4,0.8660254037844387,-0.4999999999999998,0.9350162426854148,-0.35460488704253545,874446.32,844958.49,874677.5275,80.0
40,2011-04-29,847246.5,0,52.68,3.988,134.4357333,4.781,False,2011,17,4,0.8660254037844387,-0.4999999999999998,0.8854560256532099,-0.4647231720437685,965056.4,816838.31,907286.2799999999,79.0
40,2011-05-06,1016752.55,0,50.81,4.078,134.5143667,4.781,False,2011,18,5,0.49999999999999994,-0.8660254037844387,0.8229838658936565,-0.5680647467311557,847246.5,1009797.06,908625.635,78.0
40,2011-05-13,903864.02,0,54.09,4.095,134.593,4.781,False,2011,19,5,0.49999999999999994,-0.8660254037844387,0.7485107481711013,-0.663122658240795,1016752.55,907262.47,925875.4424999999,77.0
40,2011-05-20,907110.83,0,56.38,4.101,134.6803871,4.781,False,2011,20,5,0.49999999999999994,-0.8660254037844387,0.6631226582407952,-0.7485107481711012,903864.02,885613.91,933229.8674999999,76.0
40,2011-05-27,972373.81,0,63.11,4.034,134.7677742,4.781,False,2011,21,5,0.49999999999999994,-0.8660254037844387,0.5680647467311558,-0.8229838658936564,907110.83,1008483.07,918743.475,75.0
40,2011-06-03,1075687.74,0,66.16,3.973,134.8551613,4.781,False,2011,22,6,1.2246467991473532e-16,-1.0,0.46472317204376906,-0.8854560256532096,972373.81,1052429.03,950025.3025,74.0
40,2011-06-10,984336.04,0,64.19,3.924,134.9425484,4.781,False,2011,23,6,1.2246467991473532e-16,-1.0,0.35460488704253584,-0.9350162426854147,1075687.74,1007574.67,964759.1000000001,73.0
40,2011-06-17,971422.67,0,59.16,3.873,135.0837333,4.781,False,2011,24,6,1.2246467991473532e-16,-1.0,0.23931566428755768,-0.970941817426052,984336.04,973105.3,984877.105,72.0
40,2011-06-24,977103.64,0,62.59,3.851,135.2652667,4.781,False,2011,25,6,1.2246467991473532e-16,-1.0,0.12053668025532308,-0.992708874098054,971422.67,940405.03,1000955.0650000001,71.0
40,2011-07-01,1048866.3,0,65.25,3.815,135.4468,4.584,False,2011,26,7,-0.4999999999999997,-0.8660254037844388,-3.216245299353273e-16,-1.0,977103.64,1087578.78,1002137.5225000001,70.0
40,2011-07-08,1107366.06,0,67.86,3.784,135.6283333,4.584,False,2011,27,7,-0.4999999999999997,-0.8660254037844388,-0.12053668025532283,-0.992708874098054,1048866.3,1058250.91,995432.1625000001,69.0
40,2011-07-15,953252.14,0,68.9,3.827,135.7837419,4.584,False,2011,28,7,-0.4999999999999997,-0.8660254037844388,-0.23931566428755743,-0.9709418174260521,1107366.06,959229.09,1026189.6675,68.0
40,2011-07-22,980642.1,0,73.34,3.882,135.8738387,4.584,False,2011,29,7,-0.4999999999999997,-0.8660254037844388,-0.3546048870425356,-0.9350162426854148,953252.14,922341.82,1021647.035,67.0
40,2011-07-29,929096.9,0,67.45,3.898,135.9639355,4.584,False,2011,30,7,-0.4999999999999997,-0.8660254037844388,-0.46472317204376806,-0.8854560256532101,980642.1,953393.02,1022531.65,66.0
40,2011-08-05,1063818.2,0,68.1,3.903,136.0540323,4.584,False,2011,31,8,-0.8660254037844384,-0.5000000000000004,-0.5680647467311556,-0.8229838658936565,929096.9,1057295.87,992589.2999999999,65.0
40,2011-08-12,955506.95,0,68.3,3.88,136.144129,4.584,False,2011,32,8,-0.8660254037844384,-0.5000000000000004,-0.663122658240795,-0.7485107481711013,1063818.2,924011.76,981702.335,64.0
40,2011-08-19,943237.12,0,64.05,3.82,136.183129,4.584,False,2011,33,8,-0.8660254037844384,-0.5000000000000004,-0.7485107481711011,-0.6631226582407952,955506.95,932397.0,982266.0375000001,63.0
40,2011-08-26,969611.3,0,65.01,3.796,136.2136129,4.584,False,2011,34,8,-0.8660254037844384,-0.5000000000000004,-0.8229838658936564,-0.5680647467311559,943237.12,922328.02,972914.7925,62.0
40,2011-09-02,957298.26,0,63.79,3.784,136.2440968,4.584,False,2011,35,9,-1.0,-1.8369701987210297e-16,-0.8854560256532096,-0.4647231720437691,969611.3,976453.34,983043.3925000001,61.0
40,2011-09-09,1021391.99,1,64.83,3.809,136.2745806,4.584,False,2011,36,9,-1.0,-1.8369701987210297e-16,-0.9350162426854147,-0.3546048870425359,957298.26,967310.82,956413.4075,60.0
40,2011-09-16,890661.79,0,58.28,3.809,136.3145,4.584,False,2011,37,9,-1.0,-1.8369701987210297e-16,-0.970941817426052,-0.23931566428755774,1021391.99,855046.95,972884.6675,59.0
40,2011-09-23,876583.98,0,54.09,3.758,136.367,4.584,False,2011,38,9,-1.0,-1.8369701987210297e-16,-0.992708874098054,-0.12053668025532357,890661.79,844373.31,959740.8350000001,58.0
40,2011-09-30,912857.1,0,63.45,3.684,136.4195,4.584,False,2011,39,9,-1.0,-1.8369701987210297e-16,-1.0,-1.8369701987210297e-16,876583.98,891152.33,936484.005,57.0
40,2011-10-07,1070389.98,0,50.21,3.633,136.472,4.42,False,2011,40,10,-0.8660254037844386,0.5000000000000001,-0.992708874098054,0.1205366802553232,912857.1,972405.38,925373.7150000001,56.0
40,2011-10-14,936751.68,0,53.9,3.583,136.5150968,4.42,False,2011,41,10,-0.8660254037844386,0.5000000000000001,-0.9709418174260521,0.23931566428755738,1070389.98,917883.17,937623.2124999999,55.0
40,2011-10-21,942319.65,0,51.61,3.618,136.5017742,4.42,False,2011,42,10,-0.8660254037844386,0.5000000000000001,-0.9350162426854148,0.35460488704253557,936751.68,882180.91,949145.6849999999,54.0
40,2011-10-28,941675.95,0,42.09,3.604,136.4884516,4.42,False,2011,43,10,-0.8660254037844386,0.5000000000000001,-0.8854560256532101,0.464723172043768,942319.65,875038.84,965579.6025,53.0
40,2011-11-04,1011321.18,0,35.4,3.586,136.475129,4.42,False,2011,44,11,-0.5000000000000004,0.8660254037844384,-0.822983865893657,0.5680647467311548,941675.95,968270.66,972784.3150000001,52.0
40,2011-11-11,1037687.07,0,40.75,3.57,136.4618065,4.42,False,2011,45,11,-0.5000000000000004,0.8660254037844384,-0.7485107481711011,0.6631226582407952,1011321.18,935481.32,958017.1150000001,51.0
40,2011-11-18,905399.99,0,41.85,3.571,136.4666667,4.42,False,2011,46,11,-0.5000000000000004,0.8660254037844384,-0.6631226582407955,0.7485107481711007,1037687.07,852452.93,983250.9625,50.0
40,2011-11-25,1230011.95,1,32.76,3.536,136.4788,4.42,True,2011,47,11,-0.5000000000000004,0.8660254037844384,-0.5680647467311559,0.8229838658936564,905399.99,1166142.85,974021.0475000001,49.0
40,2011-12-02,1059676.62,0,38.51,3.501,136.4909333,4.42,False,2011,48,12,-2.4492935982947064e-16,1.0,-0.4647231720437684,0.88545602565321,1230011.95,1000582.06,1046105.0475,48.0
40,2011-12-09,1158708.98,0,34.48,3.47,136.5030667,4.42,True,2011,49,12,-2.4492935982947064e-16,1.0,-0.35460488704253595,0.9350162426854147,1059676.62,1111215.72,1058193.9075,47.0
40,2011-12-16,1198670.19,0,29.53,3.445,136.5335161,4.42,True,2011,50,12,-2.4492935982947064e-16,1.0,-0.2393156642875578,0.970941817426052,1158708.98,1179036.3,1088449.385,46.0
40,2011-12-23,1601585.7,0,24.46,3.413,136.5883871,4.42,True,2011,51,12,-2.4492935982947064e-16,1.0,-0.12053668025532363,0.992708874098054,1198670.19,1648829.18,1161766.935,45.0
40,2011-12-30,908853.15,1,18.75,3.402,136.6432581,4.42,False,2011,52,12,-2.4492935982947064e-16,1.0,6.432490598706546e-16,1.0,1601585.7,811318.3,1254660.3725,44.0
40,2012-01-06,954576.86,0,23.29,3.439,136.698129,4.261,False,2012,1,1,0.49999999999999994,0.8660254037844387,0.12053668025532305,0.992708874098054,908853.15,894280.19,1216954.505,43.0
40,2012-01-13,780607.52,0,25.9,3.523,136.753,4.261,False,2012,2,1,0.49999999999999994,0.8660254037844387,0.23931566428755774,0.970941817426052,954576.86,771315.62,1165921.475,42.0
40,2012-01-20,811365.42,0,14.02,3.542,136.8564194,4.261,False,2012,3,1,0.49999999999999994,0.8660254037844387,0.3546048870425356,0.9350162426854148,780607.52,764014.75,1061405.8075,41.0
40,2012-01-27,770157.29,0,22.91,3.568,136.9598387,4.261,False,2012,4,1,0.49999999999999994,0.8660254037844387,0.4647231720437685,0.8854560256532099,811365.42,775910.43,863850.7374999999,40.0
40,2012-02-03,979552.34,0,27.86,3.633,137.0632581,4.261,False,2012,5,2,0.8660254037844386,0.5000000000000001,0.5680647467311558,0.8229838658936564,770157.29,904261.65,829176.7725,39.0
40,2012-02-10,999785.48,1,23.92,3.655,137.1666774,4.261,False,2012,6,2,0.8660254037844386,0.5000000000000001,0.6631226582407952,0.7485107481711011,979552.34,931939.52,835420.6425000001,38.0
40,2012-02-17,975500.87,0,25.56,3.703,137.2583103,4.261,False,2012,7,2,0.8660254037844386,0.5000000000000001,0.7485107481711011,0.6631226582407953,999785.48,968694.45,890215.1325000001,37.0
40,2012-02-24,919301.81,0,29.88,3.751,137.3411034,4.261,False,2012,8,2,0.8660254037844386,0.5000000000000001,0.8229838658936564,0.5680647467311559,975500.87,888869.27,931248.995,36.0
40,2012-03-02,927732.02,0,23.79,3.827,137.4238966,4.261,False,2012,9,3,1.0,6.123233995736766e-17,0.8854560256532099,0.4647231720437686,919301.81,977070.62,968535.125,35.0
40,2012-03-09,954233.87,0,30.58,3.876,137.5066897,4.261,False,2012,10,3,1.0,6.123233995736766e-17,0.9350162426854148,0.35460488704253557,927732.02,860255.58,955580.045,34.0
40,2012-03-16,891154.18,0,37.13,3.867,137.5843871,4.261,False,2012,11,3,1.0,6.123233995736766e-17,0.970941817426052,0.23931566428755804,954233.87,871024.26,944192.1425000001,33.0
40,2012-03-23,844490.86,0,52.27,3.889,137.6552903,4.261,False,2012,12,3,1.0,6.123233995736766e-17,0.992708874098054,0.120536680255323,891154.18,834621.39,923105.4700000001,32.0
40,2012-03-30,871945.64,0,36.25,3.921,137.7261935,4.261,False,2012,13,3,1.0,6.123233995736766e-17,1.0,-1.6081226496766364e-16,844490.86,841889.08,904402.7325,31.0
40,2012-04-06,1132064.23,0,36.54,3.957,137.7970968,4.125,False,2012,14,4,0.8660254037844387,-0.4999999999999998,0.992708874098054,-0.12053668025532288,871945.64,947753.32,890456.1375000001,30.0
40,2012-04-13,857811.17,0,40.65,4.025,137.868,4.125,False,2012,15,4,0.8660254037844387,-0.4999999999999998,0.9709418174260521,-0.2393156642875575,1132064.23,874446.32,934913.7275,29.0
40,2012-04-20,896979.93,0,55.3,4.046,137.9230667,4.125,False,2012,16,4,0.8660254037844387,-0.4999999999999998,0.9350162426854148,-0.35460488704253545,857811.17,965056.4,926577.975,28.0
40,2012-04-27,875372.91,0,47.51,4.023,137.9781333,4.125,False,2012,17,4,0.8660254037844387,-0.4999999999999998,0.8854560256532099,-0.4647231720437685,896979.93,847246.5,939700.2425,27.0
40,2012-05-04,993311.59,0,44.47,3.991,138.0332,4.125,False,2012,18,5,0.49999999999999994,-0.8660254037844387,0.8229838658936565,-0.5680647467311557,875372.91,1016752.55,940557.06,26.0
40,2012-05-11,967729.35,0,52.06,3.947,138.0882667,4.125,False,2012,19,5,0.49999999999999994,-0.8660254037844387,0.7485107481711013,-0.663122658240795,993311.59,903864.02,905868.9,25.0
40,2012-05-18,896295.41,0,57.59,3.899,138.1065806,4.125,False,2012,20,5,0.49999999999999994,-0.8660254037844387,0.6631226582407952,-0.7485107481711012,967729.35,907110.83,933348.4450000001,24.0
40,2012-05-25,991054.49,0,65.25,3.85,138.1101935,4.125,False,2012,21,5,0.49999999999999994,-0.8660254037844387,0.5680647467311558,-0.8229838658936564,896295.41,972373.81,933177.315,23.0
40,2012-06-01,1037464.27,0,64.75,3.798,138.1138065,4.125,False,2012,22,6,1.2246467991473532e-16,-1.0,0.46472317204376906,-0.8854560256532096,991054.49,1075687.74,962097.71,22.0
40,2012-06-08,1079386.88,0,55.78,3.746,138.1174194,4.125,False,2012,23,6,1.2246467991473532e-16,-1.0,0.35460488704253584,-0.9350162426854147,1037464.27,984336.04,973135.88,21.0
40,2012-06-15,977950.28,0,63.39,3.683,138.1295333,4.125,False,2012,24,6,1.2246467991473532e-16,-1.0,0.23931566428755768,-0.970941817426052,1079386.88,971422.67,1001050.2625,20.0
40,2012-06-22,1033552.18,0,69.32,3.629,138.1629,4.125,False,2012,25,6,1.2246467991473532e-16,-1.0,0.12053668025532308,-0.992708874098054,977950.28,977103.64,1021463.98,19.0
40,2012-06-29,988764.84,0,64.42,3.577,138.1962667,4.125,False,2012,26,6,1.2246467991473532e-16,-1.0,-3.216245299353273e-16,-1.0,1033552.18,1048866.3,1032088.4025,18.0
40,2012-07-06,1182901.56,0,69.08,3.538,138.2296333,4.156,True,2012,27,7,-0.4999999999999997,-0.8660254037844388,-0.12053668025532283,-0.992708874098054,988764.84,1107366.06,1019913.5449999999,17.0
40,2012-07-13,979848.71,0,67.48,3.561,138.263,4.156,False,2012,28,7,-0.4999999999999997,-0.8660254037844388,-0.23931566428755743,-0.9709418174260521,1182901.56,953252.14,1045792.2150000001,16.0
40,2012-07-20,968502.38,0,70.45,3.61,138.2331935,4.156,False,2012,29,7,-0.4999999999999997,-0.8660254037844388,-0.3546048870425356,-0.9350162426854148,979848.71,980642.1,1046266.8225,15.0
40,2012-07-27,954396.85,0,67.88,3.701,138.2033871,4.156,False,2012,30,7,-0.4999999999999997,-0.8660254037844388,-0.46472317204376806,-0.8854560256532101,968502.38,929096.9,1030004.3725,14.0
40,2012-08-03,1068346.76,0,70.15,3.698,138.1735806,4.156,False,2012,31,8,-0.8660254037844384,-0.5000000000000004,-0.5680647467311556,-0.8229838658936565,954396.85,1063818.2,1021412.375,13.0
40,2012-08-10,1007906.43,0,70.09,3.772,138.1437742,4.156,False,2012,32,8,-0.8660254037844384,-0.5000000000000004,-0.663122658240795,-0.7485107481711013,1068346.76,955506.95,992773.6749999999,12.0
40,2012-08-17,969387.48,0,69.41,3.84,138.1857097,4.156,False,2012,33,8,-0.8660254037844384,-0.5000000000000004,-0.7485107481711011,-0.6631226582407952,1007906.43,943237.12,999788.1050000001,11.0
40,2012-08-24,945318.47,0,63.91,3.874,138.2814516,4.156,False,2012,34,8,-0.8660254037844384,-0.5000000000000004,-0.8229838658936564,-0.5680647467311559,969387.48,969611.3,1000009.38,10.0
40,2012-08-31,987264.67,0,66.11,3.884,138.3771935,4.156,False,2012,35,8,-0.8660254037844384,-0.5000000000000004,-0.8854560256532096,-0.4647231720437691,945318.47,957298.26,997739.7849999999,9.0
40,2012-09-07,1088248.4,1,65.06,3.921,138.4729355,4.156,False,2012,36,9,-1.0,-1.8369701987210297e-16,-0.9350162426854147,-0.3546048870425359,987264.67,1021391.99,977469.2625,8.0
40,2012-09-14,901709.82,0,59.38,3.988,138.5673,4.156,False,2012,37,9,-1.0,-1.8369701987210297e-16,-0.970941817426052,-0.23931566428755774,1088248.4,890661.79,997554.7549999999,7.0
40,2012-09-21,899768.4,0,54.12,4.056,138.6534,4.156,False,2012,38,9,-1.0,-1.8369701987210297e-16,-0.992708874098054,-0.12053668025532357,901709.82,876583.98,980635.34,6.0
40,2012-09-28,919595.44,0,50.98,4.018,138.7395,4.156,False,2012,39,9,-1.0,-1.8369701987210297e-16,-1.0,-1.8369701987210297e-16,899768.4,912857.1,969247.8225,5.0
40,2012-10-05,1069112.0,0,57.21,4.027,138.8256,4.145,False,2012,40,10,-0.8660254037844386,0.5000000000000001,-0.992708874098054,0.1205366802553232,919595.44,1070389.98,952330.515,4.0
40,2012-10-12,982523.26,0,47.35,4.029,138.9117,4.145,False,2012,41,10,-0.8660254037844386,0.5000000000000001,-0.9709418174260521,0.23931566428755738,1069112.0,936751.68,947546.415,3.0
40,2012-10-19,918170.5,0,46.33,4.0,138.8336129,4.145,False,2012,42,10,-0.8660254037844386,0.5000000000000001,-0.9350162426854148,0.35460488704253557,982523.26,942319.65,967749.7749999999,2.0
40,2012-10-26,921264.52,0,49.65,3.917,138.7281613,4.145,False,2012,43,10,-0.8660254037844386,0.5000000000000001,-0.8854560256532101,0.464723172043768,918170.5,941675.95,972350.3,1.0
41,2011-02-04,1179420.5,0,14.56,3.011,191.7625895,7.241,False,2011,5,2,0.8660254037844386,0.5000000000000001,0.5680647467311558,0.8229838658936564,1026439.93,1086533.18,1080167.855,91.0
41,2011-02-11,1150003.36,1,16.81,3.037,191.8572881,7.241,False,2011,6,2,0.8660254037844386,0.5000000000000001,0.6631226582407952,0.7485107481711011,1179420.5,1075656.34,1086623.8475000001,90.0
41,2011-02-18,1203399.64,0,39.39,3.051,191.9178331,7.241,False,2011,7,2,0.8660254037844386,0.5000000000000001,0.7485107481711011,0.6631226582407953,1150003.36,1052034.74,1110972.3975,89.0
41,2011-02-25,1099714.93,0,26.1,3.101,191.9647167,7.241,False,2011,8,2,0.8660254037844386,0.5000000000000001,0.8229838658936564,0.5680647467311559,1203399.64,991941.73,1139815.8575,88.0
41,2011-03-04,1229257.7,0,34.99,3.232,192.0116004,7.241,False,2011,9,3,1.0,6.123233995736766e-17,0.8854560256532099,0.4647231720437686,1099714.93,1063557.49,1158134.6075,87.0
41,2011-03-11,1159089.6,0,31.6,3.372,192.058484,7.241,False,2011,10,3,1.0,6.123233995736766e-17,0.9350162426854148,0.35460488704253557,1229257.7,1023997.71,1170593.9075,86.0
41,2011-03-18,1115504.26,0,40.19,3.406,192.1237981,7.241,False,2011,11,3,1.0,6.123233995736766e-17,0.970941817426052,0.23931566428755804,1159089.6,1006597.69,1172865.4674999998,85.0
41,2011-03-25,1140578.16,0,41.11,3.414,192.1964844,7.241,False,2011,12,3,1.0,6.123233995736766e-17,0.992708874098054,0.120536680255323,1115504.26,1015196.46,1150891.6225,84.0
41,2011-04-01,1179125.48,0,38.16,3.461,192.2691707,6.934,False,2011,13,4,0.8660254037844387,-0.4999999999999998,1.0,-1.6081226496766364e-16,1140578.16,1168826.39,1161107.4300000002,83.0
41,2011-04-08,1206252.12,0,42.87,3.532,192.3418571,6.934,False,2011,14,4,0.8660254037844387,-0.4999999999999998,0.992708874098054,-0.12053668025532288,1179125.48,1082158.21,1148574.375,82.0
41,2011-04-15,1192982.07,0,39.94,3.611,192.4225954,6.934,False,2011,15,4,0.8660254037844387,-0.4999999999999998,0.9709418174260521,-0.2393156642875575,1206252.12,1043388.79,1160365.005,81.0
41,2011-04-22,1304481.75,0,42.86,3.636,192.5234638,6.934,False,2011,16,4,0.8660254037844387,-0.4999999999999998,0.9350162426854148,-0.35460488704253545,1192982.07,1067340.74,1179734.4575,80.0
41,2011-04-29,1178841.05,0,39.81,3.663,192.6243322,6.934,False,2011,17,4,0.8660254037844387,-0.4999999999999998,0.8854560256532099,-0.4647231720437685,1304481.75,1063960.11,1220710.355,79.0
41,2011-05-06,1244956.91,0,41.2,3.735,192.7252006,6.934,False,2011,18,5,0.49999999999999994,-0.8660254037844387,0.8229838658936565,-0.5680647467311557,1178841.05,1175738.22,1220639.2475,78.0
41,2011-05-13,1270025.74,0,50.29,3.767,192.826069,6.934,False,2011,19,5,0.49999999999999994,-0.8660254037844387,0.7485107481711013,-0.663122658240795,1244956.91,1116439.02,1230315.445,77.0
41,2011-05-20,1244542.33,0,41.11,3.828,192.831317,6.934,False,2011,20,5,0.49999999999999994,-0.8660254037844387,0.6631226582407952,-0.7485107481711012,1270025.74,1163234.33,1249576.3624999998,76.0
41,2011-05-27,1278304.33,0,50.56,3.795,192.8365651,6.934,False,2011,21,5,0.49999999999999994,-0.8660254037844387,0.5680647467311558,-0.8229838658936564,1244542.33,1246654.24,1234591.5074999998,75.0
41,2011-06-03,1297584.95,0,54.81,3.763,192.8418131,6.934,False,2011,22,6,1.2246467991473532e-16,-1.0,0.46472317204376906,-0.8854560256532096,1278304.33,1305068.1,1259457.3275000001,74.0
41,2011-06-10,1311690.11,0,61.1,3.735,192.8470612,6.934,False,2011,23,6,1.2246467991473532e-16,-1.0,0.35460488704253584,-0.9350162426854147,1297584.95,1217199.39,1272614.3375,73.0
41,2011-06-17,1289151.84,0,62.3,3.697,192.9034759,6.934,False,2011,24,6,1.2246467991473532e-16,-1.0,0.23931566428755768,-0.970941817426052,1311690.11,1202963.06,1283030.4300000002,72.0
41,2011-06-24,1244381.98,0,59.54,3.661,192.9982655,6.934,False,2011,25,6,1.2246467991473532e-16,-1.0,0.12053668025532308,-0.992708874098054,1289151.84,1174209.52,1294182.8075,71.0
41,2011-07-01,1333347.78,0,67.01,3.597,193.0930552,6.901,False,2011,26,7,-0.4999999999999997,-0.8660254037844388,-3.216245299353273e-16,-1.0,1244381.98,1273279.79,1285702.22,70.0
41,2011-07-08,1338862.58,0,68.49,3.54,193.1878448,6.901,False,2011,27,7,-0.4999999999999997,-0.8660254037844388,-0.12053668025532283,-0.992708874098054,1333347.78,1176079.59,1294642.9275,69.0
41,2011-07-15,1245772.7,0,68.18,3.532,193.3125484,6.901,False,2011,28,7,-0.4999999999999997,-0.8660254037844388,-0.23931566428755743,-0.9709418174260521,1338862.58,1179788.38,1301436.045,68.0
41,2011-07-22,1292830.93,0,74.11,3.545,193.5120367,6.901,False,2011,29,7,-0.4999999999999997,-0.8660254037844388,-0.3546048870425356,-0.9350162426854148,1245772.7,1192213.87,1290591.26,67.0
41,2011-07-29,1248330.1,0,71.3,3.547,193.711525,6.901,False,2011,30,7,-0.4999999999999997,-0.8660254037844388,-0.46472317204376806,-0.8854560256532101,1292830.93,1211136.63,1302703.4975,66.0
41,2011-08-05,1402233.69,0,72.19,3.554,193.9110133,6.901,False,2011,31,8,-0.8660254037844384,-0.5000000000000004,-0.5680647467311556,-0.8229838658936565,1248330.1,1338132.72,1281449.0775000001,65.0
41,2011-08-12,1356689.88,0,67.65,3.542,194.1105017,6.901,False,2011,32,8,-0.8660254037844384,-0.5000000000000004,-0.663122658240795,-0.7485107481711013,1402233.69,1285976.53,1297291.855,64.0
41,2011-08-19,1412959.97,0,70.55,3.499,194.2500634,6.901,False,2011,33,8,-0.8660254037844384,-0.5000000000000004,-0.7485107481711011,-0.6631226582407952,1356689.88,1353838.39,1325021.15,63.0
41,2011-08-26,1328740.71,0,71.61,3.485,194.3796374,6.901,False,2011,34,8,-0.8660254037844384,-0.5000000000000004,-0.8229838658936564,-0.5680647467311559,1412959.97,1173131.63,1355053.41,62.0
41,2011-09-02,1283849.38,0,70.37,3.511,194.5092113,6.901,False,2011,35,9,-1.0,-1.8369701987210297e-16,-0.8854560256532096,-0.4647231720437691,1328740.71,1223355.5,1375156.0625,61.0
41,2011-09-09,1280958.97,1,58.31,3.566,194.6387853,6.901,False,2011,36,9,-1.0,-1.8369701987210297e-16,-0.9350162426854147,-0.3546048870425359,1283849.38,1172672.27,1345559.9849999999,60.0
41,2011-09-16,1197019.39,0,54.82,3.596,194.7419707,6.901,False,2011,37,9,-1.0,-1.8369701987210297e-16,-0.970941817426052,-0.23931566428755774,1280958.97,1111170.91,1326627.2574999998,59.0
41,2011-09-23,1173059.79,0,55.06,3.581,194.8099713,6.901,False,2011,38,9,-1.0,-1.8369701987210297e-16,-0.992708874098054,-0.12053668025532357,1197019.39,1110941.78,1272642.1125,58.0
41,2011-09-30,1160619.61,0,61.77,3.538,194.8779718,6.901,False,2011,39,9,-1.0,-1.8369701987210297e-16,-1.0,-1.8369701987210297e-16,1173059.79,1109216.35,1233721.8825,57.0
41,2011-10-07,1277882.77,0,58.74,3.498,194.9459724,6.759,False,2011,40,10,-0.8660254037844386,0.5000000000000001,-0.992708874098054,0.1205366802553232,1160619.61,1162042.24,1202914.44,56.0
41,2011-10-14,1247130.22,0,47.43,3.491,195.0261012,6.759,False,2011,41,10,-0.8660254037844386,0.5000000000000001,-0.9709418174260521,0.23931566428755738,1277882.77,1133913.33,1202145.3900000001,55.0
41,2011-10-21,1214944.29,0,45.62,3.548,195.1789994,6.759,False,2011,42,10,-0.8660254037844386,0.5000000000000001,-0.9350162426854148,0.35460488704253557,1247130.22,1156003.7,1214673.0975000001,54.0
41,2011-10-28,1274463.02,0,37.02,3.55,195.3318977,6.759,False,2011,43,10,-0.8660254037844386,0.5000000000000001,-0.8854560256532101,0.464723172043768,1214944.29,1144854.56,1225144.2225000001,53.0
41,2011-11-04,1315684.86,0,35.04,3.527,195.4847959,6.759,False,2011,44,11,-0.5000000000000004,0.8660254037844384,-0.822983865893657,0.5680647467311548,1274463.02,1163878.49,1253605.075,52.0
41,2011-11-11,1302499.23,0,32.87,3.505,195.6376941,6.759,False,2011,45,11,-0.5000000000000004,0.8660254037844384,-0.7485107481711011,0.6631226582407952,1315684.86,1175326.23,1263055.5975000001,51.0
41,2011-11-18,1230118.02,0,36.64,3.479,195.7184713,6.759,False,2011,46,11,-0.5000000000000004,0.8660254037844384,-0.6631226582407955,0.7485107481711007,1302499.23,1172155.28,1276897.85,50.0
41,2011-11-25,1906713.35,1,36.37,3.424,195.7704,6.759,True,2011,47,11,-0.5000000000000004,0.8660254037844384,-0.5680647467311559,0.8229838658936564,1230118.02,1866681.57,1280691.2825000002,49.0
41,2011-12-02,1292436.23,0,34.53,3.378,195.8223287,6.759,False,2011,48,12,-2.4492935982947064e-16,1.0,-0.4647231720437684,0.88545602565321,1906713.35,1220115.75,1438753.865,48.0
41,2011-12-09,1548661.45,0,17.05,3.331,195.8742575,6.759,False,2011,49,12,-2.4492935982947064e-16,1.0,-0.35460488704253595,0.9350162426854147,1292436.23,1434908.13,1432941.7075,47.0
41,2011-12-16,1682368.32,0,25.01,3.266,195.9841685,6.759,True,2011,50,12,-2.4492935982947064e-16,1.0,-0.2393156642875578,0.970941817426052,1548661.45,1627904.68,1494482.2625,46.0
41,2011-12-23,2263722.68,0,25.59,3.173,196.1713893,6.759,True,2011,51,12,-2.4492935982947064e-16,1.0,-0.12053668025532363,0.992708874098054,1682368.32,2225016.73,1607544.8375,45.0
41,2011-12-30,1264014.16,1,34.12,3.119,196.3586101,6.759,False,2011,52,12,-2.4492935982947064e-16,1.0,6.432490598706546e-16,1.0,2263722.68,1001790.16,1696797.17,44.0
41,2012-01-06,1208191.61,0,37.21,3.095,196.5458309,6.589,False,2012,1,1,0.49999999999999994,0.8660254037844387,0.12053668025532305,0.992708874098054,1264014.16,1153596.53,1689691.6524999999,43.0
41,2012-01-13,1134767.28,0,27.49,3.077,196.7330517,6.589,False,2012,2,1,0.49999999999999994,0.8660254037844387,0.23931566428755774,0.970941817426052,1208191.61,1052609.16,1604574.1925000001,42.0
41,2012-01-20,1116295.24,0,31.56,3.055,196.7796652,6.589,False,2012,3,1,0.49999999999999994,0.8660254037844387,0.3546048870425356,0.9350162426854148,1134767.28,1088025.8,1467673.9325,41.0
41,2012-01-27,1079398.81,0,33.15,3.038,196.8262786,6.589,False,2012,4,1,0.49999999999999994,0.8660254037844387,0.4647231720437685,0.8854560256532099,1116295.24,1026439.93,1180817.0725,40.0
41,2012-02-03,1208825.6,0,31.65,3.031,196.8728921,6.589,False,2012,5,2,0.8660254037844386,0.5000000000000001,0.5680647467311558,0.8229838658936564,1079398.81,1179420.5,1134663.2349999999,39.0
41,2012-02-10,1238844.56,1,22.0,3.103,196.9195056,6.589,False,2012,6,2,0.8660254037844386,0.5000000000000001,0.6631226582407952,0.7485107481711011,1208825.6,1150003.36,1134821.7325,38.0
41,2012-02-17,1330451.46,0,22.52,3.113,196.9432711,6.589,False,2012,7,2,0.8660254037844386,0.5000000000000001,0.7485107481711011,0.6631226582407953,1238844.56,1203399.64,1160841.0525,37.0
41,2012-02-24,1224915.66,0,27.89,3.129,196.9499007,6.589,False,2012,8,2,0.8660254037844386,0.5000000000000001,0.8229838658936564,0.5680647467311559,1330451.46,1099714.93,1214380.1075,36.0
41,2012-03-02,1239813.26,0,27.39,3.191,196.9565303,6.589,False,2012,9,3,1.0,6.123233995736766e-17,0.8854560256532099,0.4647231720437686,1224915.66,1229257.7,1250759.32,35.0
41,2012-03-09,1243814.77,0,35.3,3.286,196.9631599,6.589,False,2012,10,3,1.0,6.123233995736766e-17,0.9350162426854148,0.35460488704253557,1239813.26,1159089.6,1258506.2349999999,34.0
41,2012-03-16,1201511.62,0,47.76,3.486,197.0457208,6.589,False,2012,11,3,1.0,6.123233995736766e-17,0.970941817426052,0.23931566428755804,1243814.77,1115504.26,1259748.7875,33.0
41,2012-03-23,1215354.38,0,44.04,3.664,197.2295234,6.589,False,2012,12,3,1.0,6.123233995736766e-17,0.992708874098054,0.120536680255323,1201511.62,1140578.16,1227513.8275000001,32.0
41,2012-03-30,1239423.19,0,51.56,3.75,197.4133259,6.589,False,2012,13,3,1.0,6.123233995736766e-17,1.0,-1.6081226496766364e-16,1215354.38,1179125.48,1225123.5074999998,31.0
41,2012-04-06,1460234.31,0,48.48,3.854,197.5971285,6.547,False,2012,14,4,0.8660254037844387,-0.4999999999999998,0.992708874098054,-0.12053668025532288,1239423.19,1206252.12,1225025.99,30.0
41,2012-04-13,1323004.73,0,46.84,3.901,197.780931,6.547,False,2012,15,4,0.8660254037844387,-0.4999999999999998,0.9709418174260521,-0.2393156642875575,1460234.31,1192982.07,1279130.875,29.0
41,2012-04-20,1220815.33,0,43.57,3.936,197.7227385,6.547,False,2012,16,4,0.8660254037844387,-0.4999999999999998,0.9350162426854148,-0.35460488704253545,1323004.73,1304481.75,1309504.1524999999,28.0
41,2012-04-27,1248950.65,0,57.66,3.927,197.664546,6.547,False,2012,17,4,0.8660254037844387,-0.4999999999999998,0.8854560256532099,-0.4647231720437685,1220815.33,1178841.05,1310869.3900000001,27.0
41,2012-05-04,1359770.73,0,52.86,3.903,197.6063534,6.547,False,2012,18,5,0.49999999999999994,-0.8660254037844387,0.8229838658936565,-0.5680647467311557,1248950.65,1244956.91,1313251.255,26.0
41,2012-05-11,1353285.1,0,50.22,3.87,197.5481609,6.547,False,2012,19,5,0.49999999999999994,-0.8660254037844387,0.7485107481711013,-0.663122658240795,1359770.73,1270025.74,1288135.3599999999,25.0
41,2012-05-18,1331514.44,0,55.24,3.837,197.5553137,6.547,False,2012,20,5,0.49999999999999994,-0.8660254037844387,0.6631226582407952,-0.7485107481711012,1353285.1,1244542.33,1295705.4525000001,24.0
41,2012-05-25,1424500.47,0,54.89,3.804,197.5886046,6.547,False,2012,21,5,0.49999999999999994,-0.8660254037844387,0.5680647467311558,-0.8229838658936564,1331514.44,1278304.33,1323380.23,23.0
41,2012-06-01,1374891.36,0,57.29,3.764,197.6218954,6.547,False,2012,22,6,1.2246467991473532e-16,-1.0,0.46472317204376906,-0.8854560256532096,1424500.47,1297584.95,1367267.685,22.0
41,2012-06-08,1436383.84,0,65.11,3.741,197.6551863,6.547,False,2012,23,6,1.2246467991473532e-16,-1.0,0.35460488704253584,-0.9350162426854147,1374891.36,1311690.11,1371047.8425,21.0
41,2012-06-15,1384584.59,0,64.92,3.723,197.692292,6.547,False,2012,24,6,1.2246467991473532e-16,-1.0,0.23931566428755768,-0.970941817426052,1436383.84,1289151.84,1391822.5275,20.0
41,2012-06-22,1386407.17,0,66.88,3.735,197.7389345,6.547,False,2012,25,6,1.2246467991473532e-16,-1.0,0.12053668025532308,-0.992708874098054,1384584.59,1244381.98,1405090.065,19.0
41,2012-06-29,1355600.01,0,76.54,3.693,197.785577,6.547,False,2012,26,6,1.2246467991473532e-16,-1.0,-3.216245299353273e-16,-1.0,1386407.17,1333347.78,1395566.74,18.0
41,2012-07-06,1456300.89,0,74.47,3.646,197.8322195,6.432,False,2012,27,7,-0.4999999999999997,-0.8660254037844388,-0.12053668025532283,-0.992708874098054,1355600.01,1338862.58,1390743.9024999999,17.0
41,2012-07-13,1332594.07,0,67.24,3.613,197.8788621,6.432,False,2012,28,7,-0.4999999999999997,-0.8660254037844388,-0.23931566428755743,-0.9709418174260521,1456300.89,1245772.7,1395723.165,16.0
41,2012-07-20,1347175.93,0,74.06,3.585,197.9290378,6.432,False,2012,29,7,-0.4999999999999997,-0.8660254037844388,-0.3546048870425356,-0.9350162426854148,1332594.07,1292830.93,1382725.535,15.0
41,2012-07-27,1344723.97,0,73.31,3.57,197.9792136,6.432,False,2012,30,7,-0.4999999999999997,-0.8660254037844388,-0.46472317204376806,-0.8854560256532101,1347175.93,1248330.1,1372917.725,14.0
41,2012-08-03,1439607.35,0,73.16,3.528,198.0293893,6.432,False,2012,31,8,-0.8660254037844384,-0.5000000000000004,-0.5680647467311556,-0.8229838658936565,1344723.97,1402233.69,1370198.715,13.0
41,2012-08-10,1504545.94,0,71.73,3.509,198.0795651,6.432,False,2012,32,8,-0.8660254037844384,-0.5000000000000004,-0.663122658240795,-0.7485107481711013,1439607.35,1356689.88,1366025.33,12.0
41,2012-08-17,1560590.05,0,65.77,3.545,198.1001057,6.432,False,2012,33,8,-0.8660254037844384,-0.5000000000000004,-0.7485107481711011,-0.6631226582407952,1504545.94,1412959.97,1409013.2974999999,11.0
41,2012-08-24,1464462.85,0,69.07,3.558,198.0984199,6.432,False,2012,34,8,-0.8660254037844384,-0.5000000000000004,-0.8229838658936564,-0.5680647467311559,1560590.05,1328740.71,1462366.8275000001,10.0
41,2012-08-31,1360517.52,0,71.56,3.556,198.0967341,6.432,False,2012,35,8,-0.8660254037844384,-0.5000000000000004,-0.8854560256532096,-0.4647231720437691,1464462.85,1283849.38,1492301.5475,9.0
41,2012-09-07,1392143.82,1,67.41,3.596,198.0950484,6.432,False,2012,36,9,-1.0,-1.8369701987210297e-16,-0.9350162426854147,-0.3546048870425359,1360517.52,1280958.97,1472529.0899999999,8.0
41,2012-09-14,1306644.25,0,59.39,3.659,198.1267184,6.432,False,2012,37,9,-1.0,-1.8369701987210297e-16,-0.970941817426052,-0.23931566428755774,1392143.82,1197019.39,1444428.56,7.0
41,2012-09-21,1276609.36,0,59.81,3.765,198.358523,6.432,False,2012,38,9,-1.0,-1.8369701987210297e-16,-0.992708874098054,-0.12053668025532357,1306644.25,1173059.79,1380942.1099999999,6.0
41,2012-09-28,1307928.01,0,56.08,3.789,198.5903276,6.432,False,2012,39,9,-1.0,-1.8369701987210297e-16,-1.0,-1.8369701987210297e-16,1276609.36,1160619.61,1333978.7375,5.0
41,2012-10-05,1400160.95,0,50.14,3.779,198.8221322,6.195,False,2012,40,10,-0.8660254037844386,0.5000000000000001,-0.992708874098054,0.1205366802553232,1307928.01,1277882.77,1320831.36,4.0
41,2012-10-12,1409544.97,0,39.38,3.76,199.0539368,6.195,False,2012,41,10,-0.8660254037844386,0.5000000000000001,-0.9709418174260521,0.23931566428755738,1400160.95,1247130.22,1322835.6425,3.0
41,2012-10-19,1326197.24,0,49.56,3.75,199.1481963,6.195,False,2012,42,10,-0.8660254037844386,0.5000000000000001,-0.9350162426854148,0.35460488704253557,1409544.97,1214944.29,1348560.8225,2.0
41,2012-10-26,1316542.59,0,41.8,3.686,199.2195317,6.195,False,2012,43,10,-0.8660254037844386,0.5000000000000001,-0.8854560256532101,0.464723172043768,1326197.24,1274463.02,1360957.7925,1.0
42,2011-02-04,586886.16,0,44.88,3.348,127.7195806,8.744,False,2011,5,2,0.8660254037844386,0.5000000000000001,0.5680647467311558,0.8229838658936564,499081.79,543384.01,559835.8275,91.0
42,2011-02-11,628063.88,1,51.51,3.381,127.859129,8.744,False,2011,6,2,0.8660254037844386,0.5000000000000001,0.6631226582407952,0.7485107481711011,586886.16,575709.96,558320.4299999999,90.0
42,2011-02-18,556485.1,0,61.77,3.43,127.99525,8.744,False,2011,7,2,0.8660254037844386,0.5000000000000001,0.7485107481711011,0.6631226582407953,628063.88,508794.87,561861.6125,89.0
42,2011-02-25,526904.08,0,53.59,3.398,128.13,8.744,False,2011,8,2,0.8660254037844386,0.5000000000000001,0.8229838658936564,0.5680647467311559,556485.1,491510.58,567629.2324999999,88.0
42,2011-03-04,570879.04,0,56.96,3.674,128.26475,8.744,False,2011,9,3,1.0,6.123233995736766e-17,0.8854560256532099,0.4647231720437686,526904.08,554972.42,574584.805,87.0
42,2011-03-11,607294.56,0,64.22,3.63,128.3995,8.744,False,2011,10,3,1.0,6.123233995736766e-17,0.9350162426854148,0.35460488704253557,570879.04,588363.62,570583.025,86.0
42,2011-03-18,558239.32,0,70.12,3.892,128.5121935,8.744,False,2011,11,3,1.0,6.123233995736766e-17,0.970941817426052,0.23931566428755804,607294.56,519914.1,565390.6950000001,85.0
42,2011-03-25,522673.62,0,62.53,3.716,128.6160645,8.744,False,2011,12,3,1.0,6.123233995736766e-17,0.992708874098054,0.120536680255323,558239.32,478021.68,565829.25,84.0
42,2011-04-01,508432.17,0,67.64,3.772,128.7199355,8.494,False,2011,13,4,0.8660254037844387,-0.4999999999999998,1.0,-1.6081226496766364e-16,522673.62,505907.41,564771.635,83.0
42,2011-04-08,620087.35,0,73.03,3.818,128.8238065,8.494,False,2011,14,4,0.8660254037844387,-0.4999999999999998,0.992708874098054,-0.12053668025532288,508432.17,582552.26,549159.9175,82.0
42,2011-04-15,597644.02,0,61.05,4.089,128.9107333,8.494,False,2011,15,4,0.8660254037844387,-0.4999999999999998,0.9709418174260521,-0.2393156642875575,620087.35,549528.16,552358.115,81.0
42,2011-04-22,534597.69,0,75.93,3.917,128.9553,8.494,False,2011,16,4,0.8660254037844387,-0.4999999999999998,0.9350162426854148,-0.35460488704253545,597644.02,492364.77,562209.29,80.0
42,2011-04-29,496010.17,0,73.38,4.151,128.9998667,8.494,False,2011,17,4,0.8660254037844387,-0.4999999999999998,0.8854560256532099,-0.4647231720437685,534597.69,477615.87,565190.3074999999,79.0
42,2011-05-06,612337.35,0,73.56,4.193,129.0444333,8.494,False,2011,18,5,0.49999999999999994,-0.8660254037844387,0.8229838658936565,-0.5680647467311557,496010.17,582846.22,562084.8075,78.0
42,2011-05-13,603024.75,0,74.04,4.202,129.089,8.494,False,2011,19,5,0.49999999999999994,-0.8660254037844387,0.7485107481711013,-0.663122658240795,612337.35,564345.55,560147.3075,77.0
42,2011-05-20,524559.95,0,72.62,3.99,129.0756774,8.494,False,2011,20,5,0.49999999999999994,-0.8660254037844387,0.6631226582407952,-0.7485107481711012,603024.75,504403.16,561492.49,76.0
42,2011-05-27,503295.29,0,78.62,3.933,129.0623548,8.494,False,2011,21,5,0.49999999999999994,-0.8660254037844387,0.5680647467311558,-0.8229838658936564,524559.95,484097.03,558983.0549999999,75.0
42,2011-06-03,545109.3,0,81.87,3.893,129.0490323,8.494,False,2011,22,6,1.2246467991473532e-16,-1.0,0.46472317204376906,-0.8854560256532096,503295.29,556046.12,560804.335,74.0
42,2011-06-10,616701.99,0,84.57,3.981,129.0357097,8.494,False,2011,23,6,1.2246467991473532e-16,-1.0,0.35460488704253584,-0.9350162426854147,545109.3,607218.6,543997.3225,73.0
42,2011-06-17,546675.65,0,87.96,3.935,129.0432,8.494,False,2011,24,6,1.2246467991473532e-16,-1.0,0.23931566428755768,-0.970941817426052,616701.99,529418.64,547416.6325000001,72.0
42,2011-06-24,501780.66,0,90.69,3.807,129.0663,8.494,False,2011,25,6,1.2246467991473532e-16,-1.0,0.12053668025532308,-0.992708874098054,546675.65,484327.56,552945.5575,71.0
42,2011-07-01,506343.83,0,95.36,3.842,129.0894,8.257,False,2011,26,7,-0.4999999999999997,-0.8660254037844388,-3.216245299353273e-16,-1.0,501780.66,507168.8,552566.9,70.0
42,2011-07-08,593234.27,0,88.57,3.793,129.1125,8.257,False,2011,27,7,-0.4999999999999997,-0.8660254037844388,-0.12053668025532283,-0.992708874098054,506343.83,570069.48,542875.5325,69.0
42,2011-07-15,591703.82,0,86.01,3.779,129.1338387,8.257,False,2011,28,7,-0.4999999999999997,-0.8660254037844388,-0.23931566428755743,-0.9709418174260521,593234.27,558837.27,537008.6025,68.0
42,2011-07-22,511316.29,0,88.59,3.697,129.1507742,8.257,False,2011,29,7,-0.4999999999999997,-0.8660254037844388,-0.3546048870425356,-0.9350162426854148,591703.82,491115.86,548265.645,67.0
42,2011-07-29,479256.8,0,86.75,3.694,129.1677097,8.257,False,2011,30,7,-0.4999999999999997,-0.8660254037844388,-0.46472317204376806,-0.8854560256532101,511316.29,469598.57,550649.5525,66.0
42,2011-08-05,572603.33,0,89.8,3.803,129.1846452,8.257,False,2011,31,8,-0.8660254037844384,-0.5000000000000004,-0.5680647467311556,-0.8229838658936565,479256.8,579544.21,543877.7949999999,65.0
42,2011-08-12,603147.26,0,85.61,3.794,129.2015806,8.257,False,2011,32,8,-0.8660254037844384,-0.5000000000000004,-0.663122658240795,-0.7485107481711013,572603.33,583079.97,538720.0599999999,64.0
42,2011-08-19,526641.23,0,87.4,3.743,129.2405806,8.257,False,2011,33,8,-0.8660254037844384,-0.5000000000000004,-0.7485107481711011,-0.6631226582407952,603147.26,500945.63,541580.9199999999,63.0
42,2011-08-26,503720.98,0,91.59,3.663,129.2832581,8.257,False,2011,34,8,-0.8660254037844384,-0.5000000000000004,-0.8229838658936564,-0.5680647467311559,526641.23,465993.51,545412.155,62.0
42,2011-09-02,537124.76,0,91.61,3.798,129.3259355,8.257,False,2011,35,9,-1.0,-1.8369701987210297e-16,-0.8854560256532096,-0.4647231720437691,503720.98,524658.06,551528.2,61.0
42,2011-09-09,608390.94,1,89.06,3.771,129.3686129,8.257,False,2011,36,9,-1.0,-1.8369701987210297e-16,-0.9350162426854147,-0.3546048870425359,537124.76,589091.04,542658.5575,60.0
42,2011-09-16,576837.09,0,77.49,3.784,129.4306,8.257,False,2011,37,9,-1.0,-1.8369701987210297e-16,-0.970941817426052,-0.23931566428755774,608390.94,536871.58,543969.4775,59.0
42,2011-09-23,528486.45,0,82.51,3.789,129.5183333,8.257,False,2011,38,9,-1.0,-1.8369701987210297e-16,-0.992708874098054,-0.12053668025532357,576837.09,492262.96,556518.4425,58.0
42,2011-09-30,510243.79,0,82.27,3.877,129.6060667,8.257,False,2011,39,9,-1.0,-1.8369701987210297e-16,-1.0,-1.8369701987210297e-16,528486.45,481523.93,562709.8099999999,57.0
42,2011-10-07,649111.23,0,75.01,3.827,129.6938,7.874,False,2011,40,10,-0.8660254037844386,0.5000000000000001,-0.992708874098054,0.1205366802553232,510243.79,599759.45,555989.5675,56.0
42,2011-10-14,613531.11,0,70.27,3.698,129.7706452,7.874,False,2011,41,10,-0.8660254037844386,0.5000000000000001,-0.9709418174260521,0.23931566428755738,649111.23,559285.35,566169.6399999999,55.0
42,2011-10-21,537276.41,0,77.91,3.842,129.7821613,7.874,False,2011,42,10,-0.8660254037844386,0.5000000000000001,-0.9350162426854148,0.35460488704253557,613531.11,522467.51,575343.145,54.0
42,2011-10-28,515599.7,0,72.79,3.843,129.7936774,7.874,False,2011,43,10,-0.8660254037844386,0.5000000000000001,-0.8854560256532101,0.464723172043768,537276.41,476967.65,577540.635,53.0
42,2011-11-04,597667.21,0,68.57,3.828,129.8051935,7.874,False,2011,44,11,-0.5000000000000004,0.8660254037844384,-0.822983865893657,0.5680647467311548,515599.7,565390.4,578879.6125,52.0
42,2011-11-11,643125.29,0,55.28,3.677,129.8167097,7.874,False,2011,45,11,-0.5000000000000004,0.8660254037844384,-0.7485107481711011,0.6631226582407952,597667.21,588592.61,566018.6074999999,51.0
42,2011-11-18,567673.87,0,58.97,3.669,129.8268333,7.874,False,2011,46,11,-0.5000000000000004,0.8660254037844384,-0.6631226582407955,0.7485107481711007,643125.29,524316.21,573417.1525000001,50.0
42,2011-11-25,577698.37,1,60.68,3.76,129.8364,7.874,False,2011,47,11,-0.5000000000000004,0.8660254037844384,-0.5680647467311559,0.8229838658936564,567673.87,522296.71,581016.5175,49.0
42,2011-12-02,511883.36,0,57.29,3.701,129.8459667,7.874,False,2011,48,12,-2.4492935982947064e-16,1.0,-0.4647231720437684,0.88545602565321,577698.37,500250.8,596541.185,48.0
42,2011-12-09,619133.48,0,42.58,3.644,129.8555333,7.874,False,2011,49,12,-2.4492935982947064e-16,1.0,-0.35460488704253595,0.9350162426854147,511883.36,585175.24,575095.2225,47.0
42,2011-12-16,598437.98,0,50.53,3.489,129.8980645,7.874,False,2011,50,12,-2.4492935982947064e-16,1.0,-0.2393156642875578,0.970941817426052,619133.48,537455.65,569097.27,46.0
42,2011-12-23,575676.13,0,48.36,3.541,129.9845484,7.874,False,2011,51,12,-2.4492935982947064e-16,1.0,-0.12053668025532363,0.992708874098054,598437.98,555075.27,576788.2975,45.0
42,2011-12-30,454412.28,1,48.92,3.428,130.0710323,7.874,False,2011,52,12,-2.4492935982947064e-16,1.0,6.432490598706546e-16,1.0,575676.13,428953.6,576282.7375,44.0
42,2012-01-06,636372.37,0,59.85,3.443,130.1575161,7.545,False,2012,1,1,0.49999999999999994,0.8660254037844387,0.12053668025532305,0.992708874098054,454412.28,592947.75,561914.9675,43.0
42,2012-01-13,664348.2,0,51.0,3.477,130.244,7.545,False,2012,2,1,0.49999999999999994,0.8660254037844387,0.23931566428755774,0.970941817426052,636372.37,613899.15,566224.6900000001,42.0
42,2012-01-20,579499.93,0,54.51,3.66,130.2792258,7.545,False,2012,3,1,0.49999999999999994,0.8660254037844387,0.3546048870425356,0.9350162426854148,664348.2,533414.62,582702.245,41.0
42,2012-01-27,538978.67,0,53.59,3.675,130.3144516,7.545,False,2012,4,1,0.49999999999999994,0.8660254037844387,0.4647231720437685,0.8854560256532099,579499.93,499081.79,583658.1950000001,40.0
42,2012-02-03,588448.21,0,56.85,3.543,130.3496774,7.545,False,2012,5,2,0.8660254037844386,0.5000000000000001,0.5680647467311558,0.8229838658936564,538978.67,586886.16,604799.7925,39.0
42,2012-02-10,674919.45,1,55.73,3.722,130.3849032,7.545,False,2012,6,2,0.8660254037844386,0.5000000000000001,0.6631226582407952,0.7485107481711011,588448.21,628063.88,592818.7525,38.0
42,2012-02-17,606671.5,0,54.12,3.781,130.4546207,7.545,False,2012,7,2,0.8660254037844386,0.5000000000000001,0.7485107481711011,0.6631226582407953,674919.45,556485.1,595461.5650000001,37.0
42,2012-02-24,564304.15,0,56.02,3.95,130.5502069,7.545,False,2012,8,2,0.8660254037844386,0.5000000000000001,0.8229838658936564,0.5680647467311559,606671.5,526904.08,602254.4575,36.0
42,2012-03-02,585895.34,0,57.62,3.882,130.6457931,7.545,False,2012,9,3,1.0,6.123233995736766e-17,0.8854560256532099,0.4647231720437686,564304.15,570879.04,608585.8275,35.0
42,2012-03-09,659816.15,0,57.65,3.963,130.7413793,7.545,False,2012,10,3,1.0,6.123233995736766e-17,0.9350162426854148,0.35460488704253557,585895.34,607294.56,607947.61,34.0
42,2012-03-16,618767.26,0,62.11,4.273,130.8261935,7.545,False,2012,11,3,1.0,6.123233995736766e-17,0.970941817426052,0.23931566428755804,659816.15,558239.32,604171.7849999999,33.0
42,2012-03-23,561226.38,0,56.54,4.288,130.8966452,7.545,False,2012,12,3,1.0,6.123233995736766e-17,0.992708874098054,0.120536680255323,618767.26,522673.62,607195.725,32.0
42,2012-03-30,544408.14,0,67.92,4.294,130.9670968,7.545,False,2012,13,3,1.0,6.123233995736766e-17,1.0,-1.6081226496766364e-16,561226.38,508432.17,606426.2825,31.0
42,2012-04-06,652312.11,0,65.99,4.282,131.0375484,7.382,False,2012,14,4,0.8660254037844387,-0.4999999999999998,0.992708874098054,-0.12053668025532288,544408.14,620087.35,596054.4825,30.0
42,2012-04-13,639123.45,0,70.28,4.254,131.108,7.382,False,2012,15,4,0.8660254037844387,-0.4999999999999998,0.9709418174260521,-0.2393156642875575,652312.11,597644.02,594178.4725,29.0
42,2012-04-20,552529.23,0,67.75,4.111,131.1173333,7.382,False,2012,16,4,0.8660254037844387,-0.4999999999999998,0.9350162426854148,-0.35460488704253545,639123.45,534597.69,599267.52,28.0
42,2012-04-27,526625.49,0,80.11,4.088,131.1266667,7.382,False,2012,17,4,0.8660254037844387,-0.4999999999999998,0.8854560256532099,-0.4647231720437685,552529.23,496010.17,597093.2325,27.0
42,2012-05-04,609274.89,0,77.02,4.058,131.136,7.382,False,2012,18,5,0.49999999999999994,-0.8660254037844387,0.8229838658936565,-0.5680647467311557,526625.49,612337.35,592647.57,26.0
42,2012-05-11,643603.69,0,76.03,4.186,131.1453333,7.382,False,2012,19,5,0.49999999999999994,-0.8660254037844387,0.7485107481711013,-0.663122658240795,609274.89,603024.75,581888.265,25.0
42,2012-05-18,590636.38,0,85.19,4.308,131.0983226,7.382,False,2012,20,5,0.49999999999999994,-0.8660254037844387,0.6631226582407952,-0.7485107481711012,643603.69,524559.95,583008.325,24.0
42,2012-05-25,535764.58,0,86.03,4.127,131.0287742,7.382,False,2012,21,5,0.49999999999999994,-0.8660254037844387,0.5680647467311558,-0.8229838658936564,590636.38,503295.29,592535.1124999999,23.0
42,2012-06-01,521953.78,0,80.06,4.277,130.9592258,7.382,False,2012,22,6,1.2246467991473532e-16,-1.0,0.46472317204376906,-0.8854560256532096,535764.58,545109.3,594819.885,22.0
42,2012-06-08,642671.48,0,86.87,4.103,130.8896774,7.382,False,2012,23,6,1.2246467991473532e-16,-1.0,0.35460488704253584,-0.9350162426854147,521953.78,616701.99,572989.6074999999,21.0
42,2012-06-15,606309.13,0,88.58,4.144,130.8295333,7.382,False,2012,24,6,1.2246467991473532e-16,-1.0,0.23931566428755768,-0.970941817426052,642671.48,546675.65,572756.5549999999,20.0
42,2012-06-22,540031.29,0,89.92,4.014,130.7929,7.382,False,2012,25,6,1.2246467991473532e-16,-1.0,0.12053668025532308,-0.992708874098054,606309.13,501780.66,576674.7425,19.0
42,2012-06-29,507403.77,0,91.36,3.875,130.7562667,7.382,False,2012,26,6,1.2246467991473532e-16,-1.0,-3.216245299353273e-16,-1.0,540031.29,506343.83,577741.42,18.0
42,2012-07-06,618702.09,0,86.87,3.666,130.7196333,7.17,False,2012,27,7,-0.4999999999999997,-0.8660254037844388,-0.12053668025532283,-0.992708874098054,507403.77,593234.27,574103.9175,17.0
42,2012-07-13,628099.08,0,89.8,3.723,130.683,7.17,False,2012,28,7,-0.4999999999999997,-0.8660254037844388,-0.23931566428755743,-0.9709418174260521,618702.09,591703.82,568111.5700000001,16.0
42,2012-07-20,530318.39,0,84.45,3.589,130.7012903,7.17,False,2012,29,7,-0.4999999999999997,-0.8660254037844388,-0.3546048870425356,-0.9350162426854148,628099.08,511316.29,573559.0575,15.0
42,2012-07-27,516352.21,0,83.98,3.769,130.7195806,7.17,False,2012,30,7,-0.4999999999999997,-0.8660254037844388,-0.46472317204376806,-0.8854560256532101,530318.39,479256.8,571130.8325,14.0
42,2012-08-03,573084.71,0,84.76,3.595,130.737871,7.17,False,2012,31,8,-0.8660254037844384,-0.5000000000000004,-0.5680647467311556,-0.8229838658936565,516352.21,572603.33,573367.9425,13.0
42,2012-08-10,576620.31,0,90.78,3.811,130.7561613,7.17,False,2012,32,8,-0.8660254037844384,-0.5000000000000004,-0.663122658240795,-0.7485107481711013,573084.71,603147.26,561963.5974999999,12.0
42,2012-08-17,575997.78,0,88.83,4.002,130.7909677,7.17,False,2012,33,8,-0.8660254037844384,-0.5000000000000004,-0.7485107481711011,-0.6631226582407952,576620.31,526641.23,549093.905,11.0
42,2012-08-24,535537.03,0,82.5,4.055,130.8381613,7.17,False,2012,34,8,-0.8660254037844384,-0.5000000000000004,-0.8229838658936564,-0.5680647467311559,575997.78,503720.98,560513.7525,10.0
42,2012-08-31,504760.57,0,86.97,3.886,130.8853548,7.17,False,2012,35,8,-0.8660254037844384,-0.5000000000000004,-0.8854560256532096,-0.4647231720437691,535537.03,537124.76,565309.9575,9.0
42,2012-09-07,617405.35,1,83.07,4.124,130.9325484,7.17,False,2012,36,9,-1.0,-1.8369701987210297e-16,-0.9350162426854147,-0.3546048870425359,504760.57,608390.94,548228.9225,8.0
42,2012-09-14,586737.66,0,78.47,3.966,130.9776667,7.17,False,2012,37,9,-1.0,-1.8369701987210297e-16,-0.970941817426052,-0.23931566428755774,617405.35,576837.09,558425.1825,7.0
42,2012-09-21,527165.7,0,81.93,4.125,131.0103333,7.17,False,2012,38,9,-1.0,-1.8369701987210297e-16,-0.992708874098054,-0.12053668025532357,586737.66,528486.45,561110.1525,6.0
42,2012-09-28,505978.46,0,82.52,3.966,131.043,7.17,False,2012,39,9,-1.0,-1.8369701987210297e-16,-1.0,-1.8369701987210297e-16,527165.7,510243.79,559017.32,5.0
42,2012-10-05,593162.53,0,80.88,4.132,131.0756667,6.943,False,2012,40,10,-0.8660254037844386,0.5000000000000001,-0.992708874098054,0.1205366802553232,505978.46,649111.23,559321.7925,4.0
42,2012-10-12,612379.9,0,76.03,4.468,131.1083333,6.943,False,2012,41,10,-0.8660254037844386,0.5000000000000001,-0.9709418174260521,0.23931566428755738,593162.53,613531.11,553261.0875,3.0
42,2012-10-19,541406.98,0,72.71,4.449,131.1499677,6.943,False,2012,42,10,-0.8660254037844386,0.5000000000000001,-0.9350162426854148,0.35460488704253557,612379.9,537276.41,559671.6475,2.0
42,2012-10-26,514756.08,0,70.5,4.301,131.1930968,6.943,False,2012,43,10,-0.8660254037844386,0.5000000000000001,-0.8854560256532101,0.464723172043768,541406.98,515599.7,563231.9675,1.0
43,2011-02-04,651521.77,0,33.21,2.989,204.5264194,10.398,False,2011,5,2,0.8660254037844386,0.5000000000000001,0.5680647467311558,0.8229838658936564,562558.27,647029.28,597574.9349999999,91.0
43,2011-02-11,635650.98,1,40.65,3.022,204.873871,10.398,False,2011,6,2,0.8660254037844386,0.5000000000000001,0.6631226582407952,0.7485107481711011,651521.77,682918.99,607506.225,90.0
43,2011-02-18,626627.77,0,59.15,3.045,205.1683214,10.398,False,2011,7,2,0.8660254037844386,0.5000000000000001,0.7485107481711011,0.6631226582407953,635650.98,658997.55,612683.9525,89.0
43,2011-02-25,592340.01,0,58.37,3.065,205.4415714,10.398,False,2011,8,2,0.8660254037844386,0.5000000000000001,0.8229838658936564,0.5680647467311559,626627.77,618702.79,619089.6975,88.0
43,2011-03-04,616345.25,0,60.26,3.288,205.7148214,10.398,False,2011,9,3,1.0,6.123233995736766e-17,0.8854560256532099,0.4647231720437686,592340.01,658600.05,626535.1325000001,87.0
43,2011-03-11,629026.75,0,60.24,3.459,205.9880714,10.398,False,2011,10,3,1.0,6.123233995736766e-17,0.9350162426854148,0.35460488704253557,616345.25,645386.94,617741.0025000001,86.0
43,2011-03-18,635171.05,0,68.98,3.488,206.225924,10.398,False,2011,11,3,1.0,6.123233995736766e-17,0.970941817426052,0.23931566428755804,629026.75,668098.49,616084.9450000001,85.0
43,2011-03-25,585989.1,0,65.53,3.473,206.4496175,10.398,False,2011,12,3,1.0,6.123233995736766e-17,0.992708874098054,0.120536680255323,635171.05,623097.93,618220.765,84.0
43,2011-04-01,611585.54,0,67.79,3.524,206.6733111,10.581,False,2011,13,4,0.8660254037844387,-0.4999999999999998,1.0,-1.6081226496766364e-16,585989.1,650102.8,616633.0375,83.0
43,2011-04-08,650418.75,0,70.35,3.622,206.8970046,10.581,False,2011,14,4,0.8660254037844387,-0.4999999999999998,0.992708874098054,-0.12053668025532288,611585.54,693058.34,615443.11,82.0
43,2011-04-15,635758.03,0,65.01,3.743,207.1015429,10.581,False,2011,15,4,0.8660254037844387,-0.4999999999999998,0.9709418174260521,-0.2393156642875575,650418.75,675282.2,620791.11,81.0
43,2011-04-22,638280.67,0,74.49,3.807,207.2581929,10.581,False,2011,16,4,0.8660254037844387,-0.4999999999999998,0.9350162426854148,-0.35460488704253545,635758.03,638957.35,620937.855,80.0
43,2011-04-29,611464.21,0,71.34,3.81,207.4148429,10.581,False,2011,17,4,0.8660254037844387,-0.4999999999999998,0.8854560256532099,-0.4647231720437685,638280.67,630740.11,634010.7475,79.0
43,2011-05-06,649148.74,0,66.77,3.906,207.5714929,10.581,False,2011,18,5,0.49999999999999994,-0.8660254037844387,0.8229838658936565,-0.5680647467311557,611464.21,691498.6,633980.415,78.0
43,2011-05-13,684655.91,0,76.03,3.899,207.7281429,10.581,False,2011,19,5,0.49999999999999994,-0.8660254037844387,0.7485107481711013,-0.663122658240795,649148.74,690851.59,633662.9125,77.0
43,2011-05-20,648330.18,0,74.21,3.907,207.5200622,10.581,False,2011,20,5,0.49999999999999994,-0.8660254037844387,0.6631226582407952,-0.7485107481711012,684655.91,672062.08,645887.3825000001,76.0
43,2011-05-27,578209.63,0,80.89,3.786,207.3119816,10.581,False,2011,21,5,0.49999999999999994,-0.8660254037844387,0.5680647467311558,-0.8229838658936564,648330.18,630315.76,648399.76,75.0
43,2011-06-03,630972.15,0,83.49,3.699,207.1039009,10.581,False,2011,22,6,1.2246467991473532e-16,-1.0,0.46472317204376906,-0.8854560256532096,578209.63,682012.53,640086.115,74.0
43,2011-06-10,643041.71,0,85.81,3.648,206.8958203,10.581,False,2011,23,6,1.2246467991473532e-16,-1.0,0.35460488704253584,-0.9350162426854147,630972.15,684023.95,635541.9675,73.0
43,2011-06-17,665781.74,0,88.49,3.637,206.8560238,10.581,False,2011,24,6,1.2246467991473532e-16,-1.0,0.23931566428755768,-0.970941817426052,643041.71,700009.77,625138.4175,72.0
43,2011-06-24,604925.08,0,88.3,3.594,206.9424405,10.581,False,2011,25,6,1.2246467991473532e-16,-1.0,0.12053668025532308,-0.992708874098054,665781.74,625196.14,629501.3075,71.0
43,2011-07-01,586781.78,0,91.36,3.524,207.0288571,10.641,False,2011,26,7,-0.4999999999999997,-0.8660254037844388,-3.216245299353273e-16,-1.0,604925.08,667353.79,636180.1699999999,70.0
43,2011-07-08,651147.83,0,87.02,3.48,207.1152738,10.641,False,2011,27,7,-0.4999999999999997,-0.8660254037844388,-0.12053668025532283,-0.992708874098054,586781.78,718748.33,625132.5775,69.0
43,2011-07-15,631827.38,0,84.67,3.575,207.1940691,10.641,False,2011,28,7,-0.4999999999999997,-0.8660254037844388,-0.23931566428755743,-0.9709418174260521,651147.83,696844.36,627159.1075,68.0
43,2011-07-22,597354.39,0,88.58,3.651,207.2538111,10.641,False,2011,29,7,-0.4999999999999997,-0.8660254037844388,-0.3546048870425356,-0.9350162426854148,631827.38,649035.55,618670.5175,67.0
43,2011-07-29,533917.52,0,83.43,3.682,207.313553,10.641,False,2011,30,7,-0.4999999999999997,-0.8660254037844388,-0.46472317204376806,-0.8854560256532101,597354.39,622112.23,616777.845,66.0
43,2011-08-05,605956.59,0,87.47,3.684,207.3732949,10.641,False,2011,31,8,-0.8660254037844384,-0.5000000000000004,-0.5680647467311556,-0.8229838658936565,533917.52,698536.06,603561.78,65.0
43,2011-08-12,595626.56,0,86.64,3.638,207.4330369,10.641,False,2011,32,8,-0.8660254037844384,-0.5000000000000004,-0.663122658240795,-0.7485107481711013,605956.59,713479.91,592263.97,64.0
43,2011-08-19,663396.32,0,82.08,3.554,207.4953088,10.641,False,2011,33,8,-0.8660254037844384,-0.5000000000000004,-0.7485107481711011,-0.6631226582407952,595626.56,712869.09,583213.765,63.0
43,2011-08-26,561573.08,0,87.43,3.523,207.5580023,10.641,False,2011,34,8,-0.8660254037844384,-0.5000000000000004,-0.8229838658936564,-0.5680647467311559,663396.32,655284.69,599724.2474999999,62.0
43,2011-09-02,594224.9,0,87.84,3.533,207.6206959,10.641,False,2011,35,9,-1.0,-1.8369701987210297e-16,-0.8854560256532096,-0.4647231720437691,561573.08,689326.91,606638.1375,61.0
43,2011-09-09,649128.23,1,79.29,3.546,207.6833894,10.641,False,2011,36,9,-1.0,-1.8369701987210297e-16,-0.9350162426854147,-0.3546048870425359,594224.9,722120.04,603705.215,60.0
43,2011-09-16,618877.13,0,77.17,3.526,207.8527143,10.641,False,2011,37,9,-1.0,-1.8369701987210297e-16,-0.970941817426052,-0.23931566428755774,649128.23,725043.04,617080.6325,59.0
43,2011-09-23,586108.13,0,78.98,3.467,208.1642143,10.641,False,2011,38,9,-1.0,-1.8369701987210297e-16,-0.992708874098054,-0.12053668025532357,618877.13,650263.95,605950.835,58.0
43,2011-09-30,555183.72,0,78.97,3.355,208.4757143,10.641,False,2011,39,9,-1.0,-1.8369701987210297e-16,-1.0,-1.8369701987210297e-16,586108.13,657108.77,612084.5975,57.0
43,2011-10-07,642828.62,0,74.17,3.285,208.7872143,10.148,False,2011,40,10,-0.8660254037844386,0.5000000000000001,-0.992708874098054,0.1205366802553232,555183.72,713332.54,602324.3025,56.0
43,2011-10-14,590984.56,0,68.09,3.274,209.0752166,10.148,False,2011,41,10,-0.8660254037844386,0.5000000000000001,-0.9709418174260521,0.23931566428755738,642828.62,699852.68,600749.4,55.0
43,2011-10-21,594625.96,0,70.3,3.353,209.2222327,10.148,False,2011,42,10,-0.8660254037844386,0.5000000000000001,-0.9350162426854148,0.35460488704253557,590984.56,680943.03,593776.2575000001,54.0
43,2011-10-28,572516.57,0,66.82,3.372,209.3692488,10.148,False,2011,43,10,-0.8660254037844386,0.5000000000000001,-0.8854560256532101,0.464723172043768,594625.96,610076.32,595905.7150000001,53.0
43,2011-11-04,641905.37,0,59.08,3.332,209.516265,10.148,False,2011,44,11,-0.5000000000000004,0.8660254037844384,-0.822983865893657,0.5680647467311548,572516.57,605960.2,600238.9275,52.0
43,2011-11-11,615975.5,0,51.26,3.297,209.6632811,10.148,False,2011,45,11,-0.5000000000000004,0.8660254037844384,-0.7485107481711011,0.6631226582407952,641905.37,595421.23,600008.115,51.0
43,2011-11-18,628115.61,0,57.75,3.308,209.8651071,10.148,False,2011,46,11,-0.5000000000000004,0.8660254037844384,-0.6631226582407955,0.7485107481711007,615975.5,589467.35,606255.85,50.0
43,2011-11-25,669965.22,1,55.7,3.236,210.0888571,10.148,False,2011,47,11,-0.5000000000000004,0.8660254037844384,-0.5680647467311559,0.8229838658936564,628115.61,633520.34,614628.2625,49.0
43,2011-12-02,585028.26,0,47.49,3.172,210.3126071,10.148,False,2011,48,12,-2.4492935982947064e-16,1.0,-0.4647231720437684,0.88545602565321,669965.22,557543.62,638990.425,48.0
43,2011-12-09,617898.07,0,34.23,3.158,210.5363571,10.148,False,2011,49,12,-2.4492935982947064e-16,1.0,-0.35460488704253595,0.9350162426854147,585028.26,598679.02,624771.1475,47.0
43,2011-12-16,665007.08,0,43.78,3.159,210.7365392,10.148,False,2011,50,12,-2.4492935982947064e-16,1.0,-0.2393156642875578,0.970941817426052,617898.07,615761.77,625251.79,46.0
43,2011-12-23,676290.46,0,42.63,3.112,210.9052972,10.148,False,2011,51,12,-2.4492935982947064e-16,1.0,-0.12053668025532363,0.992708874098054,665007.08,656637.63,634474.6575,45.0
43,2011-12-30,505405.85,1,41.83,3.129,211.0740553,10.148,True,2011,52,12,-2.4492935982947064e-16,1.0,6.432490598706546e-16,1.0,676290.46,534740.3,636055.9674999999,44.0
43,2012-01-06,670993.01,0,47.59,3.157,211.2428134,9.653,False,2012,1,1,0.49999999999999994,0.8660254037844387,0.12053668025532305,0.992708874098054,505405.85,611796.61,616150.365,43.0
43,2012-01-13,663529.64,0,43.68,3.261,211.4115714,9.653,False,2012,2,1,0.49999999999999994,0.8660254037844387,0.23931566428755774,0.970941817426052,670993.01,614940.07,629424.1,42.0
43,2012-01-20,619225.65,0,52.72,3.268,211.4997811,9.653,False,2012,3,1,0.49999999999999994,0.8660254037844387,0.3546048870425356,0.9350162426854148,663529.64,601004.79,629054.74,41.0
43,2012-01-27,587685.38,0,52.1,3.29,211.5879908,9.653,False,2012,4,1,0.49999999999999994,0.8660254037844387,0.4647231720437685,0.8854560256532099,619225.65,562558.27,614788.5375,40.0
43,2012-02-03,629176.71,0,51.92,3.36,211.6762005,9.653,False,2012,5,2,0.8660254037844386,0.5000000000000001,0.5680647467311558,0.8229838658936564,587685.38,651521.77,635358.42,39.0
43,2012-02-10,662198.65,1,46.54,3.409,211.7644101,9.653,False,2012,6,2,0.8660254037844386,0.5000000000000001,0.6631226582407952,0.7485107481711011,629176.71,635650.98,624904.345,38.0
43,2012-02-17,660632.05,0,49.38,3.51,211.916835,9.653,False,2012,7,2,0.8660254037844386,0.5000000000000001,0.7485107481711011,0.6631226582407953,662198.65,626627.77,624571.5974999999,37.0
43,2012-02-24,613042.97,0,53.53,3.555,212.1174212,9.653,False,2012,8,2,0.8660254037844386,0.5000000000000001,0.8229838658936564,0.5680647467311559,660632.05,592340.01,634923.1975,36.0
43,2012-03-02,693249.98,0,56.43,3.63,212.3180074,9.653,False,2012,9,3,1.0,6.123233995736766e-17,0.8854560256532099,0.4647231720437686,613042.97,616345.25,641262.595,35.0
43,2012-03-09,636677.67,0,54.52,3.669,212.5185936,9.653,False,2012,10,3,1.0,6.123233995736766e-17,0.9350162426854148,0.35460488704253557,693249.98,629026.75,657280.9125000001,34.0
43,2012-03-16,661707.02,0,57.88,3.734,212.6651567,9.653,False,2012,11,3,1.0,6.123233995736766e-17,0.970941817426052,0.23931566428755804,636677.67,635171.05,650900.6675,33.0
43,2012-03-23,610940.94,0,56.28,3.787,212.7396889,9.653,False,2012,12,3,1.0,6.123233995736766e-17,0.992708874098054,0.120536680255323,661707.02,585989.1,651169.41,32.0
43,2012-03-30,623258.4,0,69.88,3.845,212.8142212,9.653,False,2012,13,3,1.0,6.123233995736766e-17,1.0,-1.6081226496766364e-16,610940.94,611585.54,650643.9025,31.0
43,2012-04-06,658468.27,0,64.7,3.891,212.8887535,9.575,False,2012,14,4,0.8660254037844387,-0.4999999999999998,0.992708874098054,-0.12053668025532288,623258.4,650418.75,633146.0075000001,30.0
43,2012-04-13,665687.92,0,70.18,3.891,212.9632857,9.575,False,2012,15,4,0.8660254037844387,-0.4999999999999998,0.9709418174260521,-0.2393156642875575,658468.27,635758.03,638593.6575,29.0
43,2012-04-20,638144.98,0,67.28,3.877,213.0130524,9.575,False,2012,16,4,0.8660254037844387,-0.4999999999999998,0.9350162426854148,-0.35460488704253545,665687.92,638280.67,639588.8825000001,28.0
43,2012-04-27,593138.59,0,78.27,3.814,213.062819,9.575,False,2012,17,4,0.8660254037844387,-0.4999999999999998,0.8854560256532099,-0.4647231720437685,638144.98,611464.21,646389.8925000001,27.0
43,2012-05-04,637964.2,0,77.47,3.749,213.1125857,9.575,False,2012,18,5,0.49999999999999994,-0.8660254037844387,0.8229838658936565,-0.5680647467311557,593138.59,649148.74,638859.94,26.0
43,2012-05-11,640159.04,0,67.59,3.688,213.1623524,9.575,False,2012,19,5,0.49999999999999994,-0.8660254037844387,0.7485107481711013,-0.663122658240795,637964.2,684655.91,633733.9225,25.0
43,2012-05-18,648541.81,0,72.06,3.63,213.1753618,9.575,False,2012,20,5,0.49999999999999994,-0.8660254037844387,0.6631226582407952,-0.7485107481711012,640159.04,648330.18,627351.7025,24.0
43,2012-05-25,597406.39,0,82.41,3.561,213.1736682,9.575,False,2012,21,5,0.49999999999999994,-0.8660254037844387,0.5680647467311558,-0.8229838658936564,648541.81,578209.63,629950.91,23.0
43,2012-06-01,605078.62,0,80.89,3.501,213.1719747,9.575,False,2012,22,6,1.2246467991473532e-16,-1.0,0.46472317204376906,-0.8854560256532096,597406.39,630972.15,631017.86,22.0
43,2012-06-08,643032.51,0,85.73,3.452,213.1702811,9.575,False,2012,23,6,1.2246467991473532e-16,-1.0,0.35460488704253584,-0.9350162426854147,605078.62,643041.71,622796.4650000001,21.0
43,2012-06-15,634815.1,0,87.75,3.393,213.1786952,9.575,False,2012,24,6,1.2246467991473532e-16,-1.0,0.23931566428755768,-0.970941817426052,643032.51,665781.74,623514.8325,20.0
43,2012-06-22,613270.79,0,87.51,3.346,213.2123786,9.575,False,2012,25,6,1.2246467991473532e-16,-1.0,0.12053668025532308,-0.992708874098054,634815.1,604925.08,620083.155,19.0
43,2012-06-29,593128.13,0,89.85,3.286,213.2460619,9.575,False,2012,26,6,1.2246467991473532e-16,-1.0,-3.216245299353273e-16,-1.0,613270.79,586781.78,624049.255,18.0
43,2012-07-06,645618.59,0,82.68,3.227,213.2797452,9.285,False,2012,27,7,-0.4999999999999997,-0.8660254037844388,-0.12053668025532283,-0.992708874098054,593128.13,651147.83,621061.6325000001,17.0
43,2012-07-13,627634.04,0,78.82,3.256,213.3134286,9.285,False,2012,28,7,-0.4999999999999997,-0.8660254037844388,-0.23931566428755743,-0.9709418174260521,645618.59,631827.38,621708.1525,16.0
43,2012-07-20,596554.05,0,83.83,3.311,213.3219124,9.285,False,2012,29,7,-0.4999999999999997,-0.8660254037844388,-0.3546048870425356,-0.9350162426854148,627634.04,597354.39,619912.8875,15.0
43,2012-07-27,572447.52,0,82.01,3.407,213.3303963,9.285,False,2012,30,7,-0.4999999999999997,-0.8660254037844388,-0.46472317204376806,-0.8854560256532101,596554.05,533917.52,615733.7025,14.0
43,2012-08-03,614378.94,0,85.06,3.417,213.3388802,9.285,False,2012,31,8,-0.8660254037844384,-0.5000000000000004,-0.5680647467311556,-0.8229838658936565,572447.52,605956.59,610563.55,13.0
43,2012-08-10,643558.78,0,86.36,3.494,213.3473641,9.285,False,2012,32,8,-0.8660254037844384,-0.5000000000000004,-0.663122658240795,-0.7485107481711013,614378.94,595626.56,602753.6375000001,12.0
43,2012-08-17,640210.85,0,85.66,3.571,213.4226959,9.285,False,2012,33,8,-0.8660254037844384,-0.5000000000000004,-0.7485107481711011,-0.6631226582407952,643558.78,663396.32,606734.8225,11.0
43,2012-08-24,598234.64,0,81.65,3.62,213.5481636,9.285,False,2012,34,8,-0.8660254037844384,-0.5000000000000004,-0.8229838658936564,-0.5680647467311559,640210.85,561573.08,617649.0225,10.0
43,2012-08-31,593141.29,0,81.12,3.638,213.6736313,9.285,False,2012,35,8,-0.8660254037844384,-0.5000000000000004,-0.8854560256532096,-0.4647231720437691,598234.64,594224.9,624095.8025,9.0
43,2012-09-07,663814.18,1,84.99,3.73,213.7990991,9.285,False,2012,36,9,-1.0,-1.8369701987210297e-16,-0.9350162426854147,-0.3546048870425359,593141.29,649128.23,618786.39,8.0
43,2012-09-14,625196.94,0,73.03,3.717,213.9332167,9.285,False,2012,37,9,-1.0,-1.8369701987210297e-16,-0.970941817426052,-0.23931566428755774,663814.18,618877.13,623850.24,7.0
43,2012-09-21,601990.02,0,75.87,3.721,214.1192333,9.285,False,2012,38,9,-1.0,-1.8369701987210297e-16,-0.992708874098054,-0.12053668025532357,625196.94,586108.13,620096.7625,6.0
43,2012-09-28,577792.32,0,77.55,3.666,214.30525,9.285,False,2012,39,9,-1.0,-1.8369701987210297e-16,-1.0,-1.8369701987210297e-16,601990.02,555183.72,621035.6074999999,5.0
43,2012-10-05,642614.89,0,74.09,3.617,214.4912667,8.839,False,2012,40,10,-0.8660254037844386,0.5000000000000001,-0.992708874098054,0.1205366802553232,577792.32,642828.62,617198.365,4.0
43,2012-10-12,619369.72,0,71.14,3.601,214.6772833,8.839,False,2012,41,10,-0.8660254037844386,0.5000000000000001,-0.9709418174260521,0.23931566428755738,642614.89,590984.56,611898.5425,3.0
43,2012-10-19,623919.23,0,71.25,3.594,214.7212488,8.839,False,2012,42,10,-0.8660254037844386,0.5000000000000001,-0.9350162426854148,0.35460488704253557,619369.72,594625.96,610441.7375,2.0
43,2012-10-26,587603.55,0,69.17,3.506,214.7415392,8.839,False,2012,43,10,-0.8660254037844386,0.5000000000000001,-0.8854560256532101,0.464723172043768,623919.23,572516.57,615924.04,1.0
44,2011-02-04,293953.08,0,23.35,2.974,127.7195806,7.224,False,2011,5,2,0.8660254037844386,0.5000000000000001,0.5680647467311558,0.8229838658936564,276011.4,281090.95,283337.235,91.0
44,2011-02-11,307486.73,1,30.83,3.034,127.859129,7.224,False,2011,6,2,0.8660254037844386,0.5000000000000001,0.6631226582407952,0.7485107481711011,293953.08,286857.13,284745.41000000003,90.0
44,2011-02-18,280785.76,0,40.85,3.062,127.99525,7.224,False,2011,7,2,0.8660254037844386,0.5000000000000001,0.7485107481711011,0.6631226582407953,307486.73,267956.3,288402.2525,89.0
44,2011-02-25,279427.93,0,33.17,3.12,128.13,7.224,False,2011,8,2,0.8660254037844386,0.5000000000000001,0.8229838658936564,0.5680647467311559,280785.76,273079.07,289559.2425,88.0
44,2011-03-04,293984.54,0,34.23,3.23,128.26475,7.224,False,2011,9,3,1.0,6.123233995736766e-17,0.8854560256532099,0.4647231720437686,279427.93,284617.27,290413.375,87.0
44,2011-03-11,284496.14,0,41.28,3.346,128.3995,7.224,False,2011,10,3,1.0,6.123233995736766e-17,0.9350162426854148,0.35460488704253557,293984.54,272190.83,290421.24,86.0
44,2011-03-18,281699.68,0,44.69,3.407,128.5121935,7.224,False,2011,11,3,1.0,6.123233995736766e-17,0.970941817426052,0.23931566428755804,284496.14,269624.2,284673.5925,85.0
44,2011-03-25,285031.81,0,42.38,3.435,128.6160645,7.224,False,2011,12,3,1.0,6.123233995736766e-17,0.992708874098054,0.120536680255323,281699.68,276279.49,284902.0725,84.0
44,2011-04-01,281514.26,0,42.49,3.487,128.7199355,6.906,False,2011,13,4,0.8660254037844387,-0.4999999999999998,1.0,-1.6081226496766364e-16,285031.81,286197.5,286303.0425,83.0
44,2011-04-08,292498.61,0,42.75,3.547,128.8238065,6.906,False,2011,14,4,0.8660254037844387,-0.4999999999999998,0.992708874098054,-0.12053668025532288,281514.26,257361.3,283185.47250000003,82.0
44,2011-04-15,289667.55,0,41.72,3.616,128.9107333,6.906,False,2011,15,4,0.8660254037844387,-0.4999999999999998,0.9709418174260521,-0.2393156642875575,292498.61,280048.74,285186.08999999997,81.0
44,2011-04-22,280357.3,0,47.55,3.655,128.9553,6.906,False,2011,16,4,0.8660254037844387,-0.4999999999999998,0.9350162426854148,-0.35460488704253545,289667.55,278287.04,287178.0575,80.0
44,2011-04-29,281247.97,0,43.85,3.683,128.9998667,6.906,False,2011,17,4,0.8660254037844387,-0.4999999999999998,0.8854560256532099,-0.4647231720437685,280357.3,272997.65,286009.43,79.0
44,2011-05-06,299354.67,0,47.75,3.744,129.0444333,6.906,False,2011,18,5,0.49999999999999994,-0.8660254037844387,0.8229838658936565,-0.5680647467311557,281247.97,285379.86,285942.8575,78.0
44,2011-05-13,307095.31,0,52.4,3.77,129.089,6.906,False,2011,19,5,0.49999999999999994,-0.8660254037844387,0.7485107481711013,-0.663122658240795,299354.67,286515.92,287656.8725,77.0
44,2011-05-20,303559.23,0,52.12,3.802,129.0756774,6.906,False,2011,20,5,0.49999999999999994,-0.8660254037844387,0.6631226582407952,-0.7485107481711012,307095.31,267065.35,292013.8125,76.0
44,2011-05-27,308442.49,0,54.62,3.778,129.0623548,6.906,False,2011,21,5,0.49999999999999994,-0.8660254037844387,0.5680647467311558,-0.8229838658936564,303559.23,291891.01,297814.295,75.0
44,2011-06-03,308950.04,0,52.76,3.752,129.0490323,6.906,False,2011,22,6,1.2246467991473532e-16,-1.0,0.46472317204376906,-0.8854560256532096,308442.49,282351.82,304612.925,74.0
44,2011-06-10,308770.42,0,61.39,3.732,129.0357097,6.906,False,2011,23,6,1.2246467991473532e-16,-1.0,0.35460488704253584,-0.9350162426854147,308950.04,296818.2,307011.7675,73.0
44,2011-06-17,300255.87,0,63.35,3.704,129.0432,6.906,False,2011,24,6,1.2246467991473532e-16,-1.0,0.23931566428755768,-0.970941817426052,308770.42,293481.36,307430.545,72.0
44,2011-06-24,296765.59,0,66.38,3.668,129.0663,6.906,False,2011,25,6,1.2246467991473532e-16,-1.0,0.12053668025532308,-0.992708874098054,300255.87,288247.24,306604.70499999996,71.0
44,2011-07-01,315273.08,0,74.29,3.613,129.0894,6.56,False,2011,26,7,-0.4999999999999997,-0.8660254037844388,-3.216245299353273e-16,-1.0,296765.59,300628.19,303685.48,70.0
44,2011-07-08,295339.01,0,77.3,3.563,129.1125,6.56,False,2011,27,7,-0.4999999999999997,-0.8660254037844388,-0.12053668025532283,-0.992708874098054,315273.08,280472.78,305266.24,69.0
44,2011-07-15,289201.21,0,75.59,3.553,129.1338387,6.56,False,2011,28,7,-0.4999999999999997,-0.8660254037844388,-0.23931566428755743,-0.9709418174260521,295339.01,297099.95,301908.3875,68.0
44,2011-07-22,303108.81,0,78.5,3.563,129.1507742,6.56,False,2011,29,7,-0.4999999999999997,-0.8660254037844388,-0.3546048870425356,-0.9350162426854148,289201.21,292680.16,299144.72250000003,67.0
44,2011-07-29,279677.0,0,77.62,3.574,129.1677097,6.56,False,2011,30,7,-0.4999999999999997,-0.8660254037844388,-0.46472317204376806,-0.8854560256532101,303108.81,275020.96,300730.52749999997,66.0
44,2011-08-05,298080.45,0,75.56,3.595,129.1846452,6.56,False,2011,31,8,-0.8660254037844384,-0.5000000000000004,-0.5680647467311556,-0.8229838658936565,279677.0,296804.49,291831.5075,65.0
44,2011-08-12,290399.66,0,75.95,3.606,129.2015806,6.56,False,2011,32,8,-0.8660254037844384,-0.5000000000000004,-0.663122658240795,-0.7485107481711013,298080.45,291028.09,292516.8675,64.0
44,2011-08-19,290909.69,0,76.68,3.578,129.2405806,6.56,False,2011,33,8,-0.8660254037844384,-0.5000000000000004,-0.7485107481711011,-0.6631226582407952,290399.66,284740.5,292816.48,63.0
44,2011-08-26,324174.79,0,81.53,3.57,129.2832581,6.56,False,2011,34,8,-0.8660254037844384,-0.5000000000000004,-0.8229838658936564,-0.5680647467311559,290909.69,293155.08,289766.7,62.0
44,2011-09-02,309543.52,0,77.0,3.58,129.3259355,6.56,False,2011,35,9,-1.0,-1.8369701987210297e-16,-0.8854560256532096,-0.4647231720437691,324174.79,295880.12,300891.14749999996,61.0
44,2011-09-09,295811.25,1,70.19,3.619,129.3686129,6.56,False,2011,36,9,-1.0,-1.8369701987210297e-16,-0.9350162426854147,-0.3546048870425359,309543.52,283455.13,303756.91500000004,60.0
44,2011-09-16,303974.28,0,67.54,3.641,129.4306,6.56,False,2011,37,9,-1.0,-1.8369701987210297e-16,-0.970941817426052,-0.23931566428755774,295811.25,279364.13,305109.8125,59.0
44,2011-09-23,307409.13,0,63.6,3.648,129.5183333,6.56,False,2011,38,9,-1.0,-1.8369701987210297e-16,-0.992708874098054,-0.12053668025532357,303974.28,281313.78,308375.96,58.0
44,2011-09-30,299757.75,0,68.28,3.623,129.6060667,6.56,False,2011,39,9,-1.0,-1.8369701987210297e-16,-1.0,-1.8369701987210297e-16,307409.13,300152.45,304184.54500000004,57.0
44,2011-10-07,312577.36,0,60.62,3.592,129.6938,6.078,False,2011,40,10,-0.8660254037844386,0.5000000000000001,-0.992708874098054,0.1205366802553232,299757.75,279524.44,301738.10250000004,56.0
44,2011-10-14,293031.78,0,51.74,3.567,129.7706452,6.078,False,2011,41,10,-0.8660254037844386,0.5000000000000001,-0.9709418174260521,0.23931566428755738,312577.36,268708.43,305929.63,55.0
44,2011-10-21,305969.81,0,54.66,3.579,129.7821613,6.078,False,2011,42,10,-0.8660254037844386,0.5000000000000001,-0.9350162426854148,0.35460488704253557,293031.78,270110.3,303194.005,54.0
44,2011-10-28,306336.07,0,47.41,3.567,129.7936774,6.078,False,2011,43,10,-0.8660254037844386,0.5000000000000001,-0.8854560256532101,0.464723172043768,305969.81,286497.49,302834.175,53.0
44,2011-11-04,307126.34,0,43.51,3.538,129.8051935,6.078,False,2011,44,11,-0.5000000000000004,0.8660254037844384,-0.822983865893657,0.5680647467311548,306336.07,270516.84,304478.755,52.0
44,2011-11-11,312233.56,0,33.8,3.513,129.8167097,6.078,False,2011,45,11,-0.5000000000000004,0.8660254037844384,-0.7485107481711011,0.6631226582407952,307126.34,281909.79,303116.0,51.0
44,2011-11-18,310531.04,0,40.65,3.489,129.8268333,6.078,False,2011,46,11,-0.5000000000000004,0.8660254037844384,-0.6631226582407955,0.7485107481711007,312233.56,284322.52,307916.445,50.0
44,2011-11-25,309129.01,1,38.89,3.445,129.8364,6.078,False,2011,47,11,-0.5000000000000004,0.8660254037844384,-0.5680647467311559,0.8229838658936564,310531.04,307646.5,309056.7525,49.0
44,2011-12-02,284309.34,0,33.94,3.389,129.8459667,6.078,False,2011,48,12,-2.4492935982947064e-16,1.0,-0.4647231720437684,0.88545602565321,309129.01,264214.12,309754.9875,48.0
44,2011-12-09,304300.91,0,24.82,3.341,129.8555333,6.078,False,2011,49,12,-2.4492935982947064e-16,1.0,-0.35460488704253595,0.9350162426854147,284309.34,278253.28,304050.7375,47.0
44,2011-12-16,311144.16,0,27.85,3.282,129.8980645,6.078,False,2011,50,12,-2.4492935982947064e-16,1.0,-0.2393156642875578,0.970941817426052,304300.91,278646.35,302067.575,46.0
44,2011-12-23,376233.89,0,24.76,3.186,129.9845484,6.078,True,2011,51,12,-2.4492935982947064e-16,1.0,-0.12053668025532363,0.992708874098054,311144.16,365098.24,302220.855,45.0
44,2011-12-30,263917.85,1,31.53,3.119,130.0710323,6.078,False,2011,52,12,-2.4492935982947064e-16,1.0,6.432490598706546e-16,1.0,376233.89,241937.11,318997.07499999995,44.0
44,2012-01-06,325327.93,0,33.8,3.08,130.1575161,5.774,False,2012,1,1,0.49999999999999994,0.8660254037844387,0.12053668025532305,0.992708874098054,263917.85,288320.38,313899.2025,43.0
44,2012-01-13,312361.88,0,25.61,3.056,130.244,5.774,False,2012,2,1,0.49999999999999994,0.8660254037844387,0.23931566428755774,0.970941817426052,325327.93,292859.36,319155.9575,42.0
44,2012-01-20,316948.39,0,32.71,3.047,130.2792258,5.774,False,2012,3,1,0.49999999999999994,0.8660254037844387,0.3546048870425356,0.9350162426854148,312361.88,276157.8,319460.3875,41.0
44,2012-01-27,308295.38,0,34.32,3.058,130.3144516,5.774,False,2012,4,1,0.49999999999999994,0.8660254037844387,0.4647231720437685,0.8854560256532099,316948.39,276011.4,304639.0125,40.0
44,2012-02-03,325986.05,0,31.39,3.077,130.3496774,5.774,False,2012,5,2,0.8660254037844386,0.5000000000000001,0.5680647467311558,0.8229838658936564,308295.38,293953.08,315733.395,39.0
44,2012-02-10,325377.97,1,33.73,3.116,130.3849032,5.774,False,2012,6,2,0.8660254037844386,0.5000000000000001,0.6631226582407952,0.7485107481711011,325986.05,307486.73,315897.92500000005,38.0
44,2012-02-17,320691.21,0,36.57,3.119,130.4546207,5.774,False,2012,7,2,0.8660254037844386,0.5000000000000001,0.7485107481711011,0.6631226582407953,325377.97,280785.76,319151.9475,37.0
44,2012-02-24,315641.8,0,35.38,3.145,130.5502069,5.774,False,2012,8,2,0.8660254037844386,0.5000000000000001,0.8229838658936564,0.5680647467311559,320691.21,279427.93,320087.6525,36.0
44,2012-03-02,316687.22,0,32.36,3.242,130.6457931,5.774,False,2012,9,3,1.0,6.123233995736766e-17,0.8854560256532099,0.4647231720437686,315641.8,293984.54,321924.25749999995,35.0
44,2012-03-09,303438.24,0,38.24,3.38,130.7413793,5.774,False,2012,10,3,1.0,6.123233995736766e-17,0.9350162426854148,0.35460488704253557,316687.22,284496.14,319599.55,34.0
44,2012-03-16,331965.95,0,52.5,3.529,130.8261935,5.774,False,2012,11,3,1.0,6.123233995736766e-17,0.970941817426052,0.23931566428755804,303438.24,281699.68,314114.6175,33.0
44,2012-03-23,296947.06,0,47.83,3.671,130.8966452,5.774,False,2012,12,3,1.0,6.123233995736766e-17,0.992708874098054,0.120536680255323,331965.95,285031.81,316933.3025,32.0
44,2012-03-30,310027.29,0,53.2,3.734,130.9670968,5.774,False,2012,13,3,1.0,6.123233995736766e-17,1.0,-1.6081226496766364e-16,296947.06,281514.26,312259.6175,31.0
44,2012-04-06,320021.1,0,48.85,3.793,131.0375484,5.621,False,2012,14,4,0.8660254037844387,-0.4999999999999998,0.992708874098054,-0.12053668025532288,310027.29,292498.61,310594.635,30.0
44,2012-04-13,311390.22,0,51.7,3.833,131.108,5.621,False,2012,15,4,0.8660254037844387,-0.4999999999999998,0.9709418174260521,-0.2393156642875575,320021.1,289667.55,314740.35,29.0
44,2012-04-20,323233.8,0,50.24,3.845,131.1173333,5.621,False,2012,16,4,0.8660254037844387,-0.4999999999999998,0.9350162426854148,-0.35460488704253545,311390.22,280357.3,309596.4175,28.0
44,2012-04-27,330338.36,0,64.8,3.842,131.1266667,5.621,False,2012,17,4,0.8660254037844387,-0.4999999999999998,0.8854560256532099,-0.4647231720437685,323233.8,281247.97,316168.1025,27.0
44,2012-05-04,326053.28,0,54.41,3.831,131.136,5.621,False,2012,18,5,0.49999999999999994,-0.8660254037844387,0.8229838658936565,-0.5680647467311557,330338.36,299354.67,321245.87,26.0
44,2012-05-11,341381.08,0,56.47,3.809,131.1453333,5.621,False,2012,19,5,0.49999999999999994,-0.8660254037844387,0.7485107481711013,-0.663122658240795,326053.28,307095.31,322753.91500000004,25.0
44,2012-05-18,334042.43,0,65.17,3.808,131.0983226,5.621,False,2012,20,5,0.49999999999999994,-0.8660254037844387,0.6631226582407952,-0.7485107481711012,341381.08,303559.23,330251.63,24.0
44,2012-05-25,343268.29,0,62.39,3.801,131.0287742,5.621,False,2012,21,5,0.49999999999999994,-0.8660254037844387,0.5680647467311558,-0.8229838658936564,334042.43,308442.49,332953.7875,23.0
44,2012-06-01,323410.94,0,61.11,3.788,130.9592258,5.621,False,2012,22,6,1.2246467991473532e-16,-1.0,0.46472317204376906,-0.8854560256532096,343268.29,308950.04,336186.27,22.0
44,2012-06-08,340238.38,0,68.4,3.776,130.8896774,5.621,False,2012,23,6,1.2246467991473532e-16,-1.0,0.35460488704253584,-0.9350162426854147,323410.94,308770.42,335525.685,21.0
44,2012-06-15,338400.82,0,65.97,3.756,130.8295333,5.621,False,2012,24,6,1.2246467991473532e-16,-1.0,0.23931566428755768,-0.970941817426052,340238.38,300255.87,335240.01,20.0
44,2012-06-22,336241.0,0,72.89,3.737,130.7929,5.621,False,2012,25,6,1.2246467991473532e-16,-1.0,0.12053668025532308,-0.992708874098054,338400.82,296765.59,336329.6075,19.0
44,2012-06-29,338386.08,0,82.0,3.681,130.7562667,5.621,False,2012,26,6,1.2246467991473532e-16,-1.0,-3.216245299353273e-16,-1.0,336241.0,315273.08,334572.785,18.0
44,2012-07-06,358461.58,0,79.23,3.63,130.7196333,5.407,False,2012,27,7,-0.4999999999999997,-0.8660254037844388,-0.12053668025532283,-0.992708874098054,338386.08,295339.01,338316.57,17.0
44,2012-07-13,336479.49,0,83.68,3.595,130.683,5.407,False,2012,28,7,-0.4999999999999997,-0.8660254037844388,-0.23931566428755743,-0.9709418174260521,358461.58,289201.21,342872.37,16.0
44,2012-07-20,337819.16,0,75.69,3.556,130.7012903,5.407,False,2012,29,7,-0.4999999999999997,-0.8660254037844388,-0.3546048870425356,-0.9350162426854148,336479.49,303108.81,342392.0375,15.0
44,2012-07-27,319855.26,0,80.42,3.537,130.7195806,5.407,False,2012,30,7,-0.4999999999999997,-0.8660254037844388,-0.46472317204376806,-0.8854560256532101,337819.16,279677.0,342786.5775,14.0
44,2012-08-03,342385.38,0,81.99,3.512,130.737871,5.407,False,2012,31,8,-0.8660254037844384,-0.5000000000000004,-0.5680647467311556,-0.8229838658936565,319855.26,298080.45,338153.8725,13.0
44,2012-08-10,333594.81,0,81.69,3.509,130.7561613,5.407,False,2012,32,8,-0.8660254037844384,-0.5000000000000004,-0.663122658240795,-0.7485107481711013,342385.38,290399.66,334134.8225,12.0
44,2012-08-17,327389.51,0,79.4,3.545,130.7909677,5.407,False,2012,33,8,-0.8660254037844384,-0.5000000000000004,-0.7485107481711011,-0.6631226582407952,333594.81,290909.69,333413.65249999997,11.0
44,2012-08-24,337985.74,0,77.37,3.582,130.8381613,5.407,False,2012,34,8,-0.8660254037844384,-0.5000000000000004,-0.8229838658936564,-0.5680647467311559,327389.51,324174.79,330806.24,10.0
44,2012-08-31,339490.69,0,79.18,3.624,130.8853548,5.407,False,2012,35,8,-0.8660254037844384,-0.5000000000000004,-0.8854560256532096,-0.4647231720437691,337985.74,309543.52,335338.86,9.0
44,2012-09-07,338737.33,1,70.65,3.689,130.9325484,5.407,False,2012,36,9,-1.0,-1.8369701987210297e-16,-0.9350162426854147,-0.3546048870425359,339490.69,295811.25,334615.1875,8.0
44,2012-09-14,347726.67,0,68.55,3.749,130.9776667,5.407,False,2012,37,9,-1.0,-1.8369701987210297e-16,-0.970941817426052,-0.23931566428755774,338737.33,303974.28,335900.8175,7.0
44,2012-09-21,336017.6,0,67.96,3.821,131.0103333,5.407,False,2012,38,9,-1.0,-1.8369701987210297e-16,-0.992708874098054,-0.12053668025532357,347726.67,307409.13,340985.1075,6.0
44,2012-09-28,355307.94,0,64.8,3.821,131.043,5.407,False,2012,39,9,-1.0,-1.8369701987210297e-16,-1.0,-1.8369701987210297e-16,336017.6,299757.75,340493.0725,5.0
44,2012-10-05,337390.44,0,61.79,3.815,131.0756667,5.217,False,2012,40,10,-0.8660254037844386,0.5000000000000001,-0.992708874098054,0.1205366802553232,355307.94,312577.36,344447.385,4.0
44,2012-10-12,337796.13,0,55.1,3.797,131.1083333,5.217,False,2012,41,10,-0.8660254037844386,0.5000000000000001,-0.9709418174260521,0.23931566428755738,337390.44,293031.78,344110.6625,3.0
44,2012-10-19,323766.77,0,52.06,3.781,131.1499677,5.217,False,2012,42,10,-0.8660254037844386,0.5000000000000001,-0.9350162426854148,0.35460488704253557,337796.13,305969.81,341628.02749999997,2.0
44,2012-10-26,361067.07,0,46.97,3.755,131.1930968,5.217,False,2012,43,10,-0.8660254037844386,0.5000000000000001,-0.8854560256532101,0.464723172043768,323766.77,306336.07,338565.32,1.0
45,2011-02-04,759442.33,0,28.73,3.231,183.4408542,8.549,False,2011,5,2,0.8660254037844386,0.5000000000000001,0.5680647467311558,0.8229838658936564,617207.58,890689.51,648941.5525,91.0
45,2011-02-11,766456.0,1,30.3,3.239,183.7016129,8.549,False,2011,6,2,0.8660254037844386,0.5000000000000001,0.6631226582407952,0.7485107481711011,759442.33,656988.64,668738.5474999999,90.0
45,2011-02-18,802253.41,0,40.7,3.245,183.9371353,8.549,False,2011,7,2,0.8660254037844386,0.5000000000000001,0.7485107481711011,0.6631226582407953,766456.0,841264.04,696847.81,89.0
45,2011-02-25,733716.78,0,35.78,3.274,184.1625632,8.549,False,2011,8,2,0.8660254037844386,0.5000000000000001,0.8229838658936564,0.5680647467311559,802253.41,741891.65,736339.83,88.0
45,2011-03-04,761880.36,0,38.65,3.433,184.3879911,8.549,False,2011,9,3,1.0,6.123233995736766e-17,0.8854560256532099,0.4647231720437686,733716.78,777951.22,765467.13,87.0
45,2011-03-11,714014.73,0,45.01,3.582,184.613419,8.549,False,2011,10,3,1.0,6.123233995736766e-17,0.9350162426854148,0.35460488704253557,761880.36,765687.42,766076.6375000001,86.0
45,2011-03-18,733564.77,0,46.66,3.631,184.809719,8.549,False,2011,11,3,1.0,6.123233995736766e-17,0.970941817426052,0.23931566428755804,714014.73,773819.49,752966.32,85.0
45,2011-03-25,719737.25,0,41.76,3.625,184.9943679,8.549,False,2011,12,3,1.0,6.123233995736766e-17,0.992708874098054,0.120536680255323,733564.77,782563.38,735794.16,84.0
45,2011-04-01,712425.76,0,37.27,3.638,185.1790167,8.521,False,2011,13,4,0.8660254037844387,-0.4999999999999998,1.0,-1.6081226496766364e-16,719737.25,877235.96,732299.2775,83.0
45,2011-04-08,750182.71,0,48.71,3.72,185.3636656,8.521,False,2011,14,4,0.8660254037844387,-0.4999999999999998,0.992708874098054,-0.12053668025532288,712425.76,833782.7,719935.6275,82.0
45,2011-04-15,765270.02,0,53.69,3.821,185.5339821,8.521,False,2011,15,4,0.8660254037844387,-0.4999999999999998,0.9709418174260521,-0.2393156642875575,750182.71,782221.96,728977.6225,81.0
45,2011-04-22,813630.44,0,53.04,3.892,185.6684673,8.521,False,2011,16,4,0.8660254037844387,-0.4999999999999998,0.9350162426854148,-0.35460488704253545,765270.02,749779.1,736903.935,80.0
45,2011-04-29,786561.61,0,66.18,3.962,185.8029526,8.521,False,2011,17,4,0.8660254037844387,-0.4999999999999998,0.8854560256532099,-0.4647231720437685,813630.44,737265.57,760377.2324999999,79.0
45,2011-05-06,810150.64,0,58.21,4.046,185.9374378,8.521,False,2011,18,5,0.49999999999999994,-0.8660254037844387,0.8229838658936565,-0.5680647467311557,786561.61,812190.76,778911.1950000001,78.0
45,2011-05-13,793889.1,0,60.38,4.066,186.0719231,8.521,False,2011,19,5,0.49999999999999994,-0.8660254037844387,0.7485107481711013,-0.663122658240795,810150.64,758182.2,793903.1775,77.0
45,2011-05-20,727163.67,0,62.28,4.062,185.9661154,8.521,False,2011,20,5,0.49999999999999994,-0.8660254037844387,0.6631226582407952,-0.7485107481711012,793889.1,747888.25,801057.9474999999,76.0
45,2011-05-27,817653.25,0,69.7,3.985,185.8603077,8.521,False,2011,21,5,0.49999999999999994,-0.8660254037844387,0.5680647467311558,-0.8229838658936564,727163.67,801098.43,779441.2549999999,75.0
45,2011-06-03,877423.45,0,76.38,3.922,185.7545,8.521,False,2011,22,6,1.2246467991473532e-16,-1.0,0.46472317204376906,-0.8854560256532096,817653.25,837548.62,787214.165,74.0
45,2011-06-10,814395.17,0,73.88,3.881,185.6486923,8.521,False,2011,23,6,1.2246467991473532e-16,-1.0,0.35460488704253584,-0.9350162426854147,877423.45,794698.77,804032.3675,73.0
45,2011-06-17,811153.67,0,69.32,3.842,185.6719333,8.521,False,2011,24,6,1.2246467991473532e-16,-1.0,0.23931566428755768,-0.970941817426052,814395.17,815130.5,809158.885,72.0
45,2011-06-24,762861.78,0,74.85,3.804,185.7919609,8.521,False,2011,25,6,1.2246467991473532e-16,-1.0,0.12053668025532308,-0.992708874098054,811153.67,792299.15,830156.385,71.0
45,2011-07-01,791495.25,0,74.04,3.748,185.9119885,8.625,False,2011,26,7,-0.4999999999999997,-0.8660254037844388,-3.216245299353273e-16,-1.0,762861.78,800147.84,816458.5175000001,70.0
45,2011-07-08,768718.11,0,77.49,3.711,186.032016,8.625,False,2011,27,7,-0.4999999999999997,-0.8660254037844388,-0.12053668025532283,-0.992708874098054,791495.25,787062.0,794976.4675,69.0
45,2011-07-15,748435.2,0,78.47,3.76,186.1399808,8.625,False,2011,28,7,-0.4999999999999997,-0.8660254037844388,-0.23931566428755743,-0.9709418174260521,768718.11,723708.99,783557.2025,68.0
45,2011-07-22,741625.25,0,82.33,3.811,186.2177885,8.625,False,2011,29,7,-0.4999999999999997,-0.8660254037844388,-0.3546048870425356,-0.9350162426854148,748435.2,714601.11,767877.585,67.0
45,2011-07-29,704680.97,0,81.31,3.829,186.2955962,8.625,False,2011,30,7,-0.4999999999999997,-0.8660254037844388,-0.46472317204376806,-0.8854560256532101,741625.25,716859.27,762568.4525,66.0
45,2011-08-05,765996.92,0,78.22,3.842,186.3734038,8.625,False,2011,31,8,-0.8660254037844384,-0.5000000000000004,-0.5680647467311556,-0.8229838658936565,704680.97,746517.32,740864.8825,65.0
45,2011-08-12,724180.89,0,77.0,3.812,186.4512115,8.625,False,2011,32,8,-0.8660254037844384,-0.5000000000000004,-0.663122658240795,-0.7485107481711013,765996.92,722262.21,740184.585,64.0
45,2011-08-19,712362.72,0,72.98,3.747,186.5093071,8.625,False,2011,33,8,-0.8660254037844384,-0.5000000000000004,-0.7485107481711011,-0.6631226582407952,724180.89,708568.29,734121.0075,63.0
45,2011-08-26,833979.01,0,72.55,3.704,186.5641172,8.625,False,2011,34,8,-0.8660254037844384,-0.5000000000000004,-0.8229838658936564,-0.5680647467311559,712362.72,721744.33,726805.375,62.0
45,2011-09-02,726482.39,0,70.63,3.703,186.6189274,8.625,False,2011,35,9,-1.0,-1.8369701987210297e-16,-0.8854560256532096,-0.4647231720437691,833979.01,790144.7,759129.885,61.0
45,2011-09-09,746129.56,1,71.48,3.738,186.6737376,8.625,False,2011,36,9,-1.0,-1.8369701987210297e-16,-0.9350162426854147,-0.3546048870425359,726482.39,721460.22,749251.2525000001,60.0
45,2011-09-16,711367.56,0,69.17,3.742,186.8024,8.625,False,2011,37,9,-1.0,-1.8369701987210297e-16,-0.970941817426052,-0.23931566428755774,746129.56,716987.58,754738.42,59.0
45,2011-09-23,714106.42,0,63.75,3.711,187.0295321,8.625,False,2011,38,9,-1.0,-1.8369701987210297e-16,-0.992708874098054,-0.12053668025532357,711367.56,678228.58,754489.63,58.0
45,2011-09-30,698986.34,0,70.66,3.645,187.2566641,8.625,False,2011,39,9,-1.0,-1.8369701987210297e-16,-1.0,-1.8369701987210297e-16,714106.42,690007.76,724521.4825,57.0
45,2011-10-07,753447.05,0,55.82,3.583,187.4837962,8.523,False,2011,40,10,-0.8660254037844386,0.5000000000000001,-0.992708874098054,0.1205366802553232,698986.34,745782.1,717647.47,56.0
45,2011-10-14,720946.99,0,63.82,3.541,187.6917481,8.523,False,2011,41,10,-0.8660254037844386,0.5000000000000001,-0.9709418174260521,0.23931566428755738,753447.05,715263.3,719476.8425,55.0
45,2011-10-21,771686.4,0,59.6,3.57,187.7846197,8.523,False,2011,42,10,-0.8660254037844386,0.5000000000000001,-0.9350162426854148,0.35460488704253557,720946.99,730899.37,721871.7,54.0
45,2011-10-28,781694.57,0,51.78,3.569,187.8774913,8.523,False,2011,43,10,-0.8660254037844386,0.5000000000000001,-0.8854560256532101,0.464723172043768,771686.4,732859.76,736266.6950000001,53.0
45,2011-11-04,833429.22,0,43.92,3.551,187.9703629,8.523,False,2011,44,11,-0.5000000000000004,0.8660254037844384,-0.822983865893657,0.5680647467311548,781694.57,764014.06,756943.7525000001,52.0
45,2011-11-11,808624.82,0,47.65,3.53,188.0632345,8.523,False,2011,45,11,-0.5000000000000004,0.8660254037844384,-0.7485107481711011,0.6631226582407952,833429.22,765648.93,776939.2949999999,51.0
45,2011-11-18,773603.77,0,51.34,3.53,188.1983654,8.523,False,2011,46,11,-0.5000000000000004,0.8660254037844384,-0.6631226582407955,0.7485107481711007,808624.82,723987.85,798858.7525,50.0
45,2011-11-25,1170672.94,1,48.71,3.492,188.3504,8.523,True,2011,47,11,-0.5000000000000004,0.8660254037844384,-0.5680647467311559,0.8229838658936564,773603.77,1182500.16,799338.095,49.0
45,2011-12-02,875699.81,0,50.19,3.452,188.5024346,8.523,False,2011,48,12,-2.4492935982947064e-16,1.0,-0.4647231720437684,0.88545602565321,1170672.94,879244.9,896582.6875,48.0
45,2011-12-09,957155.31,0,46.57,3.415,188.6544692,8.523,True,2011,49,12,-2.4492935982947064e-16,1.0,-0.35460488704253595,0.9350162426854147,875699.81,1002364.34,907150.3350000001,47.0
45,2011-12-16,1078905.68,0,39.93,3.413,188.7979349,8.523,True,2011,50,12,-2.4492935982947064e-16,1.0,-0.2393156642875578,0.970941817426052,957155.31,1123282.85,944282.9575,46.0
45,2011-12-23,1521957.99,0,42.27,3.389,188.9299752,8.523,True,2011,51,12,-2.4492935982947064e-16,1.0,-0.12053668025532363,0.992708874098054,1078905.68,1682862.03,1020608.435,45.0
45,2011-12-30,869403.63,1,37.79,3.389,189.0620155,8.523,False,2011,52,12,-2.4492935982947064e-16,1.0,6.432490598706546e-16,1.0,1521957.99,679156.2,1108429.6975,44.0
45,2012-01-06,714081.05,0,35.88,3.422,189.1940558,8.424,False,2012,1,1,0.49999999999999994,0.8660254037844387,0.12053668025532305,0.992708874098054,869403.63,680254.35,1106855.6525,43.0
45,2012-01-13,676615.53,0,41.18,3.513,189.3260962,8.424,False,2012,2,1,0.49999999999999994,0.8660254037844387,0.23931566428755774,0.970941817426052,714081.05,654018.95,1046087.0875,42.0
45,2012-01-20,700392.21,0,31.85,3.533,189.4214733,8.424,False,2012,3,1,0.49999999999999994,0.8660254037844387,0.3546048870425356,0.9350162426854148,676615.53,644285.33,945514.5499999999,41.0
45,2012-01-27,624081.64,0,37.93,3.567,189.5168505,8.424,False,2012,4,1,0.49999999999999994,0.8660254037844387,0.4647231720437685,0.8854560256532099,700392.21,617207.58,740123.105,40.0
45,2012-02-03,757330.95,0,42.96,3.617,189.6122277,8.424,False,2012,5,2,0.8660254037844386,0.5000000000000001,0.5680647467311558,0.8229838658936564,624081.64,759442.33,678792.6075,39.0
45,2012-02-10,803657.12,1,37.0,3.64,189.7076048,8.424,False,2012,6,2,0.8660254037844386,0.5000000000000001,0.6631226582407952,0.7485107481711011,757330.95,766456.0,689605.0825,38.0
45,2012-02-17,858853.75,0,36.85,3.695,189.8424834,8.424,False,2012,7,2,0.8660254037844386,0.5000000000000001,0.7485107481711011,0.6631226582407953,803657.12,802253.41,721365.48,37.0
45,2012-02-24,753060.78,0,42.86,3.739,190.0069881,8.424,False,2012,8,2,0.8660254037844386,0.5000000000000001,0.8229838658936564,0.5680647467311559,858853.75,733716.78,760980.865,36.0
45,2012-03-02,782796.01,0,41.55,3.816,190.1714927,8.424,False,2012,9,3,1.0,6.123233995736766e-17,0.8854560256532099,0.4647231720437686,753060.78,761880.36,793225.65,35.0
45,2012-03-09,776968.87,0,45.52,3.848,190.3359973,8.424,False,2012,10,3,1.0,6.123233995736766e-17,0.9350162426854148,0.35460488704253557,782796.01,714014.73,799591.915,34.0
45,2012-03-16,788340.23,0,50.56,3.862,190.4618964,8.424,False,2012,11,3,1.0,6.123233995736766e-17,0.970941817426052,0.23931566428755804,776968.87,733564.77,792919.8525,33.0
45,2012-03-23,791835.37,0,59.45,3.9,190.5363213,8.424,False,2012,12,3,1.0,6.123233995736766e-17,0.992708874098054,0.120536680255323,788340.23,719737.25,775291.4725,32.0
45,2012-03-30,777254.06,0,50.04,3.953,190.6107463,8.424,False,2012,13,3,1.0,6.123233995736766e-17,1.0,-1.6081226496766364e-16,791835.37,712425.76,784985.12,31.0
45,2012-04-06,899479.43,0,49.73,3.996,190.6851712,8.567,False,2012,14,4,0.8660254037844387,-0.4999999999999998,0.992708874098054,-0.12053668025532288,777254.06,750182.71,783599.6325000001,30.0
45,2012-04-13,781970.6,0,51.83,4.044,190.7595962,8.567,False,2012,15,4,0.8660254037844387,-0.4999999999999998,0.9709418174260521,-0.2393156642875575,899479.43,765270.02,814227.2725,29.0
45,2012-04-20,776661.74,0,63.13,4.027,190.8138013,8.567,False,2012,16,4,0.8660254037844387,-0.4999999999999998,0.9350162426854148,-0.35460488704253545,781970.6,813630.44,812634.865,28.0
45,2012-04-27,711571.88,0,53.2,4.004,190.8680064,8.567,False,2012,17,4,0.8660254037844387,-0.4999999999999998,0.8854560256532099,-0.4647231720437685,776661.74,786561.61,808841.4575,27.0
45,2012-05-04,782300.68,0,55.21,3.951,190.9222115,8.567,False,2012,18,5,0.49999999999999994,-0.8660254037844387,0.8229838658936565,-0.5680647467311557,711571.88,810150.64,792420.9125,26.0
45,2012-05-11,770487.37,0,61.24,3.889,190.9764167,8.567,False,2012,19,5,0.49999999999999994,-0.8660254037844387,0.7485107481711013,-0.663122658240795,782300.68,793889.1,763126.225,25.0
45,2012-05-18,800842.28,0,66.3,3.848,190.9964479,8.567,False,2012,20,5,0.49999999999999994,-0.8660254037844387,0.6631226582407952,-0.7485107481711012,770487.37,727163.67,760255.4175,24.0
45,2012-05-25,817741.17,0,67.21,3.798,191.0028096,8.567,False,2012,21,5,0.49999999999999994,-0.8660254037844387,0.5680647467311558,-0.8229838658936564,800842.28,817653.25,766300.5525,23.0
45,2012-06-01,837144.63,0,74.48,3.742,191.0091712,8.567,False,2012,22,6,1.2246467991473532e-16,-1.0,0.46472317204376906,-0.8854560256532096,817741.17,877423.45,792842.875,22.0
45,2012-06-08,795133.0,0,64.3,3.689,191.0155329,8.567,False,2012,23,6,1.2246467991473532e-16,-1.0,0.35460488704253584,-0.9350162426854147,837144.63,814395.17,806553.8625,21.0
45,2012-06-15,821498.18,0,71.93,3.62,191.0299731,8.567,False,2012,24,6,1.2246467991473532e-16,-1.0,0.23931566428755768,-0.970941817426052,795133.0,811153.67,812715.27,20.0
45,2012-06-22,822569.16,0,74.22,3.564,191.0646096,8.567,False,2012,25,6,1.2246467991473532e-16,-1.0,0.12053668025532308,-0.992708874098054,821498.18,762861.78,817879.245,19.0
45,2012-06-29,773367.71,0,75.22,3.506,191.0992462,8.567,False,2012,26,6,1.2246467991473532e-16,-1.0,-3.216245299353273e-16,-1.0,822569.16,791495.25,819086.2425,18.0
45,2012-07-06,843361.1,0,82.99,3.475,191.1338827,8.684,False,2012,27,7,-0.4999999999999997,-0.8660254037844388,-0.12053668025532283,-0.992708874098054,773367.71,768718.11,803142.0125,17.0
45,2012-07-13,749817.08,0,79.97,3.523,191.1685192,8.684,False,2012,28,7,-0.4999999999999997,-0.8660254037844388,-0.23931566428755743,-0.9709418174260521,843361.1,748435.2,815199.0375,16.0
45,2012-07-20,737613.65,0,78.89,3.567,191.1670428,8.684,False,2012,29,7,-0.4999999999999997,-0.8660254037844388,-0.3546048870425356,-0.9350162426854148,749817.08,741625.25,797278.7625,15.0
45,2012-07-27,711671.58,0,77.2,3.647,191.1655664,8.684,False,2012,30,7,-0.4999999999999997,-0.8660254037844388,-0.46472317204376806,-0.8854560256532101,737613.65,704680.97,776039.885,14.0
45,2012-08-03,725729.51,0,76.58,3.654,191.16409,8.684,False,2012,31,8,-0.8660254037844384,-0.5000000000000004,-0.5680647467311556,-0.8229838658936565,711671.58,765996.92,760615.8525,13.0
45,2012-08-10,733037.32,0,78.65,3.722,191.1626135,8.684,False,2012,32,8,-0.8660254037844384,-0.5000000000000004,-0.663122658240795,-0.7485107481711013,725729.51,724180.89,731207.955,12.0
45,2012-08-17,722496.93,0,75.71,3.807,191.2284919,8.684,False,2012,33,8,-0.8660254037844384,-0.5000000000000004,-0.7485107481711011,-0.6631226582407952,733037.32,712362.72,727013.015,11.0
45,2012-08-24,718232.26,0,72.62,3.834,191.3448865,8.684,False,2012,34,8,-0.8660254037844384,-0.5000000000000004,-0.8229838658936564,-0.5680647467311559,722496.93,833979.01,723233.835,10.0
45,2012-08-31,734297.87,0,75.09,3.867,191.461281,8.684,False,2012,35,8,-0.8660254037844384,-0.5000000000000004,-0.8854560256532096,-0.4647231720437691,718232.26,726482.39,724874.0049999999,9.0
45,2012-09-07,766512.66,1,75.7,3.911,191.5776756,8.684,False,2012,36,9,-1.0,-1.8369701987210297e-16,-0.9350162426854147,-0.3546048870425359,734297.87,746129.56,727016.095,8.0
45,2012-09-14,702238.27,0,67.87,3.948,191.69985,8.684,False,2012,37,9,-1.0,-1.8369701987210297e-16,-0.970941817426052,-0.23931566428755774,766512.66,711367.56,735384.93,7.0
45,2012-09-21,723086.2,0,65.32,4.038,191.8567038,8.684,False,2012,38,9,-1.0,-1.8369701987210297e-16,-0.992708874098054,-0.12053668025532357,702238.27,714106.42,730320.265,6.0
45,2012-09-28,713173.95,0,64.88,3.997,192.0135577,8.684,False,2012,39,9,-1.0,-1.8369701987210297e-16,-1.0,-1.8369701987210297e-16,723086.2,698986.34,731533.75,5.0
45,2012-10-05,733455.07,0,64.89,3.985,192.1704115,8.667,False,2012,40,10,-0.8660254037844386,0.5000000000000001,-0.992708874098054,0.1205366802553232,713173.95,753447.05,726252.77,4.0
45,2012-10-12,734464.36,0,54.47,4.0,192.3272654,8.667,False,2012,41,10,-0.8660254037844386,0.5000000000000001,-0.9709418174260521,0.23931566428755738,733455.07,720946.99,717988.3724999999,3.0
45,2012-10-19,718125.53,0,56.47,3.969,192.3308542,8.667,False,2012,42,10,-0.8660254037844386,0.5000000000000001,-0.9350162426854148,0.35460488704253557,734464.36,771686.4,726044.895,2.0
45,2012-10-26,760281.43,0,58.85,3.882,192.3088989,8.667,False,2012,43,10,-0.8660254037844386,0.5000000000000001,-0.8854560256532101,0.464723172043768,718125.53,781694.57,724804.7274999999,1.0
